{"image": "323daa9e-eea9-11ee-af56-a6cd0eba30f1.jpg", "bboxes": [0.11715762273901797, 0.0, 0.894935400516796, 0.8844961240310077], "class": 1}