{"image": "323daa9e-eea9-11ee-af56-a6cd0eba30f1.jpg", "bboxes": [0.37395348837209286, 0.48883720930232555, 1.0, 1.0], "class": 1}