{"image": "323daa9e-eea9-11ee-af56-a6cd0eba30f1.jpg", "bboxes": [0.1739534883720929, 0.11550387596899225, 0.9517312661498709, 1.0], "class": 1}