{"image": "323daa9e-eea9-11ee-af56-a6cd0eba30f1.jpg", "bboxes": [0.39493540051679576, 0.0, 1.0, 0.9689405684754522], "class": 1}