{"image": "323daa9e-eea9-11ee-af56-a6cd0eba30f1.jpg", "bboxes": [0.3482687338501291, 0.0, 1.0, 0.9976227390180878], "class": 1}