{"image": "323daa9e-eea9-11ee-af56-a6cd0eba30f1.jpg", "bboxes": [0.0, 0.18439276485788114, 0.3361757105943154, 1.0], "class": 1}