{"image": "323daa9e-eea9-11ee-af56-a6cd0eba30f1.jpg", "bboxes": [0.9216020671834624, 0.32439276485788116, 1.0, 1.0], "class": 1}