{"image": "323daa9e-eea9-11ee-af56-a6cd0eba30f1.jpg", "bboxes": [0.865064599483204, 0.0, 1.0, 0.757829457364341], "class": 1}