{"image": "323daa9e-eea9-11ee-af56-a6cd0eba30f1.jpg", "bboxes": [0.0, 0.3021705426356589, 0.554935400516796, 1.0], "class": 1}