{"image": "323daa9e-eea9-11ee-af56-a6cd0eba30f1.jpg", "bboxes": [0.8339534883720929, 0.006821705426356644, 1.0, 1.0], "class": 1}