{"image": "323daa9e-eea9-11ee-af56-a6cd0eba30f1.jpg", "bboxes": [0.0, 0.37550387596899226, 0.28950904392764865, 1.0], "class": 1}