{"image": "323daa9e-eea9-11ee-af56-a6cd0eba30f1.jpg", "bboxes": [0.7682687338501291, 0.2266149870801034, 1.0, 1.0], "class": 1}