{"image": "323daa9e-eea9-11ee-af56-a6cd0eba30f1.jpg", "bboxes": [0.5472868217054262, 0.23105943152454778, 1.0, 1.0], "class": 1}