{"image": "323daa9e-eea9-11ee-af56-a6cd0eba30f1.jpg", "bboxes": [0.05271317829457353, 0.004392764857881204, 0.8304909560723516, 1.0], "class": 1}