{"image": "323daa9e-eea9-11ee-af56-a6cd0eba30f1.jpg", "bboxes": [0.4472868217054262, 0.17328165374677007, 1.0, 1.0], "class": 1}