{"image": "323daa9e-eea9-11ee-af56-a6cd0eba30f1.jpg", "bboxes": [0.09617571059431507, 0.17105943152454783, 0.8739534883720932, 1.0], "class": 1}