{"image": "323daa9e-eea9-11ee-af56-a6cd0eba30f1.jpg", "bboxes": [0.0, 0.0021705426356589674, 0.6072868217054265, 1.0], "class": 1}