{"image": "323daa9e-eea9-11ee-af56-a6cd0eba30f1.jpg", "bboxes": [0.6295090439276485, 0.2688372093023256, 1.0, 1.0], "class": 1}