{"image": "323daa9e-eea9-11ee-af56-a6cd0eba30f1.jpg", "bboxes": [0.0, 0.4155038759689923, 0.7571576227390182, 1.0], "class": 1}