{"image": "323daa9e-eea9-11ee-af56-a6cd0eba30f1.jpg", "bboxes": [0.014935400516795753, 0.45105943152454786, 0.7927131782945738, 1.0], "class": 1}