{"image": "323daa9e-eea9-11ee-af56-a6cd0eba30f1.jpg", "bboxes": [0.8793798449612402, 0.0, 1.0, 0.9778294573643411], "class": 1}