{"image": "323daa9e-eea9-11ee-af56-a6cd0eba30f1.jpg", "bboxes": [0.046046511627906864, 0.0, 0.8238242894056849, 0.50671834625323], "class": 1}