{"image": "323daa9e-eea9-11ee-af56-a6cd0eba30f1.jpg", "bboxes": [0.8193798449612402, 0.0, 1.0, 0.9667183462532299], "class": 1}