{"image": "323daa9e-eea9-11ee-af56-a6cd0eba30f1.jpg", "bboxes": [0.0, 0.03126614987080109, 0.4450645994832042, 1.0], "class": 1}