{"image": "323daa9e-eea9-11ee-af56-a6cd0eba30f1.jpg", "bboxes": [0.13715762273901796, 0.0, 0.914935400516796, 0.7489405684754522], "class": 1}