{"image": "323daa9e-eea9-11ee-af56-a6cd0eba30f1.jpg", "bboxes": [0.6183979328165373, 0.22883720930232554, 1.0, 1.0], "class": 1}