{"image": "323daa9e-eea9-11ee-af56-a6cd0eba30f1.jpg", "bboxes": [0.7339534883720928, 0.25328165374677003, 1.0, 1.0], "class": 1}