{"image": "323daa9e-eea9-11ee-af56-a6cd0eba30f1.jpg", "bboxes": [0.23617571059431508, 0.0, 1.0, 0.7022739018087856], "class": 1}