{"image": "323daa9e-eea9-11ee-af56-a6cd0eba30f1.jpg", "bboxes": [0.9260465116279069, 0.0, 1.0, 0.9000516795865633], "class": 1}