{"image": "323daa9e-eea9-11ee-af56-a6cd0eba30f1.jpg", "bboxes": [0.0, 0.3266149870801034, 0.4104909560723516, 1.0], "class": 1}