{"image": "323daa9e-eea9-11ee-af56-a6cd0eba30f1.jpg", "bboxes": [0.5660465116279069, 0.44439276485788115, 1.0, 1.0], "class": 1}