{"image": "323daa9e-eea9-11ee-af56-a6cd0eba30f1.jpg", "bboxes": [0.4517312661498707, 0.23328165374677, 1.0, 1.0], "class": 1}