{"image": "323daa9e-eea9-11ee-af56-a6cd0eba30f1.jpg", "bboxes": [0.19271317829457354, 0.43105943152454784, 0.9704909560723516, 1.0], "class": 1}