{"image": "323daa9e-eea9-11ee-af56-a6cd0eba30f1.jpg", "bboxes": [0.7193798449612402, 0.0, 1.0, 0.9178294573643411], "class": 1}