{"image": "323daa9e-eea9-11ee-af56-a6cd0eba30f1.jpg", "bboxes": [0.0, 0.053281653746770075, 0.07049095607235156, 1.0], "class": 1}