{"image": "323daa9e-eea9-11ee-af56-a6cd0eba30f1.jpg", "bboxes": [0.0, 0.43772609819121444, 0.22506459948320423, 1.0], "class": 1}