{"image": "323daa9e-eea9-11ee-af56-a6cd0eba30f1.jpg", "bboxes": [0.9104909560723513, 0.0, 1.0, 0.9244961240310078], "class": 1}