{"image": "32984cf6-eea9-11ee-af56-a6cd0eba30f1.jpg", "bboxes": [0.7379328165374677, 0.24826873385012893, 1.0, 1.0], "class": 1}