{"image": "32984cf6-eea9-11ee-af56-a6cd0eba30f1.jpg", "bboxes": [0.5472868217054262, 0.448268733850129, 1.0, 1.0], "class": 1}