{"image": "32984cf6-eea9-11ee-af56-a6cd0eba30f1.jpg", "bboxes": [0.04284237726098177, 0.0, 0.8309560723514212, 0.6695090439276488], "class": 1}