{"image": "32984cf6-eea9-11ee-af56-a6cd0eba30f1.jpg", "bboxes": [0.2561757105943151, 0.0, 1.0, 0.7428423772609821], "class": 1}