{"image": "32984cf6-eea9-11ee-af56-a6cd0eba30f1.jpg", "bboxes": [0.0, 0.02387596899224813, 0.27317829457364345, 1.0], "class": 1}