{"image": "32984cf6-eea9-11ee-af56-a6cd0eba30f1.jpg", "bboxes": [0.0, 0.26160206718346224, 0.5176227390180879, 1.0], "class": 1}