{"image": "32984cf6-eea9-11ee-af56-a6cd0eba30f1.jpg", "bboxes": [0.0, 0.0, 0.4042894056847546, 0.8183979328165377], "class": 1}