{"image": "32984cf6-eea9-11ee-af56-a6cd0eba30f1.jpg", "bboxes": [0.0, 0.4371576227390178, 0.37540051679586567, 1.0], "class": 1}