{"image": "32984cf6-eea9-11ee-af56-a6cd0eba30f1.jpg", "bboxes": [0.0, 0.054935400516795574, 0.1798449612403101, 1.0], "class": 1}