{"image": "32984cf6-eea9-11ee-af56-a6cd0eba30f1.jpg", "bboxes": [0.725064599483204, 0.29271317829457344, 1.0, 1.0], "class": 1}