{"image": "32984cf6-eea9-11ee-af56-a6cd0eba30f1.jpg", "bboxes": [0.23839793281653732, 0.0, 1.0, 0.8095090439276488], "class": 1}