{"image": "32984cf6-eea9-11ee-af56-a6cd0eba30f1.jpg", "bboxes": [0.0, 0.05937984496124005, 0.09271317829457382, 1.0], "class": 1}