{"image": "32984cf6-eea9-11ee-af56-a6cd0eba30f1.jpg", "bboxes": [0.0, 0.05049095607235121, 0.3954005167958657, 1.0], "class": 1}