{"image": "32984cf6-eea9-11ee-af56-a6cd0eba30f1.jpg", "bboxes": [0.7779328165374677, 0.468268733850129, 1.0, 1.0], "class": 1}