{"image": "32984cf6-eea9-11ee-af56-a6cd0eba30f1.jpg", "bboxes": [0.40062015503875953, 0.33271317829457336, 1.0, 1.0], "class": 1}