{"image": "32984cf6-eea9-11ee-af56-a6cd0eba30f1.jpg", "bboxes": [0.745064599483204, 0.019431524547803683, 1.0, 1.0], "class": 1}