{"image": "32984cf6-eea9-11ee-af56-a6cd0eba30f1.jpg", "bboxes": [0.5961757105943151, 0.0, 1.0, 0.9961240310077518], "class": 1}