{"image": "32984cf6-eea9-11ee-af56-a6cd0eba30f1.jpg", "bboxes": [0.16015503875968984, 0.4816020671834623, 0.9482687338501293, 1.0], "class": 1}