{"image": "32984cf6-eea9-11ee-af56-a6cd0eba30f1.jpg", "bboxes": [0.0, 0.29271317829457344, 0.248733850129199, 1.0], "class": 1}