{"image": "32984cf6-eea9-11ee-af56-a6cd0eba30f1.jpg", "bboxes": [0.0, 0.17937984496124004, 0.49984496124031014, 1.0], "class": 1}