{"image": "32984cf6-eea9-11ee-af56-a6cd0eba30f1.jpg", "bboxes": [0.6095090439276485, 0.0, 1.0, 0.6895090439276488], "class": 1}