{"image": "32984cf6-eea9-11ee-af56-a6cd0eba30f1.jpg", "bboxes": [0.0, 0.017157622739017886, 0.22826873385012936, 1.0], "class": 1}