{"image": "32984cf6-eea9-11ee-af56-a6cd0eba30f1.jpg", "bboxes": [0.45793281653746765, 0.24160206718346233, 1.0, 1.0], "class": 1}