{"image": "32984cf6-eea9-11ee-af56-a6cd0eba30f1.jpg", "bboxes": [0.0, 0.37493540051679564, 0.5438242894056848, 1.0], "class": 1}