{"image": "32984cf6-eea9-11ee-af56-a6cd0eba30f1.jpg", "bboxes": [0.0, 0.2771576227390179, 0.47540051679586565, 1.0], "class": 1}