{"image": "32984cf6-eea9-11ee-af56-a6cd0eba30f1.jpg", "bboxes": [0.0, 0.15493540051679566, 0.2927131782945738, 1.0], "class": 1}