{"image": "32984cf6-eea9-11ee-af56-a6cd0eba30f1.jpg", "bboxes": [0.03126614987080101, 0.0, 0.8193798449612404, 0.731731266149871], "class": 1}