{"image": "32984cf6-eea9-11ee-af56-a6cd0eba30f1.jpg", "bboxes": [0.6628423772609817, 0.25049095607235117, 1.0, 1.0], "class": 1}