{"image": "32984cf6-eea9-11ee-af56-a6cd0eba30f1.jpg", "bboxes": [0.0, 0.05271317829457345, 0.021602067183462692, 1.0], "class": 1}