{"image": "32984cf6-eea9-11ee-af56-a6cd0eba30f1.jpg", "bboxes": [0.6517312661498706, 0.3104909560723512, 1.0, 1.0], "class": 1}