{"image": "32984cf6-eea9-11ee-af56-a6cd0eba30f1.jpg", "bboxes": [0.41617571059431513, 0.0, 1.0, 0.9139534883720932], "class": 1}