{"image": "32984cf6-eea9-11ee-af56-a6cd0eba30f1.jpg", "bboxes": [0.1361757105943151, 0.0, 0.9242894056847546, 0.731731266149871], "class": 1}