{"image": "32984cf6-eea9-11ee-af56-a6cd0eba30f1.jpg", "bboxes": [0.009509043927648437, 0.0, 0.7976227390180879, 1.0], "class": 1}