{"image": "32984cf6-eea9-11ee-af56-a6cd0eba30f1.jpg", "bboxes": [0.0, 0.00826873385012894, 0.0727131782945738, 1.0], "class": 1}