{"image": "32984cf6-eea9-11ee-af56-a6cd0eba30f1.jpg", "bboxes": [0.0, 0.041602067183462266, 0.7860465116279072, 1.0], "class": 1}