{"image": "32984cf6-eea9-11ee-af56-a6cd0eba30f1.jpg", "bboxes": [0.04904392764857879, 0.0, 0.8371576227390183, 0.6317312661498711], "class": 1}