{"image": "32984cf6-eea9-11ee-af56-a6cd0eba30f1.jpg", "bboxes": [0.9623772609819121, 0.0016537467700259059, 1.0, 1.0], "class": 1}