{"image": "32984cf6-eea9-11ee-af56-a6cd0eba30f1.jpg", "bboxes": [0.1872868217054262, 0.04604651162790674, 0.9754005167958657, 1.0], "class": 1}