{"image": "32e9ac86-eea9-11ee-af56-a6cd0eba30f1.jpg", "bboxes": [0.27674418604651163, 0.0, 1.0, 0.6970025839793282], "class": 1}