{"image": "32e9ac86-eea9-11ee-af56-a6cd0eba30f1.jpg", "bboxes": [0.33229974160206716, 0.0, 1.0, 0.8903359173126616], "class": 1}