{"image": "32e9ac86-eea9-11ee-af56-a6cd0eba30f1.jpg", "bboxes": [0.0, 0.41633074935400516, 0.6121447028423772, 1.0], "class": 1}