{"image": "32e9ac86-eea9-11ee-af56-a6cd0eba30f1.jpg", "bboxes": [0.0, 0.12521963824289406, 0.5869767441860464, 1.0], "class": 1}