{"image": "32e9ac86-eea9-11ee-af56-a6cd0eba30f1.jpg", "bboxes": [0.08857881136950907, 0.018552971576227373, 0.9077002583979328, 1.0], "class": 1}