{"image": "32e9ac86-eea9-11ee-af56-a6cd0eba30f1.jpg", "bboxes": [0.0, 0.10744186046511628, 0.027700258397932886, 1.0], "class": 1}