{"image": "32e9ac86-eea9-11ee-af56-a6cd0eba30f1.jpg", "bboxes": [0.17007751937984494, 0.0, 0.9891989664082687, 0.8725581395348838], "class": 1}