{"image": "32e9ac86-eea9-11ee-af56-a6cd0eba30f1.jpg", "bboxes": [0.810077519379845, 0.0, 1.0, 0.9458914728682171], "class": 1}