{"image": "32e9ac86-eea9-11ee-af56-a6cd0eba30f1.jpg", "bboxes": [0.012299741602067166, 0.26299741602067184, 0.8314211886304909, 1.0], "class": 1}