{"image": "32e9ac86-eea9-11ee-af56-a6cd0eba30f1.jpg", "bboxes": [0.32857881136950906, 0.3496640826873385, 1.0, 1.0], "class": 1}