{"image": "32e9ac86-eea9-11ee-af56-a6cd0eba30f1.jpg", "bboxes": [0.0, 0.36521963824289405, 0.12475452196382422, 1.0], "class": 1}