{"image": "32e9ac86-eea9-11ee-af56-a6cd0eba30f1.jpg", "bboxes": [0.0, 0.47855297157622734, 0.4454780361757106, 1.0], "class": 1}