{"image": "32e9ac86-eea9-11ee-af56-a6cd0eba30f1.jpg", "bboxes": [0.0, 0.4496640826873385, 0.19658914728682175, 1.0], "class": 1}