{"image": "32e9ac86-eea9-11ee-af56-a6cd0eba30f1.jpg", "bboxes": [0.0, 0.060775193798449534, 0.242532299741602, 1.0], "class": 1}