{"image": "32e9ac86-eea9-11ee-af56-a6cd0eba30f1.jpg", "bboxes": [0.37896640826873385, 0.13188630490956066, 1.0, 1.0], "class": 1}