{"image": "32e9ac86-eea9-11ee-af56-a6cd0eba30f1.jpg", "bboxes": [0.0, 0.0, 0.5432558139534884, 0.6214470284237726], "class": 1}