{"image": "32e9ac86-eea9-11ee-af56-a6cd0eba30f1.jpg", "bboxes": [0.0, 0.3874418604651162, 0.818811369509044, 1.0], "class": 1}