{"image": "32e9ac86-eea9-11ee-af56-a6cd0eba30f1.jpg", "bboxes": [0.8396899224806202, 0.25855297157622736, 1.0, 1.0], "class": 1}