{"image": "32e9ac86-eea9-11ee-af56-a6cd0eba30f1.jpg", "bboxes": [0.5996899224806203, 0.0, 1.0, 0.6370025839793282], "class": 1}