{"image": "32e9ac86-eea9-11ee-af56-a6cd0eba30f1.jpg", "bboxes": [0.6434108527131783, 0.0, 1.0, 0.714780361757106], "class": 1}