{"image": "32e9ac86-eea9-11ee-af56-a6cd0eba30f1.jpg", "bboxes": [0.0, 0.006614987080103418, 0.2432558139534884, 1.0], "class": 1}