{"image": "32e9ac86-eea9-11ee-af56-a6cd0eba30f1.jpg", "bboxes": [0.3167441860465116, 0.4318863049095607, 1.0, 1.0], "class": 1}