{"image": "32e9ac86-eea9-11ee-af56-a6cd0eba30f1.jpg", "bboxes": [0.4241343669250647, 0.07328165374677008, 1.0, 1.0], "class": 1}