{"image": "32e9ac86-eea9-11ee-af56-a6cd0eba30f1.jpg", "bboxes": [0.14341085271317827, 0.0, 0.962532299741602, 0.9267183462532299], "class": 1}