{"image": "32e9ac86-eea9-11ee-af56-a6cd0eba30f1.jpg", "bboxes": [0.8130232558139536, 0.018552971576227373, 1.0, 1.0], "class": 1}