{"image": "32e9ac86-eea9-11ee-af56-a6cd0eba30f1.jpg", "bboxes": [0.5263565891472869, 0.06966408268733848, 1.0, 1.0], "class": 1}