{"image": "32e9ac86-eea9-11ee-af56-a6cd0eba30f1.jpg", "bboxes": [0.44857881136950917, 0.0, 1.0, 0.534780361757106], "class": 1}