{"image": "32e9ac86-eea9-11ee-af56-a6cd0eba30f1.jpg", "bboxes": [0.0, 0.4585529715762273, 0.8143669250645995, 1.0], "class": 1}