{"image": "32e9ac86-eea9-11ee-af56-a6cd0eba30f1.jpg", "bboxes": [0.8478552971576228, 0.0, 1.0, 0.8214470284237727], "class": 1}