{"image": "32e9ac86-eea9-11ee-af56-a6cd0eba30f1.jpg", "bboxes": [0.030077519379844944, 0.27188630490956067, 0.8491989664082686, 1.0], "class": 1}