{"image": "32e9ac86-eea9-11ee-af56-a6cd0eba30f1.jpg", "bboxes": [0.021188630490956054, 0.0, 0.8403100775193798, 0.634780361757106], "class": 1}