{"image": "32e9ac86-eea9-11ee-af56-a6cd0eba30f1.jpg", "bboxes": [0.06341085271317827, 0.0, 0.882532299741602, 0.7481136950904393], "class": 1}