{"image": "32e9ac86-eea9-11ee-af56-a6cd0eba30f1.jpg", "bboxes": [0.17746770025839798, 0.2674418604651162, 0.9965891472868217, 1.0], "class": 1}