{"image": "32e9ac86-eea9-11ee-af56-a6cd0eba30f1.jpg", "bboxes": [0.7811886304909561, 0.0963307493540051, 1.0, 1.0], "class": 1}