{"image": "32e9ac86-eea9-11ee-af56-a6cd0eba30f1.jpg", "bboxes": [0.0, 0.285219638242894, 0.2736434108527131, 1.0], "class": 1}