{"image": "32e9ac86-eea9-11ee-af56-a6cd0eba30f1.jpg", "bboxes": [0.0, 0.20299741602067178, 0.19142118863049087, 1.0], "class": 1}