{"image": "32e9ac86-eea9-11ee-af56-a6cd0eba30f1.jpg", "bboxes": [0.44341085271317826, 0.0, 1.0, 0.8258914728682171], "class": 1}