{"image": "333b2a2a-eea9-11ee-af56-a6cd0eba30f1.jpg", "bboxes": [0.0, 0.3349354005167957, 0.4990180878552971, 1.0], "class": 1}