{"image": "333b2a2a-eea9-11ee-af56-a6cd0eba30f1.jpg", "bboxes": [0.3721963824289403, 0.0, 1.0, 0.4806201550387598], "class": 1}