{"image": "333b2a2a-eea9-11ee-af56-a6cd0eba30f1.jpg", "bboxes": [0.9054263565891473, 0.38826873385012906, 1.0, 1.0], "class": 1}