{"image": "333b2a2a-eea9-11ee-af56-a6cd0eba30f1.jpg", "bboxes": [0.36330749354005143, 0.0, 1.0, 0.8095090439276487], "class": 1}