{"image": "333b2a2a-eea9-11ee-af56-a6cd0eba30f1.jpg", "bboxes": [0.0, 0.257157622739018, 0.20113695090439299, 1.0], "class": 1}