{"image": "333b2a2a-eea9-11ee-af56-a6cd0eba30f1.jpg", "bboxes": [0.7987596899224807, 0.0, 1.0, 0.8072868217054264], "class": 1}