{"image": "333b2a2a-eea9-11ee-af56-a6cd0eba30f1.jpg", "bboxes": [0.4565374677002584, 0.0, 1.0, 0.7406201550387598], "class": 1}