{"image": "333b2a2a-eea9-11ee-af56-a6cd0eba30f1.jpg", "bboxes": [0.5499741602067181, 0.0, 1.0, 0.5583979328165376], "class": 1}