{"image": "333b2a2a-eea9-11ee-af56-a6cd0eba30f1.jpg", "bboxes": [0.17664082687338475, 0.08537467700258404, 0.907906976744186, 0.9561757105943154], "class": 1}