{"image": "333b2a2a-eea9-11ee-af56-a6cd0eba30f1.jpg", "bboxes": [0.04330749354005143, 0.3593798449612402, 0.7745736434108527, 1.0], "class": 1}