{"image": "333b2a2a-eea9-11ee-af56-a6cd0eba30f1.jpg", "bboxes": [0.11219638242894032, 0.4616020671834624, 0.8434625322997416, 1.0], "class": 1}