{"image": "333b2a2a-eea9-11ee-af56-a6cd0eba30f1.jpg", "bboxes": [0.0, 0.17271317829457355, 0.03901808785529713, 1.0], "class": 1}