{"image": "333b2a2a-eea9-11ee-af56-a6cd0eba30f1.jpg", "bboxes": [0.19219638242894033, 0.0, 0.9234625322997416, 0.522842377260982], "class": 1}