{"image": "333b2a2a-eea9-11ee-af56-a6cd0eba30f1.jpg", "bboxes": [0.012093023255813962, 0.12981912144702848, 0.7433591731266153, 1.0], "class": 1}