{"image": "333b2a2a-eea9-11ee-af56-a6cd0eba30f1.jpg", "bboxes": [0.0, 0.10160206718346243, 0.17891472868217084, 0.9724031007751938], "class": 1}