{"image": "333b2a2a-eea9-11ee-af56-a6cd0eba30f1.jpg", "bboxes": [0.37209302325581395, 0.0, 1.0, 0.5561757105943154], "class": 1}