{"image": "333b2a2a-eea9-11ee-af56-a6cd0eba30f1.jpg", "bboxes": [0.0, 0.0, 0.5567958656330749, 0.8650645994832042], "class": 1}