{"image": "333b2a2a-eea9-11ee-af56-a6cd0eba30f1.jpg", "bboxes": [0.9365374677002585, 0.4549354005167957, 1.0, 1.0], "class": 1}