{"image": "333b2a2a-eea9-11ee-af56-a6cd0eba30f1.jpg", "bboxes": [0.0, 0.15271317829457354, 0.17457364341085269, 1.0], "class": 1}