{"image": "333b2a2a-eea9-11ee-af56-a6cd0eba30f1.jpg", "bboxes": [0.0, 0.45049095607235135, 0.14780361757105964, 1.0], "class": 1}