{"image": "333b2a2a-eea9-11ee-af56-a6cd0eba30f1.jpg", "bboxes": [0.0, 0.10826873385012914, 0.21002583979328193, 0.9790697674418604], "class": 1}