{"image": "333b2a2a-eea9-11ee-af56-a6cd0eba30f1.jpg", "bboxes": [0.0, 0.47049095607235136, 0.0012403100775193504, 1.0], "class": 1}