{"image": "333b2a2a-eea9-11ee-af56-a6cd0eba30f1.jpg", "bboxes": [0.18330749354005144, 0.2882687338501291, 0.9145736434108527, 1.0], "class": 1}