{"image": "333b2a2a-eea9-11ee-af56-a6cd0eba30f1.jpg", "bboxes": [0.041085271317829214, 0.0, 0.7723514211886304, 0.41173126614987093], "class": 1}