{"image": "333b2a2a-eea9-11ee-af56-a6cd0eba30f1.jpg", "bboxes": [0.16987080103359176, 0.0, 0.901136950904393, 0.8095090439276487], "class": 1}