{"image": "333b2a2a-eea9-11ee-af56-a6cd0eba30f1.jpg", "bboxes": [0.903204134366925, 0.0, 1.0, 0.5161757105943153], "class": 1}