{"image": "333b2a2a-eea9-11ee-af56-a6cd0eba30f1.jpg", "bboxes": [0.0, 0.5193798449612401, 0.2078036175710597, 1.0], "class": 1}