{"image": "333b2a2a-eea9-11ee-af56-a6cd0eba30f1.jpg", "bboxes": [0.0, 0.2638242894056847, 0.4656847545219638, 1.0], "class": 1}