{"image": "333b2a2a-eea9-11ee-af56-a6cd0eba30f1.jpg", "bboxes": [0.0, 0.16604651162790685, 0.727906976744186, 1.0], "class": 1}