{"image": "333b2a2a-eea9-11ee-af56-a6cd0eba30f1.jpg", "bboxes": [0.005426356589147363, 0.0, 0.7366925064599485, 0.6050645994832042], "class": 1}