{"image": "333b2a2a-eea9-11ee-af56-a6cd0eba30f1.jpg", "bboxes": [0.0, 0.5238242894056846, 0.6389147286821708, 1.0], "class": 1}