{"image": "333b2a2a-eea9-11ee-af56-a6cd0eba30f1.jpg", "bboxes": [0.698863049095607, 0.1638242894056846, 1.0, 1.0], "class": 1}