{"image": "333b2a2a-eea9-11ee-af56-a6cd0eba30f1.jpg", "bboxes": [0.0, 0.36826873385012904, 0.39002583979328187, 1.0], "class": 1}