{"image": "333b2a2a-eea9-11ee-af56-a6cd0eba30f1.jpg", "bboxes": [0.0, 0.31271317829457357, 0.22335917312661524, 1.0], "class": 1}