{"image": "333b2a2a-eea9-11ee-af56-a6cd0eba30f1.jpg", "bboxes": [0.14330749354005143, 0.0682687338501291, 0.8745736434108526, 0.9390697674418604], "class": 1}