{"image": "333b2a2a-eea9-11ee-af56-a6cd0eba30f1.jpg", "bboxes": [0.25875968992248066, 0.0, 0.9900258397932818, 0.522842377260982], "class": 1}