{"image": "333b2a2a-eea9-11ee-af56-a6cd0eba30f1.jpg", "bboxes": [0.0, 0.03648578811369515, 0.4544702842377264, 0.9072868217054265], "class": 1}