{"image": "333b2a2a-eea9-11ee-af56-a6cd0eba30f1.jpg", "bboxes": [0.07886304909560699, 0.20382428940568464, 0.8101291989664082, 1.0], "class": 1}