{"image": "333b2a2a-eea9-11ee-af56-a6cd0eba30f1.jpg", "bboxes": [0.0, 0.18604651162790686, 0.2256847545219638, 1.0], "class": 1}