{"image": "338d3400-eea9-11ee-af56-a6cd0eba30f1.jpg", "bboxes": [0.2637726098191213, 0.2016020671834623, 1.0, 0.9328682170542635], "class": 1}