{"image": "338d3400-eea9-11ee-af56-a6cd0eba30f1.jpg", "bboxes": [0.790439276485788, 0.35715762273901785, 1.0, 1.0], "class": 1}