{"image": "338d3400-eea9-11ee-af56-a6cd0eba30f1.jpg", "bboxes": [0.4282170542635658, 0.0, 1.0, 0.5628423772609822], "class": 1}