{"image": "338d3400-eea9-11ee-af56-a6cd0eba30f1.jpg", "bboxes": [0.3407235142118863, 0.17602067183462541, 1.0, 0.9072868217054266], "class": 1}