{"image": "338d3400-eea9-11ee-af56-a6cd0eba30f1.jpg", "bboxes": [0.0, 0.0026873385012920734, 0.14511627906976754, 0.7339534883720933], "class": 1}