{"image": "338d3400-eea9-11ee-af56-a6cd0eba30f1.jpg", "bboxes": [0.0, 0.3171576227390178, 0.5251162790697675, 1.0], "class": 1}