{"image": "338d3400-eea9-11ee-af56-a6cd0eba30f1.jpg", "bboxes": [0.34821705426356575, 0.0, 1.0, 0.711731266149871], "class": 1}