{"image": "338d3400-eea9-11ee-af56-a6cd0eba30f1.jpg", "bboxes": [0.3718346253229974, 0.37049095607235116, 1.0, 1.0], "class": 1}