{"image": "338d3400-eea9-11ee-af56-a6cd0eba30f1.jpg", "bboxes": [0.043772609819121344, 0.3682687338501289, 0.8370542635658915, 1.0], "class": 1}