{"image": "338d3400-eea9-11ee-af56-a6cd0eba30f1.jpg", "bboxes": [0.0, 0.09379844961240319, 0.5770542635658915, 0.8250645994832043], "class": 1}