{"image": "338d3400-eea9-11ee-af56-a6cd0eba30f1.jpg", "bboxes": [0.0, 0.16826873385012897, 0.6073385012919897, 0.8995348837209302], "class": 1}