{"image": "338d3400-eea9-11ee-af56-a6cd0eba30f1.jpg", "bboxes": [0.0, 0.2327131782945734, 0.4317829457364342, 0.9639793281653746], "class": 1}