{"image": "338d3400-eea9-11ee-af56-a6cd0eba30f1.jpg", "bboxes": [0.770439276485788, 0.20046511627906985, 1.0, 0.931731266149871], "class": 1}