{"image": "338d3400-eea9-11ee-af56-a6cd0eba30f1.jpg", "bboxes": [0.0007235142118862668, 0.0, 0.7940051679586564, 0.5361757105943155], "class": 1}