{"image": "338d3400-eea9-11ee-af56-a6cd0eba30f1.jpg", "bboxes": [0.2740568475452196, 0.0, 1.0, 0.7250645994832043], "class": 1}