{"image": "338d3400-eea9-11ee-af56-a6cd0eba30f1.jpg", "bboxes": [0.4971059431524547, 0.12160206718346234, 1.0, 0.8528682170542635], "class": 1}