{"image": "338d3400-eea9-11ee-af56-a6cd0eba30f1.jpg", "bboxes": [0.3771059431524547, 0.45271317829457336, 1.0, 1.0], "class": 1}