{"image": "338d3400-eea9-11ee-af56-a6cd0eba30f1.jpg", "bboxes": [0.270439276485788, 0.07824289405684763, 1.0, 0.8095090439276488], "class": 1}