{"image": "338d3400-eea9-11ee-af56-a6cd0eba30f1.jpg", "bboxes": [0.0, 0.0, 0.2873385012919898, 0.5250645994832044], "class": 1}