{"image": "338d3400-eea9-11ee-af56-a6cd0eba30f1.jpg", "bboxes": [0.510439276485788, 0.0, 1.0, 0.6950904392764857], "class": 1}