{"image": "338d3400-eea9-11ee-af56-a6cd0eba30f1.jpg", "bboxes": [0.5037726098191213, 0.09049095607235114, 1.0, 0.8217571059431523], "class": 1}