{"image": "338d3400-eea9-11ee-af56-a6cd0eba30f1.jpg", "bboxes": [0.130439276485788, 0.14160206718346224, 0.9237209302325582, 0.8728682170542634], "class": 1}