{"image": "338d3400-eea9-11ee-af56-a6cd0eba30f1.jpg", "bboxes": [0.0, 0.0, 0.3317829457364342, 0.6272868217054266], "class": 1}