{"image": "338d3400-eea9-11ee-af56-a6cd0eba30f1.jpg", "bboxes": [0.0, 0.3593798449612401, 0.5917829457364342, 1.0], "class": 1}