{"image": "338d3400-eea9-11ee-af56-a6cd0eba30f1.jpg", "bboxes": [0.0, 0.28160206718346226, 0.6340051679586565, 1.0], "class": 1}