{"image": "338d3400-eea9-11ee-af56-a6cd0eba30f1.jpg", "bboxes": [0.0, 0.11271317829457339, 0.6117829457364342, 0.8439793281653746], "class": 1}