{"image": "338d3400-eea9-11ee-af56-a6cd0eba30f1.jpg", "bboxes": [0.7259948320413436, 0.0, 1.0, 0.6783979328165377], "class": 1}