{"image": "338d3400-eea9-11ee-af56-a6cd0eba30f1.jpg", "bboxes": [0.0, 0.3049095607235143, 0.6348320413436692, 1.0], "class": 1}