{"image": "33e3ad12-eea9-11ee-af56-a6cd0eba30f1.jpg", "bboxes": [0.4736950904392764, 0.2656847545219639, 1.0, 1.0], "class": 1}