{"image": "33e3ad12-eea9-11ee-af56-a6cd0eba30f1.jpg", "bboxes": [0.669250645994832, 0.1701291989664083, 1.0, 0.9272351421188633], "class": 1}