{"image": "33e3ad12-eea9-11ee-af56-a6cd0eba30f1.jpg", "bboxes": [0.0, 0.3301291989664083, 0.5729715762273903, 1.0], "class": 1}