{"image": "33e3ad12-eea9-11ee-af56-a6cd0eba30f1.jpg", "bboxes": [0.0, 0.2349870801033589, 0.4414470284237727, 0.9920930232558139], "class": 1}