{"image": "33e3ad12-eea9-11ee-af56-a6cd0eba30f1.jpg", "bboxes": [0.0, 0.42165374677002554, 0.20408268733850138, 1.0], "class": 1}