{"image": "33e3ad12-eea9-11ee-af56-a6cd0eba30f1.jpg", "bboxes": [0.11188630490956067, 0.0, 0.7863049095607236, 0.6339018087855299], "class": 1}