{"image": "33e3ad12-eea9-11ee-af56-a6cd0eba30f1.jpg", "bboxes": [0.49591731266149863, 0.0, 1.0, 0.6894573643410855], "class": 1}