{"image": "33e3ad12-eea9-11ee-af56-a6cd0eba30f1.jpg", "bboxes": [0.14480620155038748, 0.3345736434108528, 0.8192248062015505, 1.0], "class": 1}