{"image": "33e3ad12-eea9-11ee-af56-a6cd0eba30f1.jpg", "bboxes": [0.0, 0.27720930232558116, 0.5858914728682171, 1.0], "class": 1}