{"image": "33e3ad12-eea9-11ee-af56-a6cd0eba30f1.jpg", "bboxes": [0.2159173126614986, 0.13457364341085273, 0.8903359173126616, 0.8916795865633077], "class": 1}