{"image": "33e3ad12-eea9-11ee-af56-a6cd0eba30f1.jpg", "bboxes": [0.14702842377260972, 0.33276485788113674, 0.8214470284237727, 1.0], "class": 1}