{"image": "33e3ad12-eea9-11ee-af56-a6cd0eba30f1.jpg", "bboxes": [0.6559173126614986, 0.1149870801033589, 1.0, 0.872093023255814], "class": 1}