{"image": "33e3ad12-eea9-11ee-af56-a6cd0eba30f1.jpg", "bboxes": [0.7914728682170542, 0.04124031007751942, 1.0, 0.7983462532299744], "class": 1}