{"image": "33e3ad12-eea9-11ee-af56-a6cd0eba30f1.jpg", "bboxes": [0.0341085271317829, 0.0, 0.7085271317829458, 0.6987596899224806], "class": 1}