{"image": "33e3ad12-eea9-11ee-af56-a6cd0eba30f1.jpg", "bboxes": [0.5359173126614987, 0.13054263565891444, 1.0, 0.8876485788113695], "class": 1}