{"image": "33e3ad12-eea9-11ee-af56-a6cd0eba30f1.jpg", "bboxes": [0.26744186046511625, 0.0, 0.9418604651162792, 0.6565374677002583], "class": 1}