{"image": "33e3ad12-eea9-11ee-af56-a6cd0eba30f1.jpg", "bboxes": [0.2959173126614987, 0.0, 0.9703359173126616, 0.5716795865633078], "class": 1}