{"image": "33e3ad12-eea9-11ee-af56-a6cd0eba30f1.jpg", "bboxes": [0.0, 0.1501291989664083, 0.0463049095607236, 0.9072351421188632], "class": 1}