{"image": "33e3ad12-eea9-11ee-af56-a6cd0eba30f1.jpg", "bboxes": [0.7536950904392764, 0.0, 1.0, 0.6805684754521967], "class": 1}