{"image": "33e3ad12-eea9-11ee-af56-a6cd0eba30f1.jpg", "bboxes": [0.5425839793281653, 0.03720930232558117, 1.0, 0.7943152454780361], "class": 1}