{"image": "33e3ad12-eea9-11ee-af56-a6cd0eba30f1.jpg", "bboxes": [0.0, 0.25457364341085276, 0.32186046511627914, 1.0], "class": 1}