{"image": "33e3ad12-eea9-11ee-af56-a6cd0eba30f1.jpg", "bboxes": [0.280361757105943, 0.24387596899224784, 0.954780361757106, 1.0], "class": 1}