{"image": "33e3ad12-eea9-11ee-af56-a6cd0eba30f1.jpg", "bboxes": [0.9425839793281653, 0.3438759689922478, 1.0, 1.0], "class": 1}