{"image": "33e3ad12-eea9-11ee-af56-a6cd0eba30f1.jpg", "bboxes": [0.0, 0.014987080103358918, 0.01074935400516804, 0.7720930232558139], "class": 1}