{"image": "33e3ad12-eea9-11ee-af56-a6cd0eba30f1.jpg", "bboxes": [0.0, 0.4394315245478033, 0.45700258397932825, 1.0], "class": 1}