{"image": "33e3ad12-eea9-11ee-af56-a6cd0eba30f1.jpg", "bboxes": [0.0, 0.021653746770025628, 0.35519379844961246, 0.7787596899224806], "class": 1}