{"image": "33e3ad12-eea9-11ee-af56-a6cd0eba30f1.jpg", "bboxes": [0.0, 0.22387596899224782, 0.4729715762273903, 0.9809819121447028], "class": 1}