{"image": "33e3ad12-eea9-11ee-af56-a6cd0eba30f1.jpg", "bboxes": [0.0, 0.12124031007751941, 0.6014470284237727, 0.8783462532299744], "class": 1}