{"image": "33e3ad12-eea9-11ee-af56-a6cd0eba30f1.jpg", "bboxes": [0.0, 0.08165374677002557, 0.25297157622739025, 0.8387596899224806], "class": 1}