{"image": "33e3ad12-eea9-11ee-af56-a6cd0eba30f1.jpg", "bboxes": [0.065219638242894, 0.3123514211886305, 0.7396382428940569, 1.0], "class": 1}