{"image": "33e3ad12-eea9-11ee-af56-a6cd0eba30f1.jpg", "bboxes": [0.26077519379844954, 0.26790697674418606, 0.9351937984496125, 1.0], "class": 1}