{"image": "33e3ad12-eea9-11ee-af56-a6cd0eba30f1.jpg", "bboxes": [0.5870284237726098, 0.24387596899224784, 1.0, 1.0], "class": 1}