{"image": "33e3ad12-eea9-11ee-af56-a6cd0eba30f1.jpg", "bboxes": [0.32036175710594306, 0.08609819121447004, 0.994780361757106, 0.843204134366925], "class": 1}