{"image": "33e3ad12-eea9-11ee-af56-a6cd0eba30f1.jpg", "bboxes": [0.2848062015503875, 0.006098191214470083, 0.9592248062015505, 0.763204134366925], "class": 1}