{"image": "33e3ad12-eea9-11ee-af56-a6cd0eba30f1.jpg", "bboxes": [0.5763307493540051, 0.06346253229974164, 1.0, 0.8205684754521966], "class": 1}