{"image": "33e3ad12-eea9-11ee-af56-a6cd0eba30f1.jpg", "bboxes": [0.0, 0.25054263565891444, 0.5103359173126616, 1.0], "class": 1}