{"image": "33e3ad12-eea9-11ee-af56-a6cd0eba30f1.jpg", "bboxes": [0.0, 0.31498708010335896, 0.6374160206718347, 1.0], "class": 1}