{"image": "3439d1ce-eea9-11ee-af56-a6cd0eba30f1.jpg", "bboxes": [0.8718863049095606, 0.0, 1.0, 0.7249095607235141], "class": 1}