{"image": "3439d1ce-eea9-11ee-af56-a6cd0eba30f1.jpg", "bboxes": [0.05850129198966392, 0.0, 0.7303359173126616, 0.602687338501292], "class": 1}