{"image": "3439d1ce-eea9-11ee-af56-a6cd0eba30f1.jpg", "bboxes": [0.6563307493540051, 0.17881136950904397, 1.0, 1.0], "class": 1}