{"image": "3439d1ce-eea9-11ee-af56-a6cd0eba30f1.jpg", "bboxes": [0.39627906976744165, 0.0, 1.0, 0.7567441860465116], "class": 1}