{"image": "3439d1ce-eea9-11ee-af56-a6cd0eba30f1.jpg", "bboxes": [0.7251679586563307, 0.0, 1.0, 0.7189664082687338], "class": 1}