{"image": "3439d1ce-eea9-11ee-af56-a6cd0eba30f1.jpg", "bboxes": [0.0, 0.11064599483204139, 0.010387596899224971, 0.9478552971576227], "class": 1}