{"image": "3439d1ce-eea9-11ee-af56-a6cd0eba30f1.jpg", "bboxes": [0.0, 0.2639793281653747, 0.2658914728682171, 1.0], "class": 1}