{"image": "3439d1ce-eea9-11ee-af56-a6cd0eba30f1.jpg", "bboxes": [0.549612403100775, 0.3417571059431525, 1.0, 1.0], "class": 1}