{"image": "3439d1ce-eea9-11ee-af56-a6cd0eba30f1.jpg", "bboxes": [0.2985012919896639, 0.07658914728682176, 0.9703359173126616, 0.9137984496124031], "class": 1}