{"image": "3439d1ce-eea9-11ee-af56-a6cd0eba30f1.jpg", "bboxes": [0.5962790697674417, 0.19214470284237728, 1.0, 1.0], "class": 1}