{"image": "3439d1ce-eea9-11ee-af56-a6cd0eba30f1.jpg", "bboxes": [0.0, 0.1306459948320414, 0.5281653746770028, 0.9678552971576228], "class": 1}