{"image": "3439d1ce-eea9-11ee-af56-a6cd0eba30f1.jpg", "bboxes": [0.3985529715762273, 0.27509043927648585, 1.0, 1.0], "class": 1}