{"image": "3439d1ce-eea9-11ee-af56-a6cd0eba30f1.jpg", "bboxes": [0.00739018087855281, 0.0, 0.6792248062015505, 0.742687338501292], "class": 1}