{"image": "3439d1ce-eea9-11ee-af56-a6cd0eba30f1.jpg", "bboxes": [0.0, 0.3328682170542636, 0.030335917312661498, 1.0], "class": 1}