{"image": "3439d1ce-eea9-11ee-af56-a6cd0eba30f1.jpg", "bboxes": [0.0, 0.27953488372093027, 0.41705426356589165, 1.0], "class": 1}