{"image": "3439d1ce-eea9-11ee-af56-a6cd0eba30f1.jpg", "bboxes": [0.0, 0.07731266149870805, 0.2037209302325583, 0.9145219638242894], "class": 1}