{"image": "3439d1ce-eea9-11ee-af56-a6cd0eba30f1.jpg", "bboxes": [0.0, 0.04547803617571056, 0.5926098191214472, 0.8826873385012919], "class": 1}