{"image": "3439d1ce-eea9-11ee-af56-a6cd0eba30f1.jpg", "bboxes": [0.08516795865633053, 0.23436692506459955, 0.7570025839793282, 1.0], "class": 1}