{"image": "3439d1ce-eea9-11ee-af56-a6cd0eba30f1.jpg", "bboxes": [0.0, 0.0, 0.5526098191214472, 0.6856330749354005], "class": 1}