{"image": "3439d1ce-eea9-11ee-af56-a6cd0eba30f1.jpg", "bboxes": [0.49855297157622736, 0.2573126614987081, 1.0, 1.0], "class": 1}