{"image": "3439d1ce-eea9-11ee-af56-a6cd0eba30f1.jpg", "bboxes": [0.02077519379844956, 0.0, 0.6926098191214471, 0.6849095607235142], "class": 1}