{"image": "3439d1ce-eea9-11ee-af56-a6cd0eba30f1.jpg", "bboxes": [0.0, 0.13881136950904394, 0.5481136950904393, 0.9760206718346253], "class": 1}