{"image": "3439d1ce-eea9-11ee-af56-a6cd0eba30f1.jpg", "bboxes": [0.3185012919896639, 0.0, 0.9903359173126616, 0.742687338501292], "class": 1}