{"image": "3439d1ce-eea9-11ee-af56-a6cd0eba30f1.jpg", "bboxes": [0.06299741602067178, 0.21731266149870807, 0.7348320413436694, 1.0], "class": 1}