{"image": "3439d1ce-eea9-11ee-af56-a6cd0eba30f1.jpg", "bboxes": [0.0, 0.13214470284237723, 0.4036692506459949, 0.9693540051679587], "class": 1}