{"image": "3439d1ce-eea9-11ee-af56-a6cd0eba30f1.jpg", "bboxes": [0.0, 0.12547803617571063, 0.3458914728682171, 0.962687338501292], "class": 1}