{"image": "3439d1ce-eea9-11ee-af56-a6cd0eba30f1.jpg", "bboxes": [0.0, 0.3684237726098192, 0.28816537467700276, 1.0], "class": 1}