{"image": "3439d1ce-eea9-11ee-af56-a6cd0eba30f1.jpg", "bboxes": [0.16077519379844957, 0.2862015503875969, 0.8326098191214472, 1.0], "class": 1}