{"image": "3439d1ce-eea9-11ee-af56-a6cd0eba30f1.jpg", "bboxes": [0.13183462532299728, 0.06397932816537472, 0.8036692506459948, 0.9011886304909561], "class": 1}