{"image": "3439d1ce-eea9-11ee-af56-a6cd0eba30f1.jpg", "bboxes": [0.23188630490956066, 0.010645994832041386, 0.9037209302325583, 0.8478552971576228], "class": 1}