{"image": "3439d1ce-eea9-11ee-af56-a6cd0eba30f1.jpg", "bboxes": [0.0, 0.09436692506459954, 0.21483204134366943, 0.9315762273901809], "class": 1}