{"image": "3439d1ce-eea9-11ee-af56-a6cd0eba30f1.jpg", "bboxes": [0.46077519379844956, 0.26842377260981914, 1.0, 1.0], "class": 1}