{"image": "3439d1ce-eea9-11ee-af56-a6cd0eba30f1.jpg", "bboxes": [0.969612403100775, 0.149922480620155, 1.0, 0.9871317829457364], "class": 1}