{"image": "3439d1ce-eea9-11ee-af56-a6cd0eba30f1.jpg", "bboxes": [0.7185529715762273, 0.016589147286821704, 1.0, 0.853798449612403], "class": 1}