{"image": "3439d1ce-eea9-11ee-af56-a6cd0eba30f1.jpg", "bboxes": [0.949612403100775, 0.041757105943152496, 1.0, 0.8789664082687338], "class": 1}