{"image": "3439d1ce-eea9-11ee-af56-a6cd0eba30f1.jpg", "bboxes": [0.9985529715762274, 0.1906459948320414, 1.0, 1.0], "class": 1}