{"image": "3439d1ce-eea9-11ee-af56-a6cd0eba30f1.jpg", "bboxes": [0.505219638242894, 0.0, 1.0, 0.5626873385012919], "class": 1}