{"image": "3439d1ce-eea9-11ee-af56-a6cd0eba30f1.jpg", "bboxes": [0.0, 0.269922480620155, 0.36811369509043934, 1.0], "class": 1}