{"image": "3439d1ce-eea9-11ee-af56-a6cd0eba30f1.jpg", "bboxes": [0.6073901808785528, 0.06992248062015505, 1.0, 0.9071317829457364], "class": 1}