{"image": "3439d1ce-eea9-11ee-af56-a6cd0eba30f1.jpg", "bboxes": [0.08966408268733846, 0.0017571059431524974, 0.761498708010336, 0.8389664082687338], "class": 1}