{"image": "3439d1ce-eea9-11ee-af56-a6cd0eba30f1.jpg", "bboxes": [0.8985012919896639, 0.0, 1.0, 0.6471317829457364], "class": 1}