{"image": "3439d1ce-eea9-11ee-af56-a6cd0eba30f1.jpg", "bboxes": [0.805219638242894, 0.0, 1.0, 0.7656330749354004], "class": 1}