{"image": "3439d1ce-eea9-11ee-af56-a6cd0eba30f1.jpg", "bboxes": [0.2985012919896639, 0.24620155038759695, 0.9703359173126616, 1.0], "class": 1}