{"image": "3439d1ce-eea9-11ee-af56-a6cd0eba30f1.jpg", "bboxes": [0.9229457364341084, 0.12103359173126615, 1.0, 0.9582428940568475], "class": 1}