{"image": "34907ba0-eea9-11ee-af56-a6cd0eba30f1.jpg", "bboxes": [0.3822739018087855, 0.2738501291989665, 1.0, 0.9921963824289406], "class": 1}