{"image": "34907ba0-eea9-11ee-af56-a6cd0eba30f1.jpg", "bboxes": [0.8178294573643411, 0.04273901808785537, 1.0, 0.7610852713178294], "class": 1}