{"image": "34907ba0-eea9-11ee-af56-a6cd0eba30f1.jpg", "bboxes": [0.33338501291989664, 0.18273901808785536, 1.0, 0.9010852713178295], "class": 1}