{"image": "34907ba0-eea9-11ee-af56-a6cd0eba30f1.jpg", "bboxes": [0.0, 0.3789147286821706, 0.46217054263565893, 1.0], "class": 1}