{"image": "34907ba0-eea9-11ee-af56-a6cd0eba30f1.jpg", "bboxes": [0.17782945736434108, 0.08940568475452204, 0.8832558139534884, 0.8077519379844962], "class": 1}