{"image": "34907ba0-eea9-11ee-af56-a6cd0eba30f1.jpg", "bboxes": [0.3422739018087855, 0.4382945736434109, 1.0, 1.0], "class": 1}