{"image": "34907ba0-eea9-11ee-af56-a6cd0eba30f1.jpg", "bboxes": [0.8444961240310077, 0.06780361757105946, 1.0, 0.7861498708010335], "class": 1}