{"image": "34907ba0-eea9-11ee-af56-a6cd0eba30f1.jpg", "bboxes": [0.8267183462532299, 0.0, 1.0, 0.5461498708010335], "class": 1}