{"image": "34907ba0-eea9-11ee-af56-a6cd0eba30f1.jpg", "bboxes": [0.14341085271317827, 0.2627390180878554, 0.8488372093023256, 0.9810852713178294], "class": 1}