{"image": "34907ba0-eea9-11ee-af56-a6cd0eba30f1.jpg", "bboxes": [0.1844961240310078, 0.4049612403100776, 0.8899224806201551, 1.0], "class": 1}