{"image": "34907ba0-eea9-11ee-af56-a6cd0eba30f1.jpg", "bboxes": [0.9489405684754522, 0.0, 1.0, 0.6372609819121446], "class": 1}