{"image": "34907ba0-eea9-11ee-af56-a6cd0eba30f1.jpg", "bboxes": [0.0, 0.23829457364341092, 0.31328165374677003, 0.956640826873385], "class": 1}