{"image": "34907ba0-eea9-11ee-af56-a6cd0eba30f1.jpg", "bboxes": [0.6222739018087855, 0.0, 1.0, 0.6461498708010336], "class": 1}