{"image": "34907ba0-eea9-11ee-af56-a6cd0eba30f1.jpg", "bboxes": [0.0, 0.3982945736434109, 0.4710594315245478, 1.0], "class": 1}