{"image": "34907ba0-eea9-11ee-af56-a6cd0eba30f1.jpg", "bboxes": [0.5467183462532299, 0.26335917312661494, 1.0, 0.9817054263565891], "class": 1}