{"image": "34907ba0-eea9-11ee-af56-a6cd0eba30f1.jpg", "bboxes": [0.2422739018087855, 0.05385012919896648, 0.9477002583979328, 0.7721963824289406], "class": 1}