{"image": "34907ba0-eea9-11ee-af56-a6cd0eba30f1.jpg", "bboxes": [0.03229974160206717, 0.0, 0.7377260981912145, 0.5461498708010335], "class": 1}