{"image": "34907ba0-eea9-11ee-af56-a6cd0eba30f1.jpg", "bboxes": [0.0, 0.21447028423772607, 0.5332816537467701, 0.9328165374677002], "class": 1}