{"image": "34907ba0-eea9-11ee-af56-a6cd0eba30f1.jpg", "bboxes": [0.9156072351421188, 0.1722480620155039, 1.0, 0.8905943152454779], "class": 1}