{"image": "34907ba0-eea9-11ee-af56-a6cd0eba30f1.jpg", "bboxes": [0.0, 0.29669250645994827, 0.4110594315245478, 1.0], "class": 1}