{"image": "34907ba0-eea9-11ee-af56-a6cd0eba30f1.jpg", "bboxes": [0.3244961240310077, 0.0, 1.0, 0.5883720930232557], "class": 1}