{"image": "34907ba0-eea9-11ee-af56-a6cd0eba30f1.jpg", "bboxes": [0.07560723514211887, 0.2655813953488372, 0.7810335917312662, 0.9839276485788113], "class": 1}