{"image": "34907ba0-eea9-11ee-af56-a6cd0eba30f1.jpg", "bboxes": [0.0, 0.343359173126615, 0.15772609819121447, 1.0], "class": 1}