{"image": "34907ba0-eea9-11ee-af56-a6cd0eba30f1.jpg", "bboxes": [0.10785529715762272, 0.1449612403100776, 0.8132816537467701, 0.8633074935400517], "class": 1}