{"image": "34907ba0-eea9-11ee-af56-a6cd0eba30f1.jpg", "bboxes": [0.1844961240310078, 0.06718346253229981, 0.8899224806201551, 0.7855297157622739], "class": 1}