{"image": "34907ba0-eea9-11ee-af56-a6cd0eba30f1.jpg", "bboxes": [0.0, 0.08113695090439277, 0.13550387596899227, 0.7994832041343669], "class": 1}