{"image": "34907ba0-eea9-11ee-af56-a6cd0eba30f1.jpg", "bboxes": [0.0, 0.0766925064599483, 0.1599483204134367, 0.7950387596899224], "class": 1}