{"image": "34907ba0-eea9-11ee-af56-a6cd0eba30f1.jpg", "bboxes": [0.021188630490956054, 0.1760723514211887, 0.7266149870801034, 0.8944186046511629], "class": 1}