{"image": "34907ba0-eea9-11ee-af56-a6cd0eba30f1.jpg", "bboxes": [0.10118863049095606, 0.35891472868217056, 0.8066149870801034, 1.0], "class": 1}