{"image": "34907ba0-eea9-11ee-af56-a6cd0eba30f1.jpg", "bboxes": [0.0, 0.3849612403100776, 0.3821705426356589, 1.0], "class": 1}