{"image": "34e6c744-eea9-11ee-af56-a6cd0eba30f1.jpg", "bboxes": [0.6164341085271319, 0.13607235142118856, 1.0, 0.8595865633074934], "class": 1}