{"image": "34e6c744-eea9-11ee-af56-a6cd0eba30f1.jpg", "bboxes": [0.0, 0.0, 0.09245478036175706, 0.6729198966408267], "class": 1}