{"image": "34e6c744-eea9-11ee-af56-a6cd0eba30f1.jpg", "bboxes": [0.0, 0.12263565891472884, 0.39467700258397925, 0.8461498708010337], "class": 1}