{"image": "34e6c744-eea9-11ee-af56-a6cd0eba30f1.jpg", "bboxes": [0.7297674418604652, 0.5115245478036178, 1.0, 1.0], "class": 1}