{"image": "34e6c744-eea9-11ee-af56-a6cd0eba30f1.jpg", "bboxes": [0.0, 0.23374677002583996, 0.18801033591731262, 0.9572609819121448], "class": 1}