{"image": "34e6c744-eea9-11ee-af56-a6cd0eba30f1.jpg", "bboxes": [0.887545219638243, 0.0, 1.0, 0.3840310077519379], "class": 1}