{"image": "34e6c744-eea9-11ee-af56-a6cd0eba30f1.jpg", "bboxes": [0.9853229974160207, 0.5915245478036177, 1.0, 1.0], "class": 1}