{"image": "34e6c744-eea9-11ee-af56-a6cd0eba30f1.jpg", "bboxes": [0.7453229974160207, 0.22263565891472883, 1.0, 0.9461498708010337], "class": 1}