{"image": "34e6c744-eea9-11ee-af56-a6cd0eba30f1.jpg", "bboxes": [0.0, 0.5426356589147289, 0.4057881136950904, 1.0], "class": 1}