{"image": "34e6c744-eea9-11ee-af56-a6cd0eba30f1.jpg", "bboxes": [0.7275452196382429, 0.0, 1.0, 0.6062532299741601], "class": 1}