{"image": "353d31a6-eea9-11ee-af56-a6cd0eba30f1.jpg", "bboxes": [0.0, 0.26103359173126617, 0.09395348837209301, 1.0], "class": 1}