{"image": "353d31a6-eea9-11ee-af56-a6cd0eba30f1.jpg", "bboxes": [0.0, 0.3735917312661499, 0.12062015503875967, 1.0], "class": 1}