{"image": "353d31a6-eea9-11ee-af56-a6cd0eba30f1.jpg", "bboxes": [0.0, 0.013591731266149938, 0.07173126614987078, 0.8456330749354005], "class": 1}