{"image": "353d31a6-eea9-11ee-af56-a6cd0eba30f1.jpg", "bboxes": [0.0, 0.2002583979328166, 0.3850645994832041, 1.0], "class": 1}