{"image": "353d31a6-eea9-11ee-af56-a6cd0eba30f1.jpg", "bboxes": [0.7793798449612404, 0.06992248062015505, 1.0, 0.9019638242894056], "class": 1}