{"image": "353d31a6-eea9-11ee-af56-a6cd0eba30f1.jpg", "bboxes": [0.0, 0.31581395348837216, 0.2806201550387597, 1.0], "class": 1}