{"image": "353d31a6-eea9-11ee-af56-a6cd0eba30f1.jpg", "bboxes": [0.0, 0.29658914728682173, 0.2606201550387597, 1.0], "class": 1}