{"image": "353d31a6-eea9-11ee-af56-a6cd0eba30f1.jpg", "bboxes": [0.5704909560723515, 0.06770025839793281, 1.0, 0.8997416020671833], "class": 1}