{"image": "353d31a6-eea9-11ee-af56-a6cd0eba30f1.jpg", "bboxes": [0.0, 0.0, 0.16506459948320412, 0.8130749354005167], "class": 1}