{"image": "35936968-eea9-11ee-af56-a6cd0eba30f1.jpg", "bboxes": [0.0, 0.0, 0.07596899224806192, 0.7810852713178295], "class": 1}