{"image": "35936968-eea9-11ee-af56-a6cd0eba30f1.jpg", "bboxes": [0.8106976744186047, 0.40335917312661496, 1.0, 1.0], "class": 1}