{"image": "35936968-eea9-11ee-af56-a6cd0eba30f1.jpg", "bboxes": [0.0, 0.10113695090439279, 0.42485788113695083, 0.9641860465116279], "class": 1}