{"image": "35936968-eea9-11ee-af56-a6cd0eba30f1.jpg", "bboxes": [0.0, 0.0700258397932817, 0.1426356589147286, 0.9330749354005168], "class": 1}