{"image": "35936968-eea9-11ee-af56-a6cd0eba30f1.jpg", "bboxes": [0.8418087855297158, 0.09581395348837216, 1.0, 0.9588630490956073], "class": 1}