{"image": "35936968-eea9-11ee-af56-a6cd0eba30f1.jpg", "bboxes": [0.8973643410852714, 0.32558139534883723, 1.0, 1.0], "class": 1}