{"image": "35936968-eea9-11ee-af56-a6cd0eba30f1.jpg", "bboxes": [0.0, 0.2624806201550388, 0.13152454780361747, 1.0], "class": 1}