{"image": "35936968-eea9-11ee-af56-a6cd0eba30f1.jpg", "bboxes": [0.7773643410852714, 0.29447028423772614, 1.0, 1.0], "class": 1}