{"image": "35936968-eea9-11ee-af56-a6cd0eba30f1.jpg", "bboxes": [0.8506976744186048, 0.0, 1.0, 0.6121963824289406], "class": 1}