{"image": "35936968-eea9-11ee-af56-a6cd0eba30f1.jpg", "bboxes": [0.0, 0.33447028423772607, 0.3937467700258397, 1.0], "class": 1}