{"image": "35936968-eea9-11ee-af56-a6cd0eba30f1.jpg", "bboxes": [0.0, 0.10780361757105938, 0.427080103359173, 0.9708527131782945], "class": 1}