{"image": "35936968-eea9-11ee-af56-a6cd0eba30f1.jpg", "bboxes": [0.0, 0.0, 0.05596899224806192, 0.755297157622739], "class": 1}