{"image": "35936968-eea9-11ee-af56-a6cd0eba30f1.jpg", "bboxes": [0.8929198966408269, 0.0766925064599483, 1.0, 0.9397416020671834], "class": 1}