{"image": "35936968-eea9-11ee-af56-a6cd0eba30f1.jpg", "bboxes": [0.7973643410852714, 0.13136950904392772, 1.0, 0.9944186046511628], "class": 1}