{"image": "35936968-eea9-11ee-af56-a6cd0eba30f1.jpg", "bboxes": [0.7751421188630492, 0.0, 1.0, 0.6433074935400517], "class": 1}