{"image": "35ea48fa-eea9-11ee-af56-a6cd0eba30f1.jpg", "bboxes": [0.06697674418604645, 0.0, 0.7310594315245478, 0.5070284237726101], "class": 1}