{"image": "35ea48fa-eea9-11ee-af56-a6cd0eba30f1.jpg", "bboxes": [0.0, 0.29741602067183437, 0.13994832041343672, 1.0], "class": 1}