{"image": "35ea48fa-eea9-11ee-af56-a6cd0eba30f1.jpg", "bboxes": [0.06697674418604645, 0.3196382428940565, 0.7310594315245478, 1.0], "class": 1}