{"image": "35ea48fa-eea9-11ee-af56-a6cd0eba30f1.jpg", "bboxes": [0.06475452196382422, 0.16852713178294543, 0.7288372093023255, 0.9669767441860464], "class": 1}