{"image": "35ea48fa-eea9-11ee-af56-a6cd0eba30f1.jpg", "bboxes": [0.3489405684754522, 0.3374160206718343, 1.0, 1.0], "class": 1}