{"image": "35ea48fa-eea9-11ee-af56-a6cd0eba30f1.jpg", "bboxes": [0.2691989664082687, 0.09302325581395356, 0.9332816537467701, 0.8914728682170545], "class": 1}