{"image": "35ea48fa-eea9-11ee-af56-a6cd0eba30f1.jpg", "bboxes": [0.6000516795865634, 0.0, 1.0, 0.45147286821705457], "class": 1}