{"image": "35ea48fa-eea9-11ee-af56-a6cd0eba30f1.jpg", "bboxes": [0.41560723514211884, 0.23963824289405655, 1.0, 1.0], "class": 1}