{"image": "35ea48fa-eea9-11ee-af56-a6cd0eba30f1.jpg", "bboxes": [0.25116279069767444, 0.02191214470284245, 0.9152454780361758, 0.8203617571059435], "class": 1}