{"image": "35ea48fa-eea9-11ee-af56-a6cd0eba30f1.jpg", "bboxes": [0.4822739018087855, 0.0, 1.0, 0.5314728682170545], "class": 1}