{"image": "35ea48fa-eea9-11ee-af56-a6cd0eba30f1.jpg", "bboxes": [0.7111627906976744, 0.03968992248062023, 1.0, 0.8381395348837213], "class": 1}