{"image": "35ea48fa-eea9-11ee-af56-a6cd0eba30f1.jpg", "bboxes": [0.9200516795865633, 0.15519379844961212, 1.0, 0.9536434108527131], "class": 1}