{"image": "35ea48fa-eea9-11ee-af56-a6cd0eba30f1.jpg", "bboxes": [0.0, 0.03968992248062023, 0.0599483204134367, 0.8381395348837213], "class": 1}