{"image": "35ea48fa-eea9-11ee-af56-a6cd0eba30f1.jpg", "bboxes": [0.6600516795865633, 0.0, 1.0, 0.5692506459948323], "class": 1}