{"image": "35ea48fa-eea9-11ee-af56-a6cd0eba30f1.jpg", "bboxes": [0.29116279069767437, 0.5885271317829455, 0.9552454780361758, 1.0], "class": 1}