{"image": "35ea48fa-eea9-11ee-af56-a6cd0eba30f1.jpg", "bboxes": [0.0, 0.1485271317829454, 0.41550387596899224, 0.9469767441860465], "class": 1}