{"image": "35ea48fa-eea9-11ee-af56-a6cd0eba30f1.jpg", "bboxes": [0.0, 0.3063049095607232, 0.5577260981912144, 1.0], "class": 1}