{"image": "35ea48fa-eea9-11ee-af56-a6cd0eba30f1.jpg", "bboxes": [0.7044961240310077, 0.019689922480620226, 1.0, 0.8181395348837213], "class": 1}