{"image": "35ea48fa-eea9-11ee-af56-a6cd0eba30f1.jpg", "bboxes": [0.8000516795865633, 0.0, 1.0, 0.5336950904392768], "class": 1}