{"image": "35ea48fa-eea9-11ee-af56-a6cd0eba30f1.jpg", "bboxes": [0.0736434108527131, 0.4374160206718344, 0.7377260981912145, 1.0], "class": 1}