{"image": "35ea48fa-eea9-11ee-af56-a6cd0eba30f1.jpg", "bboxes": [0.011162790697674452, 0.4063049095607232, 0.6752454780361759, 1.0], "class": 1}