{"image": "35ea48fa-eea9-11ee-af56-a6cd0eba30f1.jpg", "bboxes": [0.4844961240310077, 0.13080103359173134, 1.0, 0.9292506459948323], "class": 1}