{"image": "35ea48fa-eea9-11ee-af56-a6cd0eba30f1.jpg", "bboxes": [0.222532299741602, 0.0, 0.8866149870801033, 0.7025839793281656], "class": 1}