{"image": "35ea48fa-eea9-11ee-af56-a6cd0eba30f1.jpg", "bboxes": [0.3114211886304909, 0.6263049095607232, 0.9755038759689922, 1.0], "class": 1}