{"image": "35ea48fa-eea9-11ee-af56-a6cd0eba30f1.jpg", "bboxes": [0.5491989664082687, 0.0, 1.0, 0.6048062015503879], "class": 1}