{"image": "35ea48fa-eea9-11ee-af56-a6cd0eba30f1.jpg", "bboxes": [0.70671834625323, 0.0, 1.0, 0.4070284237726101], "class": 1}