{"image": "35ea48fa-eea9-11ee-af56-a6cd0eba30f1.jpg", "bboxes": [0.05808785529715755, 0.0, 0.7221705426356589, 0.4936950904392768], "class": 1}