{"image": "35ea48fa-eea9-11ee-af56-a6cd0eba30f1.jpg", "bboxes": [0.5203100775193797, 0.0, 1.0, 0.4536950904392768], "class": 1}