{"image": "364045ca-eea9-11ee-af56-a6cd0eba30f1.jpg", "bboxes": [0.836795865633075, 0.0, 1.0, 0.5190180878552971], "class": 1}