{"image": "364045ca-eea9-11ee-af56-a6cd0eba30f1.jpg", "bboxes": [0.8790180878552971, 0.05416020671834625, 1.0, 0.8190180878552972], "class": 1}