{"image": "364045ca-eea9-11ee-af56-a6cd0eba30f1.jpg", "bboxes": [0.3745736434108527, 0.0, 0.9663049095607236, 0.4856847545219638], "class": 1}