{"image": "364045ca-eea9-11ee-af56-a6cd0eba30f1.jpg", "bboxes": [0.4745736434108527, 0.08764857881136956, 1.0, 0.8525064599483204], "class": 1}