{"image": "364045ca-eea9-11ee-af56-a6cd0eba30f1.jpg", "bboxes": [0.18702842377260975, 0.25416020671834627, 0.7787596899224807, 1.0], "class": 1}