{"image": "364045ca-eea9-11ee-af56-a6cd0eba30f1.jpg", "bboxes": [0.42258397932816527, 0.4187596899224807, 1.0, 1.0], "class": 1}