{"image": "364045ca-eea9-11ee-af56-a6cd0eba30f1.jpg", "bboxes": [0.6301291989664083, 0.0, 1.0, 0.7523514211886304], "class": 1}