{"image": "364045ca-eea9-11ee-af56-a6cd0eba30f1.jpg", "bboxes": [0.031472868217054195, 0.0, 0.623204134366925, 0.7436175710594315], "class": 1}