{"image": "364045ca-eea9-11ee-af56-a6cd0eba30f1.jpg", "bboxes": [0.0, 0.24082687338501294, 0.4054263565891473, 1.0], "class": 1}