{"image": "364045ca-eea9-11ee-af56-a6cd0eba30f1.jpg", "bboxes": [0.37591731266149864, 0.0, 0.9676485788113696, 0.5590180878552972], "class": 1}