{"image": "364045ca-eea9-11ee-af56-a6cd0eba30f1.jpg", "bboxes": [0.2536950904392764, 0.49875968992248065, 0.8454263565891473, 1.0], "class": 1}