{"image": "364045ca-eea9-11ee-af56-a6cd0eba30f1.jpg", "bboxes": [0.0, 0.27653746770025844, 0.47431524547803616, 1.0], "class": 1}