{"image": "364045ca-eea9-11ee-af56-a6cd0eba30f1.jpg", "bboxes": [0.41369509043927644, 0.0, 1.0, 0.4523514211886305], "class": 1}