{"image": "364045ca-eea9-11ee-af56-a6cd0eba30f1.jpg", "bboxes": [0.0, 0.06320413436692507, 0.5343152454780362, 0.828062015503876], "class": 1}