{"image": "364045ca-eea9-11ee-af56-a6cd0eba30f1.jpg", "bboxes": [0.7648062015503875, 0.0, 1.0, 0.47901808785529715], "class": 1}