{"image": "364045ca-eea9-11ee-af56-a6cd0eba30f1.jpg", "bboxes": [0.7736950904392764, 0.2098708010335918, 1.0, 0.9747286821705426], "class": 1}