{"image": "364045ca-eea9-11ee-af56-a6cd0eba30f1.jpg", "bboxes": [0.0, 0.0386046511627907, 0.23209302325581394, 0.8034625322997416], "class": 1}