{"image": "364045ca-eea9-11ee-af56-a6cd0eba30f1.jpg", "bboxes": [0.0, 0.22304909560723515, 0.16542635658914728, 0.987906976744186], "class": 1}