{"image": "364045ca-eea9-11ee-af56-a6cd0eba30f1.jpg", "bboxes": [0.0, 0.14527131782945737, 0.4596382428940569, 0.9101291989664082], "class": 1}