{"image": "364045ca-eea9-11ee-af56-a6cd0eba30f1.jpg", "bboxes": [0.0, 0.5098708010335917, 0.07209302325581401, 1.0], "class": 1}