{"image": "364045ca-eea9-11ee-af56-a6cd0eba30f1.jpg", "bboxes": [0.0, 0.5498708010335918, 0.22408268733850137, 1.0], "class": 1}