{"image": "364045ca-eea9-11ee-af56-a6cd0eba30f1.jpg", "bboxes": [0.8292506459948319, 0.23209302325581394, 1.0, 0.9969509043927649], "class": 1}