{"image": "364045ca-eea9-11ee-af56-a6cd0eba30f1.jpg", "bboxes": [0.22790697674418603, 0.0, 0.819638242894057, 0.7367958656330749], "class": 1}