{"image": "364045ca-eea9-11ee-af56-a6cd0eba30f1.jpg", "bboxes": [0.0, 0.41653746770025846, 0.1476485788113695, 1.0], "class": 1}