{"image": "364045ca-eea9-11ee-af56-a6cd0eba30f1.jpg", "bboxes": [0.47813953488372085, 0.3432041343669251, 1.0, 1.0], "class": 1}