{"image": "364045ca-eea9-11ee-af56-a6cd0eba30f1.jpg", "bboxes": [0.04568475452196379, 0.0, 0.6374160206718347, 0.7347286821705427], "class": 1}