{"image": "364045ca-eea9-11ee-af56-a6cd0eba30f1.jpg", "bboxes": [0.21901808785529714, 0.12320413436692512, 0.810749354005168, 0.888062015503876], "class": 1}