{"image": "364045ca-eea9-11ee-af56-a6cd0eba30f1.jpg", "bboxes": [0.13901808785529712, 0.11431524547803618, 0.730749354005168, 0.879173126614987], "class": 1}