{"image": "364045ca-eea9-11ee-af56-a6cd0eba30f1.jpg", "bboxes": [0.46480620155038754, 0.0, 1.0, 0.44124031007751935], "class": 1}