{"image": "364045ca-eea9-11ee-af56-a6cd0eba30f1.jpg", "bboxes": [0.04124031007751935, 0.12987080103359172, 0.6329715762273903, 0.8947286821705427], "class": 1}