{"image": "364045ca-eea9-11ee-af56-a6cd0eba30f1.jpg", "bboxes": [0.0, 0.0, 0.2476485788113696, 0.716795865633075], "class": 1}