{"image": "364045ca-eea9-11ee-af56-a6cd0eba30f1.jpg", "bboxes": [0.09147286821705414, 0.0, 0.6832041343669251, 0.5545736434108527], "class": 1}