{"image": "364045ca-eea9-11ee-af56-a6cd0eba30f1.jpg", "bboxes": [0.8492506459948319, 0.20764857881136956, 1.0, 0.9725064599483204], "class": 1}