{"image": "364045ca-eea9-11ee-af56-a6cd0eba30f1.jpg", "bboxes": [0.847906976744186, 0.13193798449612404, 1.0, 0.8967958656330749], "class": 1}