{"image": "364045ca-eea9-11ee-af56-a6cd0eba30f1.jpg", "bboxes": [0.8381395348837208, 0.4498708010335918, 1.0, 1.0], "class": 1}