{"image": "364045ca-eea9-11ee-af56-a6cd0eba30f1.jpg", "bboxes": [0.0, 0.31431524547803624, 0.4365374677002585, 1.0], "class": 1}