{"image": "364045ca-eea9-11ee-af56-a6cd0eba30f1.jpg", "bboxes": [0.09901808785529713, 0.29653746770025846, 0.690749354005168, 1.0], "class": 1}