{"image": "364045ca-eea9-11ee-af56-a6cd0eba30f1.jpg", "bboxes": [0.7367958656330749, 0.0, 1.0, 0.6945736434108527], "class": 1}