{"image": "364045ca-eea9-11ee-af56-a6cd0eba30f1.jpg", "bboxes": [0.7012403100775193, 0.03209302325581398, 1.0, 0.7969509043927648], "class": 1}