{"image": "364045ca-eea9-11ee-af56-a6cd0eba30f1.jpg", "bboxes": [0.29235142118863044, 0.0, 0.8840826873385014, 0.6656847545219637], "class": 1}