{"image": "364045ca-eea9-11ee-af56-a6cd0eba30f1.jpg", "bboxes": [0.0, 0.19653746770025837, 0.2463049095607236, 0.9613953488372093], "class": 1}