{"image": "364045ca-eea9-11ee-af56-a6cd0eba30f1.jpg", "bboxes": [0.4625839793281653, 0.1476485788113695, 1.0, 0.9125064599483204], "class": 1}