{"image": "364045ca-eea9-11ee-af56-a6cd0eba30f1.jpg", "bboxes": [0.6367958656330749, 0.2565374677002584, 1.0, 1.0], "class": 1}