{"image": "364045ca-eea9-11ee-af56-a6cd0eba30f1.jpg", "bboxes": [0.0, 0.4898708010335917, 0.5107493540051681, 1.0], "class": 1}