{"image": "364045ca-eea9-11ee-af56-a6cd0eba30f1.jpg", "bboxes": [0.28258397932816526, 0.0, 0.8743152454780362, 0.5456847545219637], "class": 1}