{"image": "369695b0-eea9-11ee-af56-a6cd0eba30f1.jpg", "bboxes": [0.47715762273901824, 0.2615503875968993, 1.0, 1.0], "class": 1}