{"image": "369695b0-eea9-11ee-af56-a6cd0eba30f1.jpg", "bboxes": [0.0016020671834626732, 0.0, 0.6010852713178297, 0.5228940568475452], "class": 1}