{"image": "369695b0-eea9-11ee-af56-a6cd0eba30f1.jpg", "bboxes": [0.3833591731266147, 0.12155038759689929, 0.9828423772609818, 0.9225839793281653], "class": 1}