{"image": "369695b0-eea9-11ee-af56-a6cd0eba30f1.jpg", "bboxes": [0.0, 0.03074935400516804, 0.5166408268733853, 0.8317829457364341], "class": 1}