{"image": "369695b0-eea9-11ee-af56-a6cd0eba30f1.jpg", "bboxes": [0.1989147286821703, 0.0, 0.7983979328165374, 0.7181395348837208], "class": 1}