{"image": "369695b0-eea9-11ee-af56-a6cd0eba30f1.jpg", "bboxes": [0.7327131782945738, 0.03963824289405693, 1.0, 0.840671834625323], "class": 1}