{"image": "369695b0-eea9-11ee-af56-a6cd0eba30f1.jpg", "bboxes": [0.0, 0.2926614987080104, 0.5344186046511631, 1.0], "class": 1}