{"image": "369695b0-eea9-11ee-af56-a6cd0eba30f1.jpg", "bboxes": [0.0, 0.10377260981912151, 0.5006201550387596, 0.9048062015503875], "class": 1}