{"image": "369695b0-eea9-11ee-af56-a6cd0eba30f1.jpg", "bboxes": [0.5904909560723516, 0.0, 1.0, 0.6317829457364341], "class": 1}