{"image": "369695b0-eea9-11ee-af56-a6cd0eba30f1.jpg", "bboxes": [0.0, 0.01074935400516804, 0.29173126614987066, 0.8117829457364341], "class": 1}