{"image": "369695b0-eea9-11ee-af56-a6cd0eba30f1.jpg", "bboxes": [0.25937984496124045, 0.34599483204134374, 0.8588630490956075, 1.0], "class": 1}