{"image": "369695b0-eea9-11ee-af56-a6cd0eba30f1.jpg", "bboxes": [0.4327131782945738, 0.4148837209302326, 1.0, 1.0], "class": 1}