{"image": "369695b0-eea9-11ee-af56-a6cd0eba30f1.jpg", "bboxes": [0.0, 0.23963824289405694, 0.5321963824289409, 1.0], "class": 1}