{"image": "369695b0-eea9-11ee-af56-a6cd0eba30f1.jpg", "bboxes": [0.0, 0.21074935400516803, 0.4321963824289408, 1.0], "class": 1}