{"image": "369695b0-eea9-11ee-af56-a6cd0eba30f1.jpg", "bboxes": [0.07715762273901823, 0.2463049095607236, 0.6766408268733852, 1.0], "class": 1}