{"image": "369695b0-eea9-11ee-af56-a6cd0eba30f1.jpg", "bboxes": [0.0, 0.2663049095607236, 0.5406201550387595, 1.0], "class": 1}