{"image": "369695b0-eea9-11ee-af56-a6cd0eba30f1.jpg", "bboxes": [0.0, 0.4948837209302326, 0.5721963824289408, 1.0], "class": 1}