{"image": "369695b0-eea9-11ee-af56-a6cd0eba30f1.jpg", "bboxes": [0.4704909560723516, 0.4837726098191215, 1.0, 1.0], "class": 1}