{"image": "369695b0-eea9-11ee-af56-a6cd0eba30f1.jpg", "bboxes": [0.5838242894056849, 0.26599483204134367, 1.0, 1.0], "class": 1}