{"image": "369695b0-eea9-11ee-af56-a6cd0eba30f1.jpg", "bboxes": [0.0, 0.15963824289405693, 0.4588630490956075, 0.960671834625323], "class": 1}