{"image": "369695b0-eea9-11ee-af56-a6cd0eba30f1.jpg", "bboxes": [0.3727131782945738, 0.024082687338501375, 0.9721963824289408, 0.8251162790697674], "class": 1}