{"image": "369695b0-eea9-11ee-af56-a6cd0eba30f1.jpg", "bboxes": [0.5616020671834627, 0.21519379844961248, 1.0, 1.0], "class": 1}