{"image": "369695b0-eea9-11ee-af56-a6cd0eba30f1.jpg", "bboxes": [0.0, 0.12155038759689929, 0.11617571059431508, 0.9225839793281653], "class": 1}