{"image": "369695b0-eea9-11ee-af56-a6cd0eba30f1.jpg", "bboxes": [0.0, 0.05488372093023264, 0.3117312661498707, 0.8559173126614986], "class": 1}