{"image": "369695b0-eea9-11ee-af56-a6cd0eba30f1.jpg", "bboxes": [0.36160206718346266, 0.48599483204134375, 0.9610852713178297, 1.0], "class": 1}