{"image": "369695b0-eea9-11ee-af56-a6cd0eba30f1.jpg", "bboxes": [0.15669250645994803, 0.44155038759689924, 0.7561757105943151, 1.0], "class": 1}