{"image": "369695b0-eea9-11ee-af56-a6cd0eba30f1.jpg", "bboxes": [0.45447028423772584, 0.2504392764857881, 1.0, 1.0], "class": 1}