{"image": "369695b0-eea9-11ee-af56-a6cd0eba30f1.jpg", "bboxes": [0.2571576227390182, 0.29519379844961247, 0.8566408268733853, 1.0], "class": 1}