{"image": "369695b0-eea9-11ee-af56-a6cd0eba30f1.jpg", "bboxes": [0.5860465116279071, 0.11043927648578811, 1.0, 0.9114728682170542], "class": 1}