{"image": "369695b0-eea9-11ee-af56-a6cd0eba30f1.jpg", "bboxes": [0.065581395348837, 0.0, 0.6650645994832041, 0.5740051679586563], "class": 1}