{"image": "369695b0-eea9-11ee-af56-a6cd0eba30f1.jpg", "bboxes": [0.0, 0.09297157622739026, 0.39173126614987064, 0.8940051679586563], "class": 1}