{"image": "369695b0-eea9-11ee-af56-a6cd0eba30f1.jpg", "bboxes": [0.0, 0.1885271317829458, 0.5917312661498706, 0.9895607235142119], "class": 1}