{"image": "36ece118-eea9-11ee-af56-a6cd0eba30f1.jpg", "bboxes": [0.0, 0.29276485788113704, 0.19788113695090437, 1.0], "class": 1}