{"image": "36ece118-eea9-11ee-af56-a6cd0eba30f1.jpg", "bboxes": [0.0, 0.05498708010335924, 0.40677002583979327, 0.8120930232558141], "class": 1}