{"image": "36ece118-eea9-11ee-af56-a6cd0eba30f1.jpg", "bboxes": [0.6240826873385014, 0.15943152454780368, 1.0, 0.9165374677002586], "class": 1}