{"image": "36ece118-eea9-11ee-af56-a6cd0eba30f1.jpg", "bboxes": [0.3976744186046512, 0.0, 1.0, 0.7005684754521964], "class": 1}