{"image": "36ece118-eea9-11ee-af56-a6cd0eba30f1.jpg", "bboxes": [0.1087855297157623, 0.32609819121447037, 0.7470284237726097, 1.0], "class": 1}