{"image": "36ece118-eea9-11ee-af56-a6cd0eba30f1.jpg", "bboxes": [0.8865633074935401, 0.0, 1.0, 0.7520930232558141], "class": 1}