{"image": "36ece118-eea9-11ee-af56-a6cd0eba30f1.jpg", "bboxes": [0.0, 0.4345736434108526, 0.589250645994832, 1.0], "class": 1}