{"image": "36ece118-eea9-11ee-af56-a6cd0eba30f1.jpg", "bboxes": [0.5085271317829458, 0.032351421188630325, 1.0, 0.7894573643410852], "class": 1}