{"image": "36ece118-eea9-11ee-af56-a6cd0eba30f1.jpg", "bboxes": [0.0, 0.4679069767441859, 0.6225839793281653, 1.0], "class": 1}