{"image": "36ece118-eea9-11ee-af56-a6cd0eba30f1.jpg", "bboxes": [0.00852713178294584, 0.0, 0.6467700258397933, 0.5832041343669252], "class": 1}