{"image": "36ece118-eea9-11ee-af56-a6cd0eba30f1.jpg", "bboxes": [0.9621188630490957, 0.0, 1.0, 0.747235142118863], "class": 1}