{"image": "36ece118-eea9-11ee-af56-a6cd0eba30f1.jpg", "bboxes": [0.19741602067183472, 0.0, 0.8356589147286821, 0.7161240310077519], "class": 1}