{"image": "36ece118-eea9-11ee-af56-a6cd0eba30f1.jpg", "bboxes": [0.0687855297157623, 0.35720930232558146, 0.7070284237726098, 1.0], "class": 1}