{"image": "36ece118-eea9-11ee-af56-a6cd0eba30f1.jpg", "bboxes": [0.05297157622739024, 0.32568475452196366, 0.6912144702842378, 1.0], "class": 1}