{"image": "36ece118-eea9-11ee-af56-a6cd0eba30f1.jpg", "bboxes": [0.0, 0.04832041343669257, 0.5023255813953489, 0.8054263565891474], "class": 1}