{"image": "36ece118-eea9-11ee-af56-a6cd0eba30f1.jpg", "bboxes": [0.23741602067183476, 0.38124031007751924, 0.8756589147286822, 1.0], "class": 1}