{"image": "36ece118-eea9-11ee-af56-a6cd0eba30f1.jpg", "bboxes": [0.04434108527131785, 0.23235142118863028, 0.6825839793281653, 0.9894573643410852], "class": 1}