{"image": "36ece118-eea9-11ee-af56-a6cd0eba30f1.jpg", "bboxes": [0.37074935400516806, 0.0, 1.0, 0.6232041343669252], "class": 1}