{"image": "36ece118-eea9-11ee-af56-a6cd0eba30f1.jpg", "bboxes": [0.04211886304909563, 0.17235142118863034, 0.680361757105943, 0.9294573643410852], "class": 1}