{"image": "36ece118-eea9-11ee-af56-a6cd0eba30f1.jpg", "bboxes": [0.0, 0.2794315245478037, 0.4625839793281653, 1.0], "class": 1}