{"image": "36ece118-eea9-11ee-af56-a6cd0eba30f1.jpg", "bboxes": [0.5487855297157623, 0.22346253229974145, 1.0, 0.9805684754521963], "class": 1}