{"image": "36ece118-eea9-11ee-af56-a6cd0eba30f1.jpg", "bboxes": [0.5376744186046511, 0.11276485788113702, 1.0, 0.8698708010335919], "class": 1}