{"image": "36ece118-eea9-11ee-af56-a6cd0eba30f1.jpg", "bboxes": [0.43322997416020675, 0.2705426356589148, 1.0, 1.0], "class": 1}