{"image": "36ece118-eea9-11ee-af56-a6cd0eba30f1.jpg", "bboxes": [0.6576744186046511, 0.4101291989664081, 1.0, 1.0], "class": 1}