{"image": "36ece118-eea9-11ee-af56-a6cd0eba30f1.jpg", "bboxes": [0.47545219638242897, 0.0, 1.0, 0.6343152454780363], "class": 1}