{"image": "36ece118-eea9-11ee-af56-a6cd0eba30f1.jpg", "bboxes": [0.6243410852713178, 0.45235142118863036, 1.0, 1.0], "class": 1}