{"image": "36ece118-eea9-11ee-af56-a6cd0eba30f1.jpg", "bboxes": [0.05741602067183471, 0.18609819121447035, 0.6956589147286821, 0.9432041343669252], "class": 1}