{"image": "36ece118-eea9-11ee-af56-a6cd0eba30f1.jpg", "bboxes": [0.0, 0.0, 0.5178811369509044, 0.7161240310077519], "class": 1}