{"image": "36ece118-eea9-11ee-af56-a6cd0eba30f1.jpg", "bboxes": [0.041860465116279166, 0.1905426356589148, 0.6801033591731266, 0.9476485788113697], "class": 1}