{"image": "36ece118-eea9-11ee-af56-a6cd0eba30f1.jpg", "bboxes": [0.4065633074935401, 0.019431524547803683, 1.0, 0.7765374677002586], "class": 1}