{"image": "37440bf0-eea9-11ee-af56-a6cd0eba30f1.jpg", "bboxes": [0.0, 0.25870801033591734, 0.18780361757105946, 1.0], "class": 1}