{"image": "37440bf0-eea9-11ee-af56-a6cd0eba30f1.jpg", "bboxes": [0.0, 0.11674418604651149, 0.5678036175710595, 0.8635142118863048], "class": 1}