{"image": "37440bf0-eea9-11ee-af56-a6cd0eba30f1.jpg", "bboxes": [0.0, 0.10759689922480624, 0.3189147286821705, 0.8543669250645997], "class": 1}