{"image": "37440bf0-eea9-11ee-af56-a6cd0eba30f1.jpg", "bboxes": [0.33142118863049086, 0.25896640826873374, 0.9722480620155038, 1.0], "class": 1}