{"image": "37440bf0-eea9-11ee-af56-a6cd0eba30f1.jpg", "bboxes": [0.04697674418604647, 0.4278552971576226, 0.6878036175710593, 1.0], "class": 1}