{"image": "37440bf0-eea9-11ee-af56-a6cd0eba30f1.jpg", "bboxes": [0.9210852713178295, 0.0, 1.0, 0.6454780361757108], "class": 1}