{"image": "37440bf0-eea9-11ee-af56-a6cd0eba30f1.jpg", "bboxes": [0.5210852713178294, 0.13870801033591734, 1.0, 0.8854780361757107], "class": 1}