{"image": "37440bf0-eea9-11ee-af56-a6cd0eba30f1.jpg", "bboxes": [0.0, 0.2834108527131781, 0.5841343669250647, 1.0], "class": 1}