{"image": "37440bf0-eea9-11ee-af56-a6cd0eba30f1.jpg", "bboxes": [0.0, 0.21674418604651147, 0.3463565891472869, 0.9635142118863048], "class": 1}