{"image": "37440bf0-eea9-11ee-af56-a6cd0eba30f1.jpg", "bboxes": [0.0, 0.06118863049095591, 0.5308010335917314, 0.8079586563307493], "class": 1}