{"image": "37440bf0-eea9-11ee-af56-a6cd0eba30f1.jpg", "bboxes": [0.10697674418604641, 0.07204134366925069, 0.7478036175710594, 0.8188113695090441], "class": 1}