{"image": "37440bf0-eea9-11ee-af56-a6cd0eba30f1.jpg", "bboxes": [0.2203100775193798, 0.0, 0.8611369509043928, 0.7165891472868219], "class": 1}