{"image": "37440bf0-eea9-11ee-af56-a6cd0eba30f1.jpg", "bboxes": [0.0, 0.0, 0.6085788113695091, 0.694625322997416], "class": 1}