{"image": "37440bf0-eea9-11ee-af56-a6cd0eba30f1.jpg", "bboxes": [0.0, 0.12563307493540032, 0.477467700258398, 0.8724031007751938], "class": 1}