{"image": "37440bf0-eea9-11ee-af56-a6cd0eba30f1.jpg", "bboxes": [0.0, 0.20341085271317816, 0.5611369509043928, 0.9501808785529715], "class": 1}