{"image": "37440bf0-eea9-11ee-af56-a6cd0eba30f1.jpg", "bboxes": [0.7091989664082687, 0.17007751937984483, 1.0, 0.9168475452196382], "class": 1}