{"image": "37440bf0-eea9-11ee-af56-a6cd0eba30f1.jpg", "bboxes": [0.9380878552971575, 0.0, 1.0, 0.6479586563307493], "class": 1}