{"image": "37440bf0-eea9-11ee-af56-a6cd0eba30f1.jpg", "bboxes": [0.3299741602067183, 0.16981912144702846, 0.9708010335917313, 0.9165891472868218], "class": 1}