{"image": "37440bf0-eea9-11ee-af56-a6cd0eba30f1.jpg", "bboxes": [0.12108527131782947, 0.058708010335917354, 0.7619121447028424, 0.8054780361757108], "class": 1}