{"image": "37440bf0-eea9-11ee-af56-a6cd0eba30f1.jpg", "bboxes": [0.38031007751937973, 0.0, 1.0, 0.5877002583979329], "class": 1}