{"image": "37440bf0-eea9-11ee-af56-a6cd0eba30f1.jpg", "bboxes": [0.0, 0.3345219638242892, 0.045581395348837206, 1.0], "class": 1}