{"image": "37440bf0-eea9-11ee-af56-a6cd0eba30f1.jpg", "bboxes": [0.7580878552971575, 0.15007751937984481, 1.0, 0.8968475452196382], "class": 1}