{"image": "37440bf0-eea9-11ee-af56-a6cd0eba30f1.jpg", "bboxes": [0.45142118863049085, 0.0, 1.0, 0.618811369509044], "class": 1}