{"image": "37440bf0-eea9-11ee-af56-a6cd0eba30f1.jpg", "bboxes": [0.9810852713178294, 0.212299741602067, 1.0, 0.9590697674418605], "class": 1}