{"image": "37440bf0-eea9-11ee-af56-a6cd0eba30f1.jpg", "bboxes": [0.942532299741602, 0.0, 1.0, 0.6790697674418604], "class": 1}