{"image": "37440bf0-eea9-11ee-af56-a6cd0eba30f1.jpg", "bboxes": [0.0, 0.0056330749354003284, 0.23080103359173135, 0.7524031007751938], "class": 1}