{"image": "37440bf0-eea9-11ee-af56-a6cd0eba30f1.jpg", "bboxes": [0.0, 0.3542635658914729, 0.1285788113695091, 1.0], "class": 1}