{"image": "37440bf0-eea9-11ee-af56-a6cd0eba30f1.jpg", "bboxes": [0.0010852713178294633, 0.39229974160206704, 0.6419121447028424, 1.0], "class": 1}