{"image": "37440bf0-eea9-11ee-af56-a6cd0eba30f1.jpg", "bboxes": [0.7558656330749354, 0.452299741602067, 1.0, 1.0], "class": 1}