{"image": "37440bf0-eea9-11ee-af56-a6cd0eba30f1.jpg", "bboxes": [0.5514211886304909, 0.25229974160206703, 1.0, 0.9990697674418604], "class": 1}