{"image": "37440bf0-eea9-11ee-af56-a6cd0eba30f1.jpg", "bboxes": [0.14330749354005168, 0.14563307493540034, 0.7841343669250647, 0.8924031007751938], "class": 1}