{"image": "37440bf0-eea9-11ee-af56-a6cd0eba30f1.jpg", "bboxes": [0.8788630490956072, 0.1742635658914729, 1.0, 0.9210335917312663], "class": 1}