{"image": "37440bf0-eea9-11ee-af56-a6cd0eba30f1.jpg", "bboxes": [0.0, 0.32537467700258405, 0.26413436692506465, 1.0], "class": 1}