{"image": "37440bf0-eea9-11ee-af56-a6cd0eba30f1.jpg", "bboxes": [0.8499741602067183, 0.17229974160206707, 1.0, 0.9190697674418604], "class": 1}