{"image": "37440bf0-eea9-11ee-af56-a6cd0eba30f1.jpg", "bboxes": [0.0, 0.05007751937984484, 0.2908010335917313, 0.7968475452196382], "class": 1}