{"image": "37440bf0-eea9-11ee-af56-a6cd0eba30f1.jpg", "bboxes": [0.40031007751937975, 0.0, 1.0, 0.6832558139534886], "class": 1}