{"image": "37440bf0-eea9-11ee-af56-a6cd0eba30f1.jpg", "bboxes": [0.0, 0.35007751937984477, 0.22335917312661502, 1.0], "class": 1}