{"image": "37440bf0-eea9-11ee-af56-a6cd0eba30f1.jpg", "bboxes": [0.6114211886304909, 0.0, 1.0, 0.5143669250645996], "class": 1}