{"image": "37440bf0-eea9-11ee-af56-a6cd0eba30f1.jpg", "bboxes": [0.0, 0.0, 0.5722480620155039, 0.6635142118863049], "class": 1}