{"image": "37440bf0-eea9-11ee-af56-a6cd0eba30f1.jpg", "bboxes": [0.3855297157622739, 0.0, 1.0, 0.5654780361757107], "class": 1}