{"image": "37440bf0-eea9-11ee-af56-a6cd0eba30f1.jpg", "bboxes": [0.0, 0.09896640826873371, 0.5944702842377261, 0.8457364341085271], "class": 1}