{"image": "37440bf0-eea9-11ee-af56-a6cd0eba30f1.jpg", "bboxes": [0.3647545219638242, 0.092299741602067, 1.0, 0.8390697674418605], "class": 1}