{"image": "37440bf0-eea9-11ee-af56-a6cd0eba30f1.jpg", "bboxes": [0.0, 0.11229974160206702, 0.2744702842377261, 0.8590697674418604], "class": 1}