{"image": "37440bf0-eea9-11ee-af56-a6cd0eba30f1.jpg", "bboxes": [0.0, 0.41229974160206706, 0.5989147286821705, 1.0], "class": 1}