{"image": "37440bf0-eea9-11ee-af56-a6cd0eba30f1.jpg", "bboxes": [0.48108527131782947, 0.2056330749354004, 1.0, 0.9524031007751937], "class": 1}