{"image": "37440bf0-eea9-11ee-af56-a6cd0eba30f1.jpg", "bboxes": [0.8877519379844961, 0.0, 1.0, 0.7079586563307494], "class": 1}