{"image": "3799c78e-eea9-11ee-af56-a6cd0eba30f1.jpg", "bboxes": [0.4183979328165373, 0.0, 1.0, 0.4124547803617572], "class": 1}