{"image": "3799c78e-eea9-11ee-af56-a6cd0eba30f1.jpg", "bboxes": [0.0, 0.06702842377260987, 0.27064599483204144, 0.7724547803617572], "class": 1}