{"image": "3799c78e-eea9-11ee-af56-a6cd0eba30f1.jpg", "bboxes": [0.7717312661498706, 0.0, 1.0, 0.48356589147286827], "class": 1}