{"image": "3799c78e-eea9-11ee-af56-a6cd0eba30f1.jpg", "bboxes": [0.5695090439276485, 0.4097674418604651, 1.0, 1.0], "class": 1}