{"image": "3799c78e-eea9-11ee-af56-a6cd0eba30f1.jpg", "bboxes": [0.3960206718346252, 0.16532299741602063, 1.0, 0.870749354005168], "class": 1}