{"image": "3799c78e-eea9-11ee-af56-a6cd0eba30f1.jpg", "bboxes": [0.1872868217054262, 0.3675452196382428, 0.846201550387597, 1.0], "class": 1}