{"image": "3799c78e-eea9-11ee-af56-a6cd0eba30f1.jpg", "bboxes": [0.0, 0.2008785529715762, 0.39064599483204143, 0.9063049095607235], "class": 1}