{"image": "3799c78e-eea9-11ee-af56-a6cd0eba30f1.jpg", "bboxes": [0.1161757105943151, 0.0, 0.7750904392764859, 0.530232558139535], "class": 1}