{"image": "3799c78e-eea9-11ee-af56-a6cd0eba30f1.jpg", "bboxes": [0.17395348837209287, 0.0, 0.8328682170542637, 0.6168992248062016], "class": 1}