{"image": "3799c78e-eea9-11ee-af56-a6cd0eba30f1.jpg", "bboxes": [0.7672868217054262, 0.1403617571059432, 1.0, 0.8457881136950905], "class": 1}