{"image": "3799c78e-eea9-11ee-af56-a6cd0eba30f1.jpg", "bboxes": [0.7626873385012919, 0.5186563307493539, 1.0, 1.0], "class": 1}