{"image": "3799c78e-eea9-11ee-af56-a6cd0eba30f1.jpg", "bboxes": [0.3693540051679586, 0.5675452196382429, 1.0, 1.0], "class": 1}