{"image": "3799c78e-eea9-11ee-af56-a6cd0eba30f1.jpg", "bboxes": [0.8182428940568475, 0.18925064599483207, 1.0, 0.8946770025839794], "class": 1}