{"image": "3799c78e-eea9-11ee-af56-a6cd0eba30f1.jpg", "bboxes": [0.0, 0.31198966408268725, 0.5882687338501293, 1.0], "class": 1}