{"image": "3799c78e-eea9-11ee-af56-a6cd0eba30f1.jpg", "bboxes": [0.0, 0.26036175710594317, 0.6439793281653747, 0.9657881136950905], "class": 1}