{"image": "3799c78e-eea9-11ee-af56-a6cd0eba30f1.jpg", "bboxes": [0.0, 0.08480620155038764, 0.32826873385012934, 0.790232558139535], "class": 1}