{"image": "3799c78e-eea9-11ee-af56-a6cd0eba30f1.jpg", "bboxes": [0.8871317829457364, 0.016434108527131674, 1.0, 0.721860465116279], "class": 1}