{"image": "3799c78e-eea9-11ee-af56-a6cd0eba30f1.jpg", "bboxes": [0.7182428940568475, 0.4408785529715762, 1.0, 1.0], "class": 1}