{"image": "3799c78e-eea9-11ee-af56-a6cd0eba30f1.jpg", "bboxes": [0.1804651162790697, 0.18754521963824278, 0.8393798449612404, 0.8929715762273901], "class": 1}