{"image": "3799c78e-eea9-11ee-af56-a6cd0eba30f1.jpg", "bboxes": [0.35173126614987066, 0.478656330749354, 1.0, 1.0], "class": 1}