{"image": "3799c78e-eea9-11ee-af56-a6cd0eba30f1.jpg", "bboxes": [0.1693540051679585, 0.10310077519379834, 0.8282687338501293, 0.8085271317829457], "class": 1}