{"image": "3799c78e-eea9-11ee-af56-a6cd0eba30f1.jpg", "bboxes": [0.5428423772609817, 0.5319896640826873, 1.0, 1.0], "class": 1}