{"image": "3799c78e-eea9-11ee-af56-a6cd0eba30f1.jpg", "bboxes": [0.32268733850129183, 0.0, 0.9816020671834627, 0.5857881136950905], "class": 1}