{"image": "3799c78e-eea9-11ee-af56-a6cd0eba30f1.jpg", "bboxes": [0.0, 0.5408785529715762, 0.6038242894056849, 1.0], "class": 1}