{"image": "3799c78e-eea9-11ee-af56-a6cd0eba30f1.jpg", "bboxes": [0.9160206718346252, 0.08976744186046504, 1.0, 0.7951937984496124], "class": 1}