{"image": "3799c78e-eea9-11ee-af56-a6cd0eba30f1.jpg", "bboxes": [0.013953488372092883, 0.42532299741602064, 0.6728682170542637, 1.0], "class": 1}