{"image": "3799c78e-eea9-11ee-af56-a6cd0eba30f1.jpg", "bboxes": [0.39824289405684743, 0.034211886304909456, 1.0, 0.7396382428940569], "class": 1}