{"image": "3799c78e-eea9-11ee-af56-a6cd0eba30f1.jpg", "bboxes": [0.8493540051679586, 0.0, 1.0, 0.4635658914728683], "class": 1}