{"image": "3799c78e-eea9-11ee-af56-a6cd0eba30f1.jpg", "bboxes": [0.0, 0.05643410852713171, 0.2571576227390182, 0.761860465116279], "class": 1}