{"image": "3799c78e-eea9-11ee-af56-a6cd0eba30f1.jpg", "bboxes": [0.973798449612403, 0.5031007751937984, 1.0, 1.0], "class": 1}