{"image": "3799c78e-eea9-11ee-af56-a6cd0eba30f1.jpg", "bboxes": [0.47602067183462526, 0.02532299741602062, 1.0, 0.7307493540051679], "class": 1}