{"image": "3799c78e-eea9-11ee-af56-a6cd0eba30f1.jpg", "bboxes": [0.0, 0.3786563307493539, 0.21049095607235158, 1.0], "class": 1}