{"image": "3799c78e-eea9-11ee-af56-a6cd0eba30f1.jpg", "bboxes": [0.33602067183462525, 0.0, 0.994935400516796, 0.43689922480620164], "class": 1}