{"image": "3799c78e-eea9-11ee-af56-a6cd0eba30f1.jpg", "bboxes": [0.6515762273901808, 0.26754521963824285, 1.0, 0.9729715762273902], "class": 1}