{"image": "3799c78e-eea9-11ee-af56-a6cd0eba30f1.jpg", "bboxes": [0.17395348837209287, 0.4364341085271317, 0.8328682170542637, 1.0], "class": 1}