{"image": "3799c78e-eea9-11ee-af56-a6cd0eba30f1.jpg", "bboxes": [0.34728682170542624, 0.0, 1.0, 0.490232558139535], "class": 1}