{"image": "3799c78e-eea9-11ee-af56-a6cd0eba30f1.jpg", "bboxes": [0.5539534883720929, 0.2519896640826873, 1.0, 0.9574160206718346], "class": 1}