{"image": "3799c78e-eea9-11ee-af56-a6cd0eba30f1.jpg", "bboxes": [0.5695090439276485, 0.2625839793281654, 1.0, 0.9680103359173128], "class": 1}