{"image": "3799c78e-eea9-11ee-af56-a6cd0eba30f1.jpg", "bboxes": [0.38284237726098175, 0.25643410852713167, 1.0, 0.961860465116279], "class": 1}