{"image": "3799c78e-eea9-11ee-af56-a6cd0eba30f1.jpg", "bboxes": [0.34284237726098177, 0.3542118863049095, 1.0, 1.0], "class": 1}