{"image": "3799c78e-eea9-11ee-af56-a6cd0eba30f1.jpg", "bboxes": [0.0, 0.09369509043927653, 0.1773126614987081, 0.7991214470284238], "class": 1}