{"image": "3799c78e-eea9-11ee-af56-a6cd0eba30f1.jpg", "bboxes": [0.0, 0.2764341085271317, 0.6082687338501294, 0.981860465116279], "class": 1}