{"image": "3799c78e-eea9-11ee-af56-a6cd0eba30f1.jpg", "bboxes": [0.5960206718346253, 0.20702842377260985, 1.0, 0.9124547803617572], "class": 1}