{"image": "37f01b84-eea9-11ee-af56-a6cd0eba30f1.jpg", "bboxes": [0.0, 0.021653746770025906, 0.19157622739018101, 0.856279069767442], "class": 1}