{"image": "37f01b84-eea9-11ee-af56-a6cd0eba30f1.jpg", "bboxes": [0.09906976744186043, 0.483720930232558, 0.7915762273901811, 1.0], "class": 1}