{"image": "37f01b84-eea9-11ee-af56-a6cd0eba30f1.jpg", "bboxes": [0.6750904392764856, 0.0, 1.0, 0.5718346253229976], "class": 1}