{"image": "37f01b84-eea9-11ee-af56-a6cd0eba30f1.jpg", "bboxes": [0.0, 0.16372093023255807, 0.07870801033591734, 0.9983462532299741], "class": 1}