{"image": "37f01b84-eea9-11ee-af56-a6cd0eba30f1.jpg", "bboxes": [0.30397932816537454, 0.0, 0.9964857881136951, 0.6518346253229975], "class": 1}