{"image": "37f01b84-eea9-11ee-af56-a6cd0eba30f1.jpg", "bboxes": [0.7262015503875967, 0.0, 1.0, 0.5029457364341087], "class": 1}