{"image": "37f01b84-eea9-11ee-af56-a6cd0eba30f1.jpg", "bboxes": [0.5235142118863049, 0.16149870801033583, 1.0, 0.9961240310077518], "class": 1}