{"image": "37f01b84-eea9-11ee-af56-a6cd0eba30f1.jpg", "bboxes": [0.5773126614987079, 0.0, 1.0, 0.6696124031007753], "class": 1}