{"image": "37f01b84-eea9-11ee-af56-a6cd0eba30f1.jpg", "bboxes": [0.012403100775193757, 0.2992764857881136, 0.7049095607235144, 1.0], "class": 1}