{"image": "37f01b84-eea9-11ee-af56-a6cd0eba30f1.jpg", "bboxes": [0.0, 0.3481653746770025, 0.6782428940568477, 1.0], "class": 1}