{"image": "37f01b84-eea9-11ee-af56-a6cd0eba30f1.jpg", "bboxes": [0.634625322997416, 0.11705426356589144, 1.0, 0.9516795865633074], "class": 1}