{"image": "37f01b84-eea9-11ee-af56-a6cd0eba30f1.jpg", "bboxes": [0.0, 0.11943152454780369, 0.2404651162790699, 0.9540568475452197], "class": 1}