{"image": "37f01b84-eea9-11ee-af56-a6cd0eba30f1.jpg", "bboxes": [0.0, 0.16832041343669257, 0.6142635658914729, 1.0], "class": 1}