{"image": "37f01b84-eea9-11ee-af56-a6cd0eba30f1.jpg", "bboxes": [0.5484237726098189, 0.31483204134366916, 1.0, 1.0], "class": 1}