{"image": "37f01b84-eea9-11ee-af56-a6cd0eba30f1.jpg", "bboxes": [0.7879586563307494, 0.29038759689922466, 1.0, 1.0], "class": 1}