{"image": "37f01b84-eea9-11ee-af56-a6cd0eba30f1.jpg", "bboxes": [0.09953488372093011, 0.0, 0.7920413436692507, 0.6296124031007753], "class": 1}