{"image": "37f01b84-eea9-11ee-af56-a6cd0eba30f1.jpg", "bboxes": [0.0, 0.26372093023255805, 0.48537467700258397, 1.0], "class": 1}