{"image": "37f01b84-eea9-11ee-af56-a6cd0eba30f1.jpg", "bboxes": [0.0, 0.15705426356589136, 0.2760206718346255, 0.9916795865633075], "class": 1}