{"image": "37f01b84-eea9-11ee-af56-a6cd0eba30f1.jpg", "bboxes": [0.0, 0.21276485788113703, 0.48713178294573656, 1.0], "class": 1}