{"image": "37f01b84-eea9-11ee-af56-a6cd0eba30f1.jpg", "bboxes": [0.13018087855297153, 0.09038759689922471, 0.8226873385012922, 0.9250129198966408], "class": 1}