{"image": "37f01b84-eea9-11ee-af56-a6cd0eba30f1.jpg", "bboxes": [0.5812919896640827, 0.15276485788113703, 1.0, 0.987390180878553], "class": 1}