{"image": "37f01b84-eea9-11ee-af56-a6cd0eba30f1.jpg", "bboxes": [0.0, 0.037209302325581464, 0.1142635658914729, 0.8718346253229975], "class": 1}