{"image": "37f01b84-eea9-11ee-af56-a6cd0eba30f1.jpg", "bboxes": [0.6328682170542634, 0.010542635658914794, 1.0, 0.8451679586563309], "class": 1}