{"image": "37f01b84-eea9-11ee-af56-a6cd0eba30f1.jpg", "bboxes": [0.0, 0.3948320413436691, 0.45602067183462547, 1.0], "class": 1}