{"image": "37f01b84-eea9-11ee-af56-a6cd0eba30f1.jpg", "bboxes": [0.0, 0.36594315245478026, 0.3782428940568477, 1.0], "class": 1}