{"image": "37f01b84-eea9-11ee-af56-a6cd0eba30f1.jpg", "bboxes": [0.0, 0.09943152454780368, 0.2275968992248062, 0.9340568475452198], "class": 1}