{"image": "37f01b84-eea9-11ee-af56-a6cd0eba30f1.jpg", "bboxes": [0.7590697674418604, 0.0, 1.0, 0.7827906976744186], "class": 1}