{"image": "37f01b84-eea9-11ee-af56-a6cd0eba30f1.jpg", "bboxes": [0.5039793281653746, 0.22832041343669257, 1.0, 1.0], "class": 1}