{"image": "37f01b84-eea9-11ee-af56-a6cd0eba30f1.jpg", "bboxes": [0.4017571059431523, 0.0, 1.0, 0.5096124031007753], "class": 1}