{"image": "37f01b84-eea9-11ee-af56-a6cd0eba30f1.jpg", "bboxes": [0.7773126614987078, 0.21927648578811365, 1.0, 1.0], "class": 1}