{"image": "37f01b84-eea9-11ee-af56-a6cd0eba30f1.jpg", "bboxes": [0.41240310077519376, 0.0, 1.0, 0.7983462532299741], "class": 1}