{"image": "37f01b84-eea9-11ee-af56-a6cd0eba30f1.jpg", "bboxes": [0.3768475452196382, 0.2037209302325581, 1.0, 1.0], "class": 1}