{"image": "37f01b84-eea9-11ee-af56-a6cd0eba30f1.jpg", "bboxes": [0.4368475452196382, 0.0, 1.0, 0.736279069767442], "class": 1}