{"image": "37f01b84-eea9-11ee-af56-a6cd0eba30f1.jpg", "bboxes": [0.8101808785529715, 0.0, 1.0, 0.8118346253229975], "class": 1}