{"image": "37f01b84-eea9-11ee-af56-a6cd0eba30f1.jpg", "bboxes": [0.4924031007751938, 0.0, 1.0, 0.776279069767442], "class": 1}