{"image": "37f01b84-eea9-11ee-af56-a6cd0eba30f1.jpg", "bboxes": [0.3368475452196382, 0.1416537467700259, 1.0, 0.9762790697674419], "class": 1}