{"image": "37f01b84-eea9-11ee-af56-a6cd0eba30f1.jpg", "bboxes": [0.0, 0.3237209302325581, 0.5898191214470285, 1.0], "class": 1}