{"image": "38417b82-eea9-11ee-af56-a6cd0eba30f1.jpg", "bboxes": [0.0, 0.43235142118863035, 0.10816537467700275, 1.0], "class": 1}