{"image": "38417b82-eea9-11ee-af56-a6cd0eba30f1.jpg", "bboxes": [0.0, 0.07679586563307483, 0.43808785529715755, 0.9450129198966407], "class": 1}