{"image": "38417b82-eea9-11ee-af56-a6cd0eba30f1.jpg", "bboxes": [0.0, 0.4745736434108525, 0.20594315245478054, 1.0], "class": 1}