{"image": "38417b82-eea9-11ee-af56-a6cd0eba30f1.jpg", "bboxes": [0.011834625322997283, 0.16790697674418587, 0.6914211886304908, 1.0], "class": 1}