{"image": "38417b82-eea9-11ee-af56-a6cd0eba30f1.jpg", "bboxes": [0.4196899224806202, 0.0, 1.0, 0.8250129198966407], "class": 1}