{"image": "38417b82-eea9-11ee-af56-a6cd0eba30f1.jpg", "bboxes": [0.22961240310077502, 0.0, 0.9091989664082687, 0.5787596899224807], "class": 1}