{"image": "38417b82-eea9-11ee-af56-a6cd0eba30f1.jpg", "bboxes": [0.0, 0.0, 0.43808785529715755, 0.8516795865633074], "class": 1}