{"image": "38417b82-eea9-11ee-af56-a6cd0eba30f1.jpg", "bboxes": [0.4663565891472869, 0.09276485788113702, 1.0, 0.960981912144703], "class": 1}