{"image": "38417b82-eea9-11ee-af56-a6cd0eba30f1.jpg", "bboxes": [0.0, 0.2634625322997415, 0.33586563307493533, 1.0], "class": 1}