{"image": "38417b82-eea9-11ee-af56-a6cd0eba30f1.jpg", "bboxes": [0.14961240310077506, 0.0, 0.8291989664082686, 0.6343152454780363], "class": 1}