{"image": "38417b82-eea9-11ee-af56-a6cd0eba30f1.jpg", "bboxes": [0.4318346253229972, 0.0879069767441859, 1.0, 0.9561240310077519], "class": 1}