{"image": "38417b82-eea9-11ee-af56-a6cd0eba30f1.jpg", "bboxes": [0.6740568475452196, 0.027906976744185852, 1.0, 0.8961240310077518], "class": 1}