{"image": "38417b82-eea9-11ee-af56-a6cd0eba30f1.jpg", "bboxes": [0.9063565891472869, 0.19901808785529695, 1.0, 1.0], "class": 1}