{"image": "38417b82-eea9-11ee-af56-a6cd0eba30f1.jpg", "bboxes": [0.42739018087855285, 0.15276485788113703, 1.0, 1.0], "class": 1}