{"image": "38417b82-eea9-11ee-af56-a6cd0eba30f1.jpg", "bboxes": [0.0, 0.29901808785529704, 0.5069767441860464, 1.0], "class": 1}