{"image": "38417b82-eea9-11ee-af56-a6cd0eba30f1.jpg", "bboxes": [0.016279069767441645, 0.04609819121447035, 0.6958656330749353, 0.9143152454780363], "class": 1}