{"image": "38417b82-eea9-11ee-af56-a6cd0eba30f1.jpg", "bboxes": [0.4362790697674417, 0.01720930232558146, 1.0, 0.8854263565891475], "class": 1}