{"image": "38417b82-eea9-11ee-af56-a6cd0eba30f1.jpg", "bboxes": [0.0, 0.4723514211886304, 0.450387596899225, 1.0], "class": 1}