{"image": "38417b82-eea9-11ee-af56-a6cd0eba30f1.jpg", "bboxes": [0.0, 0.33012919896640813, 0.2570542635658916, 1.0], "class": 1}