{"image": "38417b82-eea9-11ee-af56-a6cd0eba30f1.jpg", "bboxes": [0.7051679586563306, 0.359018087855297, 1.0, 1.0], "class": 1}