{"image": "38417b82-eea9-11ee-af56-a6cd0eba30f1.jpg", "bboxes": [0.0, 0.09276485788113702, 0.5758656330749353, 0.960981912144703], "class": 1}