{"image": "38417b82-eea9-11ee-af56-a6cd0eba30f1.jpg", "bboxes": [0.0, 0.35679586563307475, 0.5948320413436694, 1.0], "class": 1}