{"image": "38417b82-eea9-11ee-af56-a6cd0eba30f1.jpg", "bboxes": [0.0, 0.22346253229974145, 0.5869767441860465, 1.0], "class": 1}