{"image": "38417b82-eea9-11ee-af56-a6cd0eba30f1.jpg", "bboxes": [0.12191214470284245, 0.0, 0.8014987080103361, 0.5587596899224808], "class": 1}