{"image": "38417b82-eea9-11ee-af56-a6cd0eba30f1.jpg", "bboxes": [0.8807235142118861, 0.0, 1.0, 0.847235142118863], "class": 1}