{"image": "38417b82-eea9-11ee-af56-a6cd0eba30f1.jpg", "bboxes": [0.0, 0.059431524547803684, 0.6314211886304909, 0.9276485788113696], "class": 1}