{"image": "38417b82-eea9-11ee-af56-a6cd0eba30f1.jpg", "bboxes": [0.0, 0.07498708010335924, 0.29364341085271306, 0.9432041343669252], "class": 1}