{"image": "38417b82-eea9-11ee-af56-a6cd0eba30f1.jpg", "bboxes": [0.0, 0.019431524547803683, 0.13364341085271314, 0.8876485788113697], "class": 1}