{"image": "38417b82-eea9-11ee-af56-a6cd0eba30f1.jpg", "bboxes": [0.05627906976744168, 0.0, 0.7358656330749354, 0.6343152454780363], "class": 1}