{"image": "38417b82-eea9-11ee-af56-a6cd0eba30f1.jpg", "bboxes": [0.0, 0.0, 0.4403100775193798, 0.5387596899224808], "class": 1}