{"image": "38417b82-eea9-11ee-af56-a6cd0eba30f1.jpg", "bboxes": [0.9663565891472868, 0.0, 1.0, 0.6454263565891475], "class": 1}