{"image": "38417b82-eea9-11ee-af56-a6cd0eba30f1.jpg", "bboxes": [0.05080103359173134, 0.2967958656330748, 0.730387596899225, 1.0], "class": 1}