{"image": "38417b82-eea9-11ee-af56-a6cd0eba30f1.jpg", "bboxes": [0.8229457364341084, 0.15943152454780368, 1.0, 1.0], "class": 1}