{"image": "38417b82-eea9-11ee-af56-a6cd0eba30f1.jpg", "bboxes": [0.4740568475452195, 0.18790697674418588, 1.0, 1.0], "class": 1}