{"image": "38417b82-eea9-11ee-af56-a6cd0eba30f1.jpg", "bboxes": [0.9308010335917314, 0.132764857881137, 1.0, 1.0], "class": 1}