{"image": "38417b82-eea9-11ee-af56-a6cd0eba30f1.jpg", "bboxes": [0.08191214470284244, 0.2767958656330748, 0.761498708010336, 1.0], "class": 1}