{"image": "38417b82-eea9-11ee-af56-a6cd0eba30f1.jpg", "bboxes": [0.8518346253229973, 0.0905426356589148, 1.0, 0.9587596899224807], "class": 1}