{"image": "38417b82-eea9-11ee-af56-a6cd0eba30f1.jpg", "bboxes": [0.0, 0.37679586563307477, 0.13586563307493538, 1.0], "class": 1}