{"image": "38417b82-eea9-11ee-af56-a6cd0eba30f1.jpg", "bboxes": [0.1407235142118861, 0.012351421188630307, 0.8203100775193798, 0.8805684754521963], "class": 1}