{"image": "38417b82-eea9-11ee-af56-a6cd0eba30f1.jpg", "bboxes": [0.177467700258398, 0.17457364341085257, 0.8570542635658916, 1.0], "class": 1}