{"image": "38417b82-eea9-11ee-af56-a6cd0eba30f1.jpg", "bboxes": [0.337467700258398, 0.18832041343669256, 1.0, 1.0], "class": 1}