{"image": "38417b82-eea9-11ee-af56-a6cd0eba30f1.jpg", "bboxes": [0.0, 0.47679586563307474, 0.2814987080103361, 1.0], "class": 1}