{"image": "3898d63e-eea9-11ee-af56-a6cd0eba30f1.jpg", "bboxes": [0.0, 0.12754521963824297, 0.1163824289405688, 0.9130749354005171], "class": 1}