{"image": "3898d63e-eea9-11ee-af56-a6cd0eba30f1.jpg", "bboxes": [0.8347286821705423, 0.10914728682170516, 1.0, 0.8946770025839792], "class": 1}