{"image": "3898d63e-eea9-11ee-af56-a6cd0eba30f1.jpg", "bboxes": [0.2569509043927646, 0.06025839793281618, 0.8745219638242895, 0.8457881136950903], "class": 1}