{"image": "3898d63e-eea9-11ee-af56-a6cd0eba30f1.jpg", "bboxes": [0.0, 0.12025839793281623, 0.5967441860465117, 0.9057881136950904], "class": 1}