{"image": "3898d63e-eea9-11ee-af56-a6cd0eba30f1.jpg", "bboxes": [0.3969509043927646, 0.26692506459948284, 1.0, 1.0], "class": 1}