{"image": "3898d63e-eea9-11ee-af56-a6cd0eba30f1.jpg", "bboxes": [0.5569509043927645, 0.2313695090439274, 1.0, 1.0], "class": 1}