{"image": "3898d63e-eea9-11ee-af56-a6cd0eba30f1.jpg", "bboxes": [0.1565891472868216, 0.1313695090439273, 0.7741602067183466, 0.9168992248062015], "class": 1}