{"image": "3898d63e-eea9-11ee-af56-a6cd0eba30f1.jpg", "bboxes": [0.3565891472868216, 0.2202583979328162, 0.9741602067183466, 1.0], "class": 1}