{"image": "3898d63e-eea9-11ee-af56-a6cd0eba30f1.jpg", "bboxes": [0.7369509043927646, 0.0, 1.0, 0.6241860465116282], "class": 1}