{"image": "3898d63e-eea9-11ee-af56-a6cd0eba30f1.jpg", "bboxes": [0.0, 0.28692506459948286, 0.19193798449612434, 1.0], "class": 1}