{"image": "3898d63e-eea9-11ee-af56-a6cd0eba30f1.jpg", "bboxes": [0.5943669250645994, 0.06532299741602075, 1.0, 0.8508527131782949], "class": 1}