{"image": "3898d63e-eea9-11ee-af56-a6cd0eba30f1.jpg", "bboxes": [0.4099224806201549, 0.0, 1.0, 0.681963824289406], "class": 1}