{"image": "3898d63e-eea9-11ee-af56-a6cd0eba30f1.jpg", "bboxes": [0.561033591731266, 0.0, 1.0, 0.5597416020671838], "class": 1}