{"image": "3898d63e-eea9-11ee-af56-a6cd0eba30f1.jpg", "bboxes": [0.0, 0.25581395348837177, 0.009715762273902126, 1.0], "class": 1}