{"image": "3898d63e-eea9-11ee-af56-a6cd0eba30f1.jpg", "bboxes": [0.6232558139534883, 0.23421188630490963, 1.0, 1.0], "class": 1}