{"image": "3898d63e-eea9-11ee-af56-a6cd0eba30f1.jpg", "bboxes": [0.7877002583979327, 0.003100775193798534, 1.0, 0.7886304909560726], "class": 1}