{"image": "3898d63e-eea9-11ee-af56-a6cd0eba30f1.jpg", "bboxes": [0.0, 0.0897674418604652, 0.40341085271317845, 0.8752971576227393], "class": 1}