{"image": "3898d63e-eea9-11ee-af56-a6cd0eba30f1.jpg", "bboxes": [0.0, 0.5535917312661496, 0.5963824289405688, 1.0], "class": 1}