{"image": "3898d63e-eea9-11ee-af56-a6cd0eba30f1.jpg", "bboxes": [0.7032558139534882, 0.10692506459948292, 1.0, 0.8924547803617571], "class": 1}