{"image": "3898d63e-eea9-11ee-af56-a6cd0eba30f1.jpg", "bboxes": [0.8521447028423772, 0.22470284237726068, 1.0, 1.0], "class": 1}