{"image": "3898d63e-eea9-11ee-af56-a6cd0eba30f1.jpg", "bboxes": [0.341395348837209, 0.0, 0.9589664082687339, 0.6464082687338505], "class": 1}