{"image": "3898d63e-eea9-11ee-af56-a6cd0eba30f1.jpg", "bboxes": [0.7965891472868216, 0.25421188630490965, 1.0, 1.0], "class": 1}