{"image": "3898d63e-eea9-11ee-af56-a6cd0eba30f1.jpg", "bboxes": [0.2391731266149868, 0.0, 0.8567441860465117, 0.6552971576227393], "class": 1}