{"image": "3898d63e-eea9-11ee-af56-a6cd0eba30f1.jpg", "bboxes": [0.0, 0.20310077519379854, 0.2763824289405688, 0.9886304909560727], "class": 1}