{"image": "3898d63e-eea9-11ee-af56-a6cd0eba30f1.jpg", "bboxes": [0.0, 0.4158139534883718, 0.07896640826873391, 1.0], "class": 1}