{"image": "3898d63e-eea9-11ee-af56-a6cd0eba30f1.jpg", "bboxes": [0.2165891472868216, 0.07865633074935409, 0.8341602067183466, 0.8641860465116282], "class": 1}