{"image": "3898d63e-eea9-11ee-af56-a6cd0eba30f1.jpg", "bboxes": [0.6480620155038757, 0.22310077519379853, 1.0, 1.0], "class": 1}