{"image": "3898d63e-eea9-11ee-af56-a6cd0eba30f1.jpg", "bboxes": [0.4791731266149868, 0.0, 1.0, 0.7308527131782949], "class": 1}