{"image": "3898d63e-eea9-11ee-af56-a6cd0eba30f1.jpg", "bboxes": [0.0, 0.0008785529715763118, 0.4878552971576229, 0.7864082687338504], "class": 1}