{"image": "3898d63e-eea9-11ee-af56-a6cd0eba30f1.jpg", "bboxes": [0.0, 0.055813953488371815, 0.6008268733850133, 0.841343669250646], "class": 1}