{"image": "3898d63e-eea9-11ee-af56-a6cd0eba30f1.jpg", "bboxes": [0.0, 0.0, 0.056382428940568795, 0.7841860465116283], "class": 1}