{"image": "3898d63e-eea9-11ee-af56-a6cd0eba30f1.jpg", "bboxes": [0.12325581395348827, 0.22754521963824298, 0.7408268733850132, 1.0], "class": 1}