{"image": "3898d63e-eea9-11ee-af56-a6cd0eba30f1.jpg", "bboxes": [0.0, 0.005322997416020756, 0.0656330749354006, 0.7908527131782949], "class": 1}