{"image": "3898d63e-eea9-11ee-af56-a6cd0eba30f1.jpg", "bboxes": [0.43214470284237716, 0.3447028423772607, 1.0, 1.0], "class": 1}