{"image": "3898d63e-eea9-11ee-af56-a6cd0eba30f1.jpg", "bboxes": [0.0, 0.18310077519379853, 0.4963824289405688, 0.9686304909560727], "class": 1}