{"image": "3898d63e-eea9-11ee-af56-a6cd0eba30f1.jpg", "bboxes": [0.30583979328165345, 0.0, 0.9234108527131784, 0.5708527131782949], "class": 1}