{"image": "3898d63e-eea9-11ee-af56-a6cd0eba30f1.jpg", "bboxes": [0.0, 0.07643410852713187, 0.37896640826873396, 0.861963824289406], "class": 1}