{"image": "3898d63e-eea9-11ee-af56-a6cd0eba30f1.jpg", "bboxes": [0.33695090439276454, 0.1697674418604652, 0.9545219638242896, 0.9552971576227394], "class": 1}