{"image": "38ee7bca-eea9-11ee-af56-a6cd0eba30f1.jpg", "bboxes": [0.5250129198966407, 0.11488372093023258, 1.0, 0.8771576227390182], "class": 1}