{"image": "38ee7bca-eea9-11ee-af56-a6cd0eba30f1.jpg", "bboxes": [0.0, 0.13839793281653734, 0.059431524547803746, 0.900671834625323], "class": 1}