{"image": "38ee7bca-eea9-11ee-af56-a6cd0eba30f1.jpg", "bboxes": [0.0, 0.16155038759689924, 0.7494573643410853, 0.923824289405685], "class": 1}