{"image": "38ee7bca-eea9-11ee-af56-a6cd0eba30f1.jpg", "bboxes": [0.0, 0.23043927648578813, 0.5294573643410854, 0.9927131782945738], "class": 1}