{"image": "38ee7bca-eea9-11ee-af56-a6cd0eba30f1.jpg", "bboxes": [0.4050129198966407, 0.1571059431524548, 1.0, 0.9193798449612405], "class": 1}