{"image": "38ee7bca-eea9-11ee-af56-a6cd0eba30f1.jpg", "bboxes": [0.0, 0.45395348837209293, 0.7650129198966409, 1.0], "class": 1}