{"image": "38ee7bca-eea9-11ee-af56-a6cd0eba30f1.jpg", "bboxes": [0.1594315245478035, 0.1971059431524548, 0.9372093023255815, 0.9593798449612404], "class": 1}