{"image": "38ee7bca-eea9-11ee-af56-a6cd0eba30f1.jpg", "bboxes": [0.0, 0.3628423772609818, 0.18832041343669265, 1.0], "class": 1}