{"image": "38ee7bca-eea9-11ee-af56-a6cd0eba30f1.jpg", "bboxes": [0.0, 0.2059948320413437, 0.37276485788113706, 0.9682687338501293], "class": 1}