{"image": "38ee7bca-eea9-11ee-af56-a6cd0eba30f1.jpg", "bboxes": [0.0, 0.29173126614987066, 0.6850129198966409, 1.0], "class": 1}