{"image": "38ee7bca-eea9-11ee-af56-a6cd0eba30f1.jpg", "bboxes": [0.0, 0.46284237726098176, 0.0838759689922482, 1.0], "class": 1}