{"image": "38ee7bca-eea9-11ee-af56-a6cd0eba30f1.jpg", "bboxes": [0.07720930232558128, 0.1259948320413437, 0.8549870801033593, 0.8882687338501294], "class": 1}