{"image": "38ee7bca-eea9-11ee-af56-a6cd0eba30f1.jpg", "bboxes": [0.8494573643410852, 0.4583979328165373, 1.0, 1.0], "class": 1}