{"image": "38ee7bca-eea9-11ee-af56-a6cd0eba30f1.jpg", "bboxes": [0.0, 0.2428423772609818, 0.0749870801033593, 1.0], "class": 1}