{"image": "38ee7bca-eea9-11ee-af56-a6cd0eba30f1.jpg", "bboxes": [0.678346253229974, 0.0, 1.0, 0.694935400516796], "class": 1}