{"image": "38ee7bca-eea9-11ee-af56-a6cd0eba30f1.jpg", "bboxes": [0.42279069767441846, 0.0, 1.0, 0.7571576227390182], "class": 1}