{"image": "38ee7bca-eea9-11ee-af56-a6cd0eba30f1.jpg", "bboxes": [0.0, 0.034883720930232585, 0.07276485788113708, 0.7971576227390182], "class": 1}