{"image": "38ee7bca-eea9-11ee-af56-a6cd0eba30f1.jpg", "bboxes": [0.0, 0.325064599483204, 0.5349870801033593, 1.0], "class": 1}