{"image": "38ee7bca-eea9-11ee-af56-a6cd0eba30f1.jpg", "bboxes": [0.0, 0.0, 0.47054263565891485, 0.6593798449612405], "class": 1}