{"image": "38ee7bca-eea9-11ee-af56-a6cd0eba30f1.jpg", "bboxes": [0.5772093023255813, 0.0, 1.0, 0.6682687338501293], "class": 1}