{"image": "38ee7bca-eea9-11ee-af56-a6cd0eba30f1.jpg", "bboxes": [0.0, 0.5583979328165374, 0.34165374677002597, 1.0], "class": 1}