{"image": "38ee7bca-eea9-11ee-af56-a6cd0eba30f1.jpg", "bboxes": [0.04056847545219622, 0.0, 0.8183462532299743, 0.7540051679586564], "class": 1}