{"image": "38ee7bca-eea9-11ee-af56-a6cd0eba30f1.jpg", "bboxes": [0.0, 0.4917312661498706, 0.6105426356589149, 1.0], "class": 1}