{"image": "38ee7bca-eea9-11ee-af56-a6cd0eba30f1.jpg", "bboxes": [0.03390180878552962, 0.0, 0.8116795865633076, 0.6816020671834627], "class": 1}