{"image": "38ee7bca-eea9-11ee-af56-a6cd0eba30f1.jpg", "bboxes": [0.0, 0.0859948320413437, 0.30387596899224817, 0.8482687338501294], "class": 1}