{"image": "38ee7bca-eea9-11ee-af56-a6cd0eba30f1.jpg", "bboxes": [0.49498708010335907, 0.09395348837209283, 1.0, 0.8562273901808786], "class": 1}