{"image": "38ee7bca-eea9-11ee-af56-a6cd0eba30f1.jpg", "bboxes": [0.6660981912144701, 0.259328165374677, 1.0, 1.0], "class": 1}