{"image": "38ee7bca-eea9-11ee-af56-a6cd0eba30f1.jpg", "bboxes": [0.35498708010335905, 0.2739534883720929, 1.0, 1.0], "class": 1}