{"image": "38ee7bca-eea9-11ee-af56-a6cd0eba30f1.jpg", "bboxes": [0.0, 0.10506459948320401, 0.701653746770026, 0.8673385012919896], "class": 1}