{"image": "38ee7bca-eea9-11ee-af56-a6cd0eba30f1.jpg", "bboxes": [0.0, 0.23266149870801037, 0.5116795865633077, 0.994935400516796], "class": 1}