{"image": "38ee7bca-eea9-11ee-af56-a6cd0eba30f1.jpg", "bboxes": [0.6460981912144702, 0.5406201550387595, 1.0, 1.0], "class": 1}