{"image": "38ee7bca-eea9-11ee-af56-a6cd0eba30f1.jpg", "bboxes": [0.6194315245478035, 0.0, 1.0, 0.7504909560723516], "class": 1}