{"image": "38ee7bca-eea9-11ee-af56-a6cd0eba30f1.jpg", "bboxes": [0.04832041343669238, 0.32284237726098175, 0.8260981912144704, 1.0], "class": 1}