{"image": "38ee7bca-eea9-11ee-af56-a6cd0eba30f1.jpg", "bboxes": [0.0, 0.2183979328165373, 0.37720930232558153, 0.9806718346253229], "class": 1}