{"image": "38ee7bca-eea9-11ee-af56-a6cd0eba30f1.jpg", "bboxes": [0.2105426356589146, 0.13043927648578815, 0.9883204134366926, 0.8927131782945738], "class": 1}