{"image": "38ee7bca-eea9-11ee-af56-a6cd0eba30f1.jpg", "bboxes": [0.0, 0.0, 0.3105426356589149, 0.5127131782945737], "class": 1}