{"image": "38ee7bca-eea9-11ee-af56-a6cd0eba30f1.jpg", "bboxes": [0.16387596899224793, 0.0, 0.941653746770026, 0.5993798449612404], "class": 1}