{"image": "38ee7bca-eea9-11ee-af56-a6cd0eba30f1.jpg", "bboxes": [0.48387596899224794, 0.12728682170542627, 1.0, 0.8895607235142119], "class": 1}