{"image": "38ee7bca-eea9-11ee-af56-a6cd0eba30f1.jpg", "bboxes": [0.22165374677002572, 0.04155038759689925, 0.9994315245478037, 0.8038242894056848], "class": 1}