{"image": "38ee7bca-eea9-11ee-af56-a6cd0eba30f1.jpg", "bboxes": [0.2794315245478035, 0.0, 1.0, 0.7362273901808785], "class": 1}