{"image": "3944866e-eea9-11ee-af56-a6cd0eba30f1.jpg", "bboxes": [0.7094573643410852, 0.2928165374677001, 1.0, 0.905219638242894], "class": 1}