{"image": "3944866e-eea9-11ee-af56-a6cd0eba30f1.jpg", "bboxes": [0.03824289405684744, 0.2658914728682171, 0.681653746770026, 0.878294573643411], "class": 1}