{"image": "3944866e-eea9-11ee-af56-a6cd0eba30f1.jpg", "bboxes": [0.37379844961240305, 0.0, 1.0, 0.44496124031007767], "class": 1}