{"image": "3944866e-eea9-11ee-af56-a6cd0eba30f1.jpg", "bboxes": [0.6650129198966407, 0.43503875968992234, 1.0, 1.0], "class": 1}