{"image": "3944866e-eea9-11ee-af56-a6cd0eba30f1.jpg", "bboxes": [0.0, 0.03255813953488377, 0.29064599483204145, 0.6449612403100776], "class": 1}