{"image": "3944866e-eea9-11ee-af56-a6cd0eba30f1.jpg", "bboxes": [0.08713178294573631, 0.09033591731266155, 0.7305426356589149, 0.7027390180878554], "class": 1}