{"image": "3944866e-eea9-11ee-af56-a6cd0eba30f1.jpg", "bboxes": [0.45602067183462525, 0.3683720930232557, 1.0, 0.9807751937984496], "class": 1}