{"image": "3944866e-eea9-11ee-af56-a6cd0eba30f1.jpg", "bboxes": [0.6627906976744184, 0.31059431524547787, 1.0, 0.9229974160206718], "class": 1}