{"image": "3944866e-eea9-11ee-af56-a6cd0eba30f1.jpg", "bboxes": [0.0, 0.07255813953488377, 0.017312661498708116, 0.6849612403100777], "class": 1}