{"image": "3944866e-eea9-11ee-af56-a6cd0eba30f1.jpg", "bboxes": [0.19602067183462524, 0.0, 0.8394315245478038, 0.5849612403100777], "class": 1}