{"image": "3944866e-eea9-11ee-af56-a6cd0eba30f1.jpg", "bboxes": [0.6961240310077518, 0.44170542635658905, 1.0, 1.0], "class": 1}