{"image": "3944866e-eea9-11ee-af56-a6cd0eba30f1.jpg", "bboxes": [0.8471317829457363, 0.29255813953488374, 1.0, 0.9049612403100776], "class": 1}