{"image": "3944866e-eea9-11ee-af56-a6cd0eba30f1.jpg", "bboxes": [0.7405684754521963, 0.0, 1.0, 0.40273901808785545], "class": 1}