{"image": "3944866e-eea9-11ee-af56-a6cd0eba30f1.jpg", "bboxes": [0.5004651162790696, 0.0, 1.0, 0.4005167958656332], "class": 1}