{"image": "3944866e-eea9-11ee-af56-a6cd0eba30f1.jpg", "bboxes": [0.0, 0.07700258397932822, 0.6284237726098192, 0.6894056847545221], "class": 1}