{"image": "3944866e-eea9-11ee-af56-a6cd0eba30f1.jpg", "bboxes": [0.36723514211886293, 0.2725581395348838, 1.0, 0.8849612403100776], "class": 1}