{"image": "3944866e-eea9-11ee-af56-a6cd0eba30f1.jpg", "bboxes": [0.3515762273901808, 0.5528165374677001, 0.9949870801033593, 1.0], "class": 1}