{"image": "3944866e-eea9-11ee-af56-a6cd0eba30f1.jpg", "bboxes": [0.12713178294573635, 0.0, 0.7705426356589149, 0.358294573643411], "class": 1}