{"image": "3944866e-eea9-11ee-af56-a6cd0eba30f1.jpg", "bboxes": [0.21602067183462526, 0.0, 0.8594315245478037, 0.5605167958656332], "class": 1}