{"image": "3944866e-eea9-11ee-af56-a6cd0eba30f1.jpg", "bboxes": [0.0, 0.25948320413436676, 0.6084237726098193, 0.8718863049095606], "class": 1}