{"image": "3944866e-eea9-11ee-af56-a6cd0eba30f1.jpg", "bboxes": [0.2960206718346252, 0.3705943152454779, 0.9394315245478038, 0.9829974160206718], "class": 1}