{"image": "3944866e-eea9-11ee-af56-a6cd0eba30f1.jpg", "bboxes": [0.0, 0.43059431524547787, 0.48387596899224816, 1.0], "class": 1}