{"image": "3944866e-eea9-11ee-af56-a6cd0eba30f1.jpg", "bboxes": [0.7961240310077518, 0.0, 1.0, 0.4271834625322999], "class": 1}