{"image": "3944866e-eea9-11ee-af56-a6cd0eba30f1.jpg", "bboxes": [0.7472351421188629, 0.5861498708010335, 1.0, 1.0], "class": 1}