{"image": "3944866e-eea9-11ee-af56-a6cd0eba30f1.jpg", "bboxes": [0.6561240310077519, 0.0, 1.0, 0.4516279069767443], "class": 1}