{"image": "3944866e-eea9-11ee-af56-a6cd0eba30f1.jpg", "bboxes": [0.08056847545219625, 0.24170542635658898, 0.7239793281653748, 0.8541085271317829], "class": 1}