{"image": "3944866e-eea9-11ee-af56-a6cd0eba30f1.jpg", "bboxes": [0.0027906976744184755, 0.18144702842377267, 0.646201550387597, 0.7938501291989666], "class": 1}