{"image": "3944866e-eea9-11ee-af56-a6cd0eba30f1.jpg", "bboxes": [0.37379844961240305, 0.2681136950904393, 1.0, 0.8805167958656333], "class": 1}