{"image": "3944866e-eea9-11ee-af56-a6cd0eba30f1.jpg", "bboxes": [0.0, 0.17726098191214457, 0.506201550387597, 0.7896640826873385], "class": 1}