{"image": "3944866e-eea9-11ee-af56-a6cd0eba30f1.jpg", "bboxes": [0.6716795865633074, 0.0, 1.0, 0.46496124031007763], "class": 1}