{"image": "3944866e-eea9-11ee-af56-a6cd0eba30f1.jpg", "bboxes": [0.6161240310077518, 0.0, 1.0, 0.45385012919896656], "class": 1}