{"image": "3944866e-eea9-11ee-af56-a6cd0eba30f1.jpg", "bboxes": [0.0, 0.6772609819121446, 0.30609819121447046, 1.0], "class": 1}