{"image": "3944866e-eea9-11ee-af56-a6cd0eba30f1.jpg", "bboxes": [0.04056847545219625, 0.0, 0.6839793281653748, 0.4960723514211888], "class": 1}