{"image": "3944866e-eea9-11ee-af56-a6cd0eba30f1.jpg", "bboxes": [0.1650129198966407, 0.21948320413436684, 0.8084237726098192, 0.8318863049095606], "class": 1}