{"image": "3944866e-eea9-11ee-af56-a6cd0eba30f1.jpg", "bboxes": [0.0004651162790696439, 0.1861498708010334, 0.6438759689922482, 0.7985529715762274], "class": 1}