{"image": "3944866e-eea9-11ee-af56-a6cd0eba30f1.jpg", "bboxes": [0.08945736434108514, 0.0, 0.7328682170542636, 0.5471834625322999], "class": 1}