{"image": "3944866e-eea9-11ee-af56-a6cd0eba30f1.jpg", "bboxes": [0.6027906976744185, 0.44837209302325565, 1.0, 1.0], "class": 1}