{"image": "3944866e-eea9-11ee-af56-a6cd0eba30f1.jpg", "bboxes": [0.05379844961240299, 0.6083720930232557, 0.6972093023255815, 1.0], "class": 1}