{"image": "3944866e-eea9-11ee-af56-a6cd0eba30f1.jpg", "bboxes": [0.7249095607235141, 0.23503875968992238, 1.0, 0.8474418604651163], "class": 1}