{"image": "3944866e-eea9-11ee-af56-a6cd0eba30f1.jpg", "bboxes": [0.438346253229974, 0.3305943152454779, 1.0, 0.9429974160206718], "class": 1}