{"image": "3944866e-eea9-11ee-af56-a6cd0eba30f1.jpg", "bboxes": [0.0, 0.5905943152454779, 0.2705426356589149, 1.0], "class": 1}