{"image": "3944866e-eea9-11ee-af56-a6cd0eba30f1.jpg", "bboxes": [0.34945736434108515, 0.0, 0.9928682170542636, 0.35607235142118876], "class": 1}