{"image": "3944866e-eea9-11ee-af56-a6cd0eba30f1.jpg", "bboxes": [0.0, 0.23922480620155043, 0.29276485788113704, 0.8516279069767443], "class": 1}