{"image": "3944866e-eea9-11ee-af56-a6cd0eba30f1.jpg", "bboxes": [0.28945736434108515, 0.19922480620155045, 0.9328682170542637, 0.8116279069767444], "class": 1}