{"image": "3944866e-eea9-11ee-af56-a6cd0eba30f1.jpg", "bboxes": [0.5427906976744185, 0.6728165374677002, 1.0, 1.0], "class": 1}