{"image": "3944866e-eea9-11ee-af56-a6cd0eba30f1.jpg", "bboxes": [0.0, 0.30144702842377263, 0.426201550387597, 0.9138501291989666], "class": 1}