{"image": "3944866e-eea9-11ee-af56-a6cd0eba30f1.jpg", "bboxes": [0.3850129198966407, 0.1728165374677001, 1.0, 0.785219638242894], "class": 1}