{"image": "3944866e-eea9-11ee-af56-a6cd0eba30f1.jpg", "bboxes": [0.5939018087855296, 0.39726098191214454, 1.0, 1.0], "class": 1}