{"image": "3995dee2-eea9-11ee-af56-a6cd0eba30f1.jpg", "bboxes": [0.0, 0.6361240310077518, 0.21550387596899234, 1.0], "class": 1}