{"image": "3995dee2-eea9-11ee-af56-a6cd0eba30f1.jpg", "bboxes": [0.2311627906976743, 0.438346253229974, 0.8358139534883721, 1.0], "class": 1}