{"image": "3995dee2-eea9-11ee-af56-a6cd0eba30f1.jpg", "bboxes": [0.5756072351421188, 0.2361240310077518, 1.0, 0.933798449612403], "class": 1}