{"image": "3995dee2-eea9-11ee-af56-a6cd0eba30f1.jpg", "bboxes": [0.5997416020671835, 0.6294573643410851, 1.0, 1.0], "class": 1}