{"image": "3995dee2-eea9-11ee-af56-a6cd0eba30f1.jpg", "bboxes": [0.1864082687338502, 0.6716795865633074, 0.7910594315245479, 1.0], "class": 1}