{"image": "3995dee2-eea9-11ee-af56-a6cd0eba30f1.jpg", "bboxes": [0.0, 0.6739018087855295, 0.4247028423772609, 1.0], "class": 1}