{"image": "3995dee2-eea9-11ee-af56-a6cd0eba30f1.jpg", "bboxes": [0.1930749354005169, 0.0, 0.7977260981912146, 0.5905426356589148], "class": 1}