{"image": "3995dee2-eea9-11ee-af56-a6cd0eba30f1.jpg", "bboxes": [0.0, 0.37834625322997406, 0.22470284237726093, 1.0], "class": 1}