{"image": "3995dee2-eea9-11ee-af56-a6cd0eba30f1.jpg", "bboxes": [0.9486304909560724, 0.0, 1.0, 0.6016537467700259], "class": 1}