{"image": "3995dee2-eea9-11ee-af56-a6cd0eba30f1.jpg", "bboxes": [0.3533850129198965, 0.0, 0.9580361757105943, 0.3549870801033593], "class": 1}