{"image": "3995dee2-eea9-11ee-af56-a6cd0eba30f1.jpg", "bboxes": [0.4156072351421187, 0.0961240310077518, 1.0, 0.7937984496124031], "class": 1}