{"image": "3995dee2-eea9-11ee-af56-a6cd0eba30f1.jpg", "bboxes": [0.0, 0.22723514211886287, 0.17359173126614982, 0.9249095607235142], "class": 1}