{"image": "3995dee2-eea9-11ee-af56-a6cd0eba30f1.jpg", "bboxes": [0.0, 0.20723514211886296, 0.06439276485788126, 0.9049095607235141], "class": 1}