{"image": "3995dee2-eea9-11ee-af56-a6cd0eba30f1.jpg", "bboxes": [0.43529715762273913, 0.0, 1.0, 0.5349870801033593], "class": 1}