{"image": "3995dee2-eea9-11ee-af56-a6cd0eba30f1.jpg", "bboxes": [0.0, 0.25167958656330736, 0.4532816537467702, 0.9493540051679585], "class": 1}