{"image": "3995dee2-eea9-11ee-af56-a6cd0eba30f1.jpg", "bboxes": [0.8286304909560724, 0.0, 1.0, 0.6305426356589149], "class": 1}