{"image": "3995dee2-eea9-11ee-af56-a6cd0eba30f1.jpg", "bboxes": [0.0, 0.16620155038759699, 0.3532816537467701, 0.8638759689922482], "class": 1}