{"image": "3995dee2-eea9-11ee-af56-a6cd0eba30f1.jpg", "bboxes": [0.0, 0.4250129198966407, 0.009147286821705368, 1.0], "class": 1}