{"image": "3995dee2-eea9-11ee-af56-a6cd0eba30f1.jpg", "bboxes": [0.36005167958656314, 0.0, 0.9647028423772609, 0.47054263565891485], "class": 1}