{"image": "3995dee2-eea9-11ee-af56-a6cd0eba30f1.jpg", "bboxes": [0.8311627906976743, 0.4761240310077518, 1.0, 1.0], "class": 1}