{"image": "3995dee2-eea9-11ee-af56-a6cd0eba30f1.jpg", "bboxes": [0.8244961240310076, 0.1084237726098192, 1.0, 0.8060981912144705], "class": 1}