{"image": "3995dee2-eea9-11ee-af56-a6cd0eba30f1.jpg", "bboxes": [0.0, 0.08175710594315252, 0.38914728682170535, 0.7794315245478037], "class": 1}