{"image": "3995dee2-eea9-11ee-af56-a6cd0eba30f1.jpg", "bboxes": [0.24005167958656318, 0.0, 0.8447028423772609, 0.31943152454780377], "class": 1}