{"image": "3995dee2-eea9-11ee-af56-a6cd0eba30f1.jpg", "bboxes": [0.0, 0.10620155038759697, 0.22661498708010352, 0.8038759689922482], "class": 1}