{"image": "3995dee2-eea9-11ee-af56-a6cd0eba30f1.jpg", "bboxes": [0.5664082687338502, 0.1650129198966407, 1.0, 0.8626873385012919], "class": 1}