{"image": "3995dee2-eea9-11ee-af56-a6cd0eba30f1.jpg", "bboxes": [0.2997416020671835, 0.38945736434108513, 0.9043927648578813, 1.0], "class": 1}