{"image": "3995dee2-eea9-11ee-af56-a6cd0eba30f1.jpg", "bboxes": [0.12671834625322984, 0.25834625322997407, 0.7313695090439276, 0.9560206718346252], "class": 1}