{"image": "3995dee2-eea9-11ee-af56-a6cd0eba30f1.jpg", "bboxes": [0.6711627906976743, 0.0, 1.0, 0.5572093023255815], "class": 1}