{"image": "3995dee2-eea9-11ee-af56-a6cd0eba30f1.jpg", "bboxes": [0.026718346253229837, 0.0, 0.6313695090439276, 0.6660981912144704], "class": 1}