{"image": "3995dee2-eea9-11ee-af56-a6cd0eba30f1.jpg", "bboxes": [0.8933850129198965, 0.3561240310077518, 1.0, 1.0], "class": 1}