{"image": "3995dee2-eea9-11ee-af56-a6cd0eba30f1.jpg", "bboxes": [0.548940568475452, 0.4316795865633074, 1.0, 1.0], "class": 1}