{"image": "3995dee2-eea9-11ee-af56-a6cd0eba30f1.jpg", "bboxes": [0.0, 0.3294573643410852, 0.0224806201550387, 1.0], "class": 1}