{"image": "3995dee2-eea9-11ee-af56-a6cd0eba30f1.jpg", "bboxes": [0.5800516795865631, 0.22056847545219627, 1.0, 0.9182428940568474], "class": 1}