{"image": "3995dee2-eea9-11ee-af56-a6cd0eba30f1.jpg", "bboxes": [0.8667183462532299, 0.0, 1.0, 0.4260981912144704], "class": 1}