{"image": "3995dee2-eea9-11ee-af56-a6cd0eba30f1.jpg", "bboxes": [0.0, 0.4516795865633073, 0.3066149870801035, 1.0], "class": 1}