{"image": "3995dee2-eea9-11ee-af56-a6cd0eba30f1.jpg", "bboxes": [0.6264082687338501, 0.5472351421188629, 1.0, 1.0], "class": 1}