{"image": "3995dee2-eea9-11ee-af56-a6cd0eba30f1.jpg", "bboxes": [0.8508527131782946, 0.5316795865633074, 1.0, 1.0], "class": 1}