{"image": "3995dee2-eea9-11ee-af56-a6cd0eba30f1.jpg", "bboxes": [0.0, 0.2106459948320414, 0.21328165374677022, 0.9083204134366927], "class": 1}