{"image": "3995dee2-eea9-11ee-af56-a6cd0eba30f1.jpg", "bboxes": [0.0, 0.16723514211886292, 0.21803617571059425, 0.8649095607235141], "class": 1}