{"image": "3995dee2-eea9-11ee-af56-a6cd0eba30f1.jpg", "bboxes": [0.0, 0.567235142118863, 0.17359173126614982, 1.0], "class": 1}