{"image": "3995dee2-eea9-11ee-af56-a6cd0eba30f1.jpg", "bboxes": [0.8578294573643409, 0.13167958656330736, 1.0, 0.8293540051679585], "class": 1}