{"image": "3995dee2-eea9-11ee-af56-a6cd0eba30f1.jpg", "bboxes": [0.5089405684754521, 0.13286821705426363, 1.0, 0.8305426356589148], "class": 1}