{"image": "3995dee2-eea9-11ee-af56-a6cd0eba30f1.jpg", "bboxes": [0.2133850129198965, 0.4494573643410852, 0.8180361757105943, 1.0], "class": 1}