{"image": "3995dee2-eea9-11ee-af56-a6cd0eba30f1.jpg", "bboxes": [0.2222739018087854, 0.0, 0.8269250645994831, 0.5283204134366927], "class": 1}