{"image": "3995dee2-eea9-11ee-af56-a6cd0eba30f1.jpg", "bboxes": [0.18449612403100762, 0.0, 0.7891472868217053, 0.47054263565891485], "class": 1}