{"image": "39e706be-eea9-11ee-af56-a6cd0eba30f1.jpg", "bboxes": [0.6600516795865633, 0.11364341085271301, 1.0, 0.8190697674418604], "class": 1}