{"image": "39e706be-eea9-11ee-af56-a6cd0eba30f1.jpg", "bboxes": [0.9000516795865633, 0.5625322997416018, 1.0, 1.0], "class": 1}