{"image": "39e706be-eea9-11ee-af56-a6cd0eba30f1.jpg", "bboxes": [0.7356072351421188, 0.1631524547803618, 1.0, 0.8685788113695092], "class": 1}