{"image": "39e706be-eea9-11ee-af56-a6cd0eba30f1.jpg", "bboxes": [0.052661498708010235, 0.46475452196382405, 0.6443927648578811, 1.0], "class": 1}