{"image": "39e706be-eea9-11ee-af56-a6cd0eba30f1.jpg", "bboxes": [0.0, 0.5669767441860463, 0.4555038759689923, 1.0], "class": 1}