{"image": "39e706be-eea9-11ee-af56-a6cd0eba30f1.jpg", "bboxes": [0.015607235142118814, 0.10759689922480624, 0.6073385012919897, 0.8130232558139537], "class": 1}