{"image": "39e706be-eea9-11ee-af56-a6cd0eba30f1.jpg", "bboxes": [0.890439276485788, 0.4291989664082685, 1.0, 1.0], "class": 1}