{"image": "39e706be-eea9-11ee-af56-a6cd0eba30f1.jpg", "bboxes": [0.0, 0.38253229974160186, 0.12217054263565892, 1.0], "class": 1}