{"image": "39e706be-eea9-11ee-af56-a6cd0eba30f1.jpg", "bboxes": [0.0, 0.1758656330749352, 0.07178294573643418, 0.8812919896640826], "class": 1}