{"image": "39e706be-eea9-11ee-af56-a6cd0eba30f1.jpg", "bboxes": [0.9889405684754522, 0.47142118863049076, 1.0, 1.0], "class": 1}