{"image": "39e706be-eea9-11ee-af56-a6cd0eba30f1.jpg", "bboxes": [0.3482170542635658, 0.0, 0.9399483204134367, 0.6908010335917315], "class": 1}