{"image": "39e706be-eea9-11ee-af56-a6cd0eba30f1.jpg", "bboxes": [0.5459948320413436, 0.09648578811369513, 1.0, 0.8019121447028426], "class": 1}