{"image": "39e706be-eea9-11ee-af56-a6cd0eba30f1.jpg", "bboxes": [0.8259948320413436, 0.16537467700258401, 1.0, 0.8708010335917314], "class": 1}