{"image": "39e706be-eea9-11ee-af56-a6cd0eba30f1.jpg", "bboxes": [0.4711627906976744, 0.0, 1.0, 0.6196899224806204], "class": 1}