{"image": "39e706be-eea9-11ee-af56-a6cd0eba30f1.jpg", "bboxes": [0.0, 0.18475452196382414, 0.29844961240310086, 0.8901808785529716], "class": 1}