{"image": "39e706be-eea9-11ee-af56-a6cd0eba30f1.jpg", "bboxes": [0.757829457364341, 0.16759689922480625, 1.0, 0.8730232558139537], "class": 1}