{"image": "39e706be-eea9-11ee-af56-a6cd0eba30f1.jpg", "bboxes": [0.27488372093023244, 0.5980878552971574, 0.8666149870801033, 1.0], "class": 1}