{"image": "39e706be-eea9-11ee-af56-a6cd0eba30f1.jpg", "bboxes": [0.6222739018087855, 0.0, 1.0, 0.546356589147287], "class": 1}