{"image": "39e706be-eea9-11ee-af56-a6cd0eba30f1.jpg", "bboxes": [0.3133850129198966, 0.23870801033591735, 0.9051162790697675, 0.9441343669250648], "class": 1}