{"image": "39e706be-eea9-11ee-af56-a6cd0eba30f1.jpg", "bboxes": [0.0, 0.6314211886304908, 0.07400516795865641, 1.0], "class": 1}