{"image": "39e706be-eea9-11ee-af56-a6cd0eba30f1.jpg", "bboxes": [0.0, 0.09870801033591735, 0.2051162790697676, 0.8041343669250648], "class": 1}