{"image": "39e706be-eea9-11ee-af56-a6cd0eba30f1.jpg", "bboxes": [0.7393281653746769, 0.16981912144702846, 1.0, 0.8752454780361759], "class": 1}