{"image": "39e706be-eea9-11ee-af56-a6cd0eba30f1.jpg", "bboxes": [0.0, 0.1514211886304908, 0.3799483204134367, 0.8568475452196382], "class": 1}