{"image": "39e706be-eea9-11ee-af56-a6cd0eba30f1.jpg", "bboxes": [0.10377260981912134, 0.24093023255813958, 0.6955038759689922, 0.946356589147287], "class": 1}