{"image": "39e706be-eea9-11ee-af56-a6cd0eba30f1.jpg", "bboxes": [0.0, 0.05426356589147291, 0.0599483204134367, 0.7596899224806204], "class": 1}