{"image": "39e706be-eea9-11ee-af56-a6cd0eba30f1.jpg", "bboxes": [0.8556072351421189, 0.01426356589147291, 1.0, 0.7196899224806204], "class": 1}