{"image": "39e706be-eea9-11ee-af56-a6cd0eba30f1.jpg", "bboxes": [0.1289405684754522, 0.6247545219638241, 0.7206718346253231, 1.0], "class": 1}