{"image": "39e706be-eea9-11ee-af56-a6cd0eba30f1.jpg", "bboxes": [0.10227390180878548, 0.17142118863049072, 0.6940051679586564, 0.8768475452196383], "class": 1}