{"image": "39e706be-eea9-11ee-af56-a6cd0eba30f1.jpg", "bboxes": [0.0, 0.4158656330749352, 0.14511627906976754, 1.0], "class": 1}