{"image": "39e706be-eea9-11ee-af56-a6cd0eba30f1.jpg", "bboxes": [0.6400516795865633, 0.12031007751937961, 1.0, 0.8257364341085272], "class": 1}