{"image": "39e706be-eea9-11ee-af56-a6cd0eba30f1.jpg", "bboxes": [0.14005167958656328, 0.36253229974160184, 0.7317829457364342, 1.0], "class": 1}