{"image": "39e706be-eea9-11ee-af56-a6cd0eba30f1.jpg", "bboxes": [0.23116279069767443, 0.0, 0.8228940568475454, 0.5219121447028425], "class": 1}