{"image": "39e706be-eea9-11ee-af56-a6cd0eba30f1.jpg", "bboxes": [0.0, 0.5514211886304907, 0.3717829457364342, 1.0], "class": 1}