{"image": "39e706be-eea9-11ee-af56-a6cd0eba30f1.jpg", "bboxes": [0.5156072351421188, 0.0, 1.0, 0.486356589147287], "class": 1}