{"image": "39e706be-eea9-11ee-af56-a6cd0eba30f1.jpg", "bboxes": [0.0, 0.6447545219638241, 0.49550387596899226, 1.0], "class": 1}