{"image": "39e706be-eea9-11ee-af56-a6cd0eba30f1.jpg", "bboxes": [0.98671834625323, 0.38919896640826857, 1.0, 1.0], "class": 1}