{"image": "39e706be-eea9-11ee-af56-a6cd0eba30f1.jpg", "bboxes": [0.0, 0.1431524547803618, 0.42289405684754533, 0.8485788113695092], "class": 1}