{"image": "39e706be-eea9-11ee-af56-a6cd0eba30f1.jpg", "bboxes": [0.0, 0.26253229974160186, 0.24217054263565893, 0.9679586563307493], "class": 1}