{"image": "39e706be-eea9-11ee-af56-a6cd0eba30f1.jpg", "bboxes": [0.0, 0.6203100775193797, 0.3910594315245478, 1.0], "class": 1}