{"image": "39e706be-eea9-11ee-af56-a6cd0eba30f1.jpg", "bboxes": [0.5711627906976744, 0.47808785529715747, 1.0, 1.0], "class": 1}