{"image": "39e706be-eea9-11ee-af56-a6cd0eba30f1.jpg", "bboxes": [0.5156072351421188, 0.23648578811369514, 1.0, 0.9419121447028426], "class": 1}