{"image": "39e706be-eea9-11ee-af56-a6cd0eba30f1.jpg", "bboxes": [0.0, 0.4180878552971574, 0.01772609819121448, 1.0], "class": 1}