{"image": "39e706be-eea9-11ee-af56-a6cd0eba30f1.jpg", "bboxes": [0.039328165374676906, 0.24253229974160184, 0.6310594315245478, 0.9479586563307493], "class": 1}