{"image": "3a3e59aa-eea9-11ee-af56-a6cd0eba30f1.jpg", "bboxes": [0.04170542635658901, 0.0, 0.638604651162791, 0.5540568475452196], "class": 1}