{"image": "3a3e59aa-eea9-11ee-af56-a6cd0eba30f1.jpg", "bboxes": [0.0, 0.0, 0.498604651162791, 0.5607235142118863], "class": 1}