{"image": "3a3e59aa-eea9-11ee-af56-a6cd0eba30f1.jpg", "bboxes": [0.0, 0.17829457364341092, 0.5071834625323, 0.8940568475452196], "class": 1}