{"image": "3a3e59aa-eea9-11ee-af56-a6cd0eba30f1.jpg", "bboxes": [0.0, 0.08051679586563315, 0.2449612403100776, 0.7962790697674418], "class": 1}