{"image": "3a3e59aa-eea9-11ee-af56-a6cd0eba30f1.jpg", "bboxes": [0.31917312661498676, 0.5214987080103359, 0.9160723514211888, 1.0], "class": 1}