{"image": "3a3e59aa-eea9-11ee-af56-a6cd0eba30f1.jpg", "bboxes": [0.7061498708010334, 0.037054263565891477, 1.0, 0.7528165374677002], "class": 1}