{"image": "3a3e59aa-eea9-11ee-af56-a6cd0eba30f1.jpg", "bboxes": [0.0, 0.16718346253229982, 0.3160723514211887, 0.8829457364341085], "class": 1}