{"image": "3a3e59aa-eea9-11ee-af56-a6cd0eba30f1.jpg", "bboxes": [0.0, 0.020516795865633146, 0.08527131782945768, 0.7362790697674418], "class": 1}