{"image": "3a3e59aa-eea9-11ee-af56-a6cd0eba30f1.jpg", "bboxes": [0.28806201550387567, 0.0, 0.8849612403100776, 0.5829457364341085], "class": 1}