{"image": "3a3e59aa-eea9-11ee-af56-a6cd0eba30f1.jpg", "bboxes": [0.0, 0.4126098191214471, 0.2449612403100776, 1.0], "class": 1}