{"image": "3a3e59aa-eea9-11ee-af56-a6cd0eba30f1.jpg", "bboxes": [0.6636175710594312, 0.321498708010336, 1.0, 1.0], "class": 1}