{"image": "3a3e59aa-eea9-11ee-af56-a6cd0eba30f1.jpg", "bboxes": [0.0, 0.2471834625322998, 0.4141602067183466, 0.9629457364341085], "class": 1}