{"image": "3a3e59aa-eea9-11ee-af56-a6cd0eba30f1.jpg", "bboxes": [0.9058397932816534, 0.11483204134366931, 1.0, 0.830594315245478], "class": 1}