{"image": "3a3e59aa-eea9-11ee-af56-a6cd0eba30f1.jpg", "bboxes": [0.0, 0.04816537467700266, 0.28496124031007763, 0.7639276485788113], "class": 1}