{"image": "3a3e59aa-eea9-11ee-af56-a6cd0eba30f1.jpg", "bboxes": [0.8061498708010335, 0.0, 1.0, 0.4140568475452196], "class": 1}