{"image": "3a3e59aa-eea9-11ee-af56-a6cd0eba30f1.jpg", "bboxes": [0.49503875968992234, 0.1160723514211887, 1.0, 0.8318346253229973], "class": 1}