{"image": "3a3e59aa-eea9-11ee-af56-a6cd0eba30f1.jpg", "bboxes": [0.0, 0.17162790697674427, 0.3074935400516799, 0.8873901808785529], "class": 1}