{"image": "3a3e59aa-eea9-11ee-af56-a6cd0eba30f1.jpg", "bboxes": [0.05917312661498675, 0.5703875968992249, 0.6560723514211888, 1.0], "class": 1}