{"image": "3a3e59aa-eea9-11ee-af56-a6cd0eba30f1.jpg", "bboxes": [0.9058397932816534, 0.5570542635658915, 1.0, 1.0], "class": 1}