{"image": "3a3e59aa-eea9-11ee-af56-a6cd0eba30f1.jpg", "bboxes": [0.7036175710594312, 0.0, 1.0, 0.6696124031007752], "class": 1}