{"image": "3a3e59aa-eea9-11ee-af56-a6cd0eba30f1.jpg", "bboxes": [0.0, 0.5592764857881137, 0.5605167958656332, 1.0], "class": 1}