{"image": "3a3e59aa-eea9-11ee-af56-a6cd0eba30f1.jpg", "bboxes": [0.0, 0.32594315245478045, 0.011937984496124349, 1.0], "class": 1}