{"image": "3a3e59aa-eea9-11ee-af56-a6cd0eba30f1.jpg", "bboxes": [0.10614987080103346, 0.5792764857881137, 0.7030490956072355, 1.0], "class": 1}