{"image": "3a3e59aa-eea9-11ee-af56-a6cd0eba30f1.jpg", "bboxes": [0.681705426356589, 0.3859431524547804, 1.0, 1.0], "class": 1}