{"image": "3a3e59aa-eea9-11ee-af56-a6cd0eba30f1.jpg", "bboxes": [0.0, 0.0560723514211887, 0.258294573643411, 0.7718346253229974], "class": 1}