{"image": "3a3e59aa-eea9-11ee-af56-a6cd0eba30f1.jpg", "bboxes": [0.7302842377260979, 0.45927648578811375, 1.0, 1.0], "class": 1}