{"image": "3a3e59aa-eea9-11ee-af56-a6cd0eba30f1.jpg", "bboxes": [0.0, 0.3170542635658915, 0.578294573643411, 1.0], "class": 1}