{"image": "3a3e59aa-eea9-11ee-af56-a6cd0eba30f1.jpg", "bboxes": [0.0, 0.07162790697674426, 0.44273901808785543, 0.787390180878553], "class": 1}