{"image": "3a3e59aa-eea9-11ee-af56-a6cd0eba30f1.jpg", "bboxes": [0.0, 0.5081653746770026, 0.5208268733850132, 1.0], "class": 1}