{"image": "3a3e59aa-eea9-11ee-af56-a6cd0eba30f1.jpg", "bboxes": [0.7972609819121446, 0.0, 1.0, 0.7029457364341085], "class": 1}