{"image": "3a3e59aa-eea9-11ee-af56-a6cd0eba30f1.jpg", "bboxes": [0.7683720930232557, 0.512609819121447, 1.0, 1.0], "class": 1}