{"image": "3a3e59aa-eea9-11ee-af56-a6cd0eba30f1.jpg", "bboxes": [0.11472868217054233, 0.0, 0.7116279069767444, 0.578501291989664], "class": 1}