{"image": "3a3e59aa-eea9-11ee-af56-a6cd0eba30f1.jpg", "bboxes": [0.8480620155038756, 0.0, 1.0, 0.5296124031007752], "class": 1}