{"image": "3a3e59aa-eea9-11ee-af56-a6cd0eba30f1.jpg", "bboxes": [0.5169509043927645, 0.24273901808785536, 1.0, 0.958501291989664], "class": 1}