{"image": "3a3e59aa-eea9-11ee-af56-a6cd0eba30f1.jpg", "bboxes": [0.3991731266149867, 0.14149870801033593, 0.9960723514211888, 0.8572609819121446], "class": 1}