{"image": "3a3e59aa-eea9-11ee-af56-a6cd0eba30f1.jpg", "bboxes": [0.5880620155038756, 0.6148320413436693, 1.0, 1.0], "class": 1}