{"image": "3a3e59aa-eea9-11ee-af56-a6cd0eba30f1.jpg", "bboxes": [0.0, 0.1903875968992248, 0.5341602067183465, 0.9061498708010335], "class": 1}