{"image": "3a3e59aa-eea9-11ee-af56-a6cd0eba30f1.jpg", "bboxes": [0.0, 0.6037209302325581, 0.1249612403100776, 1.0], "class": 1}