{"image": "3a3e59aa-eea9-11ee-af56-a6cd0eba30f1.jpg", "bboxes": [0.08583979328165348, 0.40149870801033594, 0.6827390180878554, 1.0], "class": 1}