{"image": "3a3e59aa-eea9-11ee-af56-a6cd0eba30f1.jpg", "bboxes": [0.02139534883720895, 0.09038759689922482, 0.618294573643411, 0.8061498708010335], "class": 1}