{"image": "3a3e59aa-eea9-11ee-af56-a6cd0eba30f1.jpg", "bboxes": [0.341395348837209, 0.0, 0.938294573643411, 0.5985012919896641], "class": 1}