{"image": "3a3e59aa-eea9-11ee-af56-a6cd0eba30f1.jpg", "bboxes": [0.07503875968992235, 0.15038759689922487, 0.6719379844961243, 0.8661498708010336], "class": 1}