{"image": "3a3e59aa-eea9-11ee-af56-a6cd0eba30f1.jpg", "bboxes": [0.33250645994832007, 0.572609819121447, 0.9294056847545221, 1.0], "class": 1}