{"image": "3a94c164-eea9-11ee-af56-a6cd0eba30f1.jpg", "bboxes": [0.0, 0.058294573643410924, 0.138294573643411, 0.8644961240310077], "class": 1}