{"image": "3a94c164-eea9-11ee-af56-a6cd0eba30f1.jpg", "bboxes": [0.04640826873385006, 0.08273901808785537, 0.7027390180878554, 0.8889405684754522], "class": 1}