{"image": "3a94c164-eea9-11ee-af56-a6cd0eba30f1.jpg", "bboxes": [0.7530749354005167, 0.07162790697674426, 1.0, 0.877829457364341], "class": 1}