{"image": "3a94c164-eea9-11ee-af56-a6cd0eba30f1.jpg", "bboxes": [0.0, 0.3599483204134367, 0.28470284237726107, 1.0], "class": 1}