{"image": "3a94c164-eea9-11ee-af56-a6cd0eba30f1.jpg", "bboxes": [0.10418604651162784, 0.23385012919896647, 0.7605167958656333, 1.0], "class": 1}