{"image": "3a94c164-eea9-11ee-af56-a6cd0eba30f1.jpg", "bboxes": [0.21751937984496117, 0.06273901808785537, 0.8738501291989665, 0.8689405684754522], "class": 1}