{"image": "3a94c164-eea9-11ee-af56-a6cd0eba30f1.jpg", "bboxes": [0.0, 0.39328165374677004, 0.6269250645994833, 1.0], "class": 1}