{"image": "3a94c164-eea9-11ee-af56-a6cd0eba30f1.jpg", "bboxes": [0.915297157622739, 0.0, 1.0, 0.5756072351421189], "class": 1}