{"image": "3a94c164-eea9-11ee-af56-a6cd0eba30f1.jpg", "bboxes": [0.15085271317829452, 0.0, 0.8071834625322999, 0.7750387596899224], "class": 1}