{"image": "3a94c164-eea9-11ee-af56-a6cd0eba30f1.jpg", "bboxes": [0.27529715762273893, 0.11550387596899225, 0.9316279069767444, 0.921705426356589], "class": 1}