{"image": "3a94c164-eea9-11ee-af56-a6cd0eba30f1.jpg", "bboxes": [0.34640826873385006, 0.1160723514211887, 1.0, 0.9222739018087855], "class": 1}