{"image": "3a94c164-eea9-11ee-af56-a6cd0eba30f1.jpg", "bboxes": [0.0, 0.3955038759689923, 0.4094056847545221, 1.0], "class": 1}