{"image": "3a94c164-eea9-11ee-af56-a6cd0eba30f1.jpg", "bboxes": [0.501705426356589, 0.15829457364341093, 1.0, 0.9644961240310077], "class": 1}