{"image": "3a94c164-eea9-11ee-af56-a6cd0eba30f1.jpg", "bboxes": [0.21307493540051672, 0.0, 0.8694056847545221, 0.49560723514211885], "class": 1}