{"image": "3a94c164-eea9-11ee-af56-a6cd0eba30f1.jpg", "bboxes": [0.941705426356589, 0.0, 1.0, 0.49116279069767443], "class": 1}