{"image": "3a94c164-eea9-11ee-af56-a6cd0eba30f1.jpg", "bboxes": [0.035038759689922316, 0.0, 0.6913695090439278, 0.6978294573643411], "class": 1}