{"image": "3a94c164-eea9-11ee-af56-a6cd0eba30f1.jpg", "bboxes": [0.0, 0.35550387596899224, 0.17829457364341098, 1.0], "class": 1}