{"image": "3a94c164-eea9-11ee-af56-a6cd0eba30f1.jpg", "bboxes": [0.5683720930232556, 0.0, 1.0, 0.6444961240310078], "class": 1}