{"image": "3a94c164-eea9-11ee-af56-a6cd0eba30f1.jpg", "bboxes": [0.16418604651162783, 0.49550387596899226, 0.8205167958656332, 1.0], "class": 1}