{"image": "3a94c164-eea9-11ee-af56-a6cd0eba30f1.jpg", "bboxes": [0.4908527131782945, 0.1271834625322998, 1.0, 0.9333850129198966], "class": 1}