{"image": "3a94c164-eea9-11ee-af56-a6cd0eba30f1.jpg", "bboxes": [0.0, 0.01994832041343675, 0.4247028423772611, 0.8261498708010335], "class": 1}