{"image": "3a94c164-eea9-11ee-af56-a6cd0eba30f1.jpg", "bboxes": [0.0, 0.22051679586563314, 0.20692506459948323, 1.0], "class": 1}