{"image": "3a94c164-eea9-11ee-af56-a6cd0eba30f1.jpg", "bboxes": [0.42392764857881127, 0.25162790697674425, 1.0, 1.0], "class": 1}