{"image": "3a94c164-eea9-11ee-af56-a6cd0eba30f1.jpg", "bboxes": [0.0, 0.0, 0.21359173126614994, 0.5644961240310078], "class": 1}