{"image": "3a94c164-eea9-11ee-af56-a6cd0eba30f1.jpg", "bboxes": [0.0, 0.21105943152454787, 0.15162790697674433, 1.0], "class": 1}