{"image": "3a94c164-eea9-11ee-af56-a6cd0eba30f1.jpg", "bboxes": [0.24614987080103345, 0.35328165374677, 0.9024806201550388, 1.0], "class": 1}