{"image": "3a94c164-eea9-11ee-af56-a6cd0eba30f1.jpg", "bboxes": [0.0, 0.053281653746770075, 0.13803617571059434, 0.8594832041343669], "class": 1}