{"image": "3a94c164-eea9-11ee-af56-a6cd0eba30f1.jpg", "bboxes": [0.361705426356589, 0.41994832041343666, 1.0, 1.0], "class": 1}