{"image": "3a94c164-eea9-11ee-af56-a6cd0eba30f1.jpg", "bboxes": [0.07503875968992235, 0.4488372093023256, 0.7313695090439277, 1.0], "class": 1}