{"image": "3a94c164-eea9-11ee-af56-a6cd0eba30f1.jpg", "bboxes": [0.5928165374677001, 0.0, 1.0, 0.5844961240310077], "class": 1}