{"image": "3a94c164-eea9-11ee-af56-a6cd0eba30f1.jpg", "bboxes": [0.15948320413436678, 0.4355038759689922, 0.8158139534883722, 1.0], "class": 1}