{"image": "3a94c164-eea9-11ee-af56-a6cd0eba30f1.jpg", "bboxes": [0.09948320413436684, 0.31772609819121445, 0.7558139534883721, 1.0], "class": 1}