{"image": "3a94c164-eea9-11ee-af56-a6cd0eba30f1.jpg", "bboxes": [0.7997416020671834, 0.0, 1.0, 0.7883720930232557], "class": 1}