{"image": "3a94c164-eea9-11ee-af56-a6cd0eba30f1.jpg", "bboxes": [0.2305943152454779, 0.03772609819121453, 0.8869250645994833, 0.8439276485788113], "class": 1}