{"image": "3a94c164-eea9-11ee-af56-a6cd0eba30f1.jpg", "bboxes": [0.17751937984496116, 0.0, 0.8338501291989665, 0.6756072351421188], "class": 1}