{"image": "3a94c164-eea9-11ee-af56-a6cd0eba30f1.jpg", "bboxes": [0.6952971576227389, 0.49994832041343673, 1.0, 1.0], "class": 1}