{"image": "3a94c164-eea9-11ee-af56-a6cd0eba30f1.jpg", "bboxes": [0.0, 0.34883720930232565, 0.5024806201550388, 1.0], "class": 1}