{"image": "3a94c164-eea9-11ee-af56-a6cd0eba30f1.jpg", "bboxes": [0.2505943152454779, 0.0, 0.9069250645994833, 0.48227390180878554], "class": 1}