{"image": "3a94c164-eea9-11ee-af56-a6cd0eba30f1.jpg", "bboxes": [0.38863049095607227, 0.0, 1.0, 0.5244961240310078], "class": 1}