{"image": "3a94c164-eea9-11ee-af56-a6cd0eba30f1.jpg", "bboxes": [0.8594832041343667, 0.0, 1.0, 0.6333850129198967], "class": 1}