{"image": "3a94c164-eea9-11ee-af56-a6cd0eba30f1.jpg", "bboxes": [0.041963824289405614, 0.17829457364341092, 0.698294573643411, 0.9844961240310077], "class": 1}