{"image": "3a94c164-eea9-11ee-af56-a6cd0eba30f1.jpg", "bboxes": [0.6994832041343668, 0.0, 1.0, 0.5889405684754522], "class": 1}