{"image": "3a94c164-eea9-11ee-af56-a6cd0eba30f1.jpg", "bboxes": [0.4375193798449612, 0.4466149870801034, 1.0, 1.0], "class": 1}