{"image": "3aea3392-eea9-11ee-af56-a6cd0eba30f1.jpg", "bboxes": [0.09131782945736429, 0.022325581395348876, 0.750232558139535, 0.8078552971576227], "class": 1}