{"image": "3aea3392-eea9-11ee-af56-a6cd0eba30f1.jpg", "bboxes": [0.8386563307493538, 0.2677002583979329, 1.0, 1.0], "class": 1}