{"image": "3aea3392-eea9-11ee-af56-a6cd0eba30f1.jpg", "bboxes": [0.0, 0.4543669250645995, 0.6486821705426358, 1.0], "class": 1}