{"image": "3aea3392-eea9-11ee-af56-a6cd0eba30f1.jpg", "bboxes": [0.4297674418604649, 0.23658914728682168, 1.0, 1.0], "class": 1}