{"image": "3aea3392-eea9-11ee-af56-a6cd0eba30f1.jpg", "bboxes": [0.8564341085271316, 0.0, 1.0, 0.730077519379845], "class": 1}