{"image": "3aea3392-eea9-11ee-af56-a6cd0eba30f1.jpg", "bboxes": [0.9068733850129198, 0.078811369509044, 1.0, 0.8643410852713178], "class": 1}