{"image": "3aea3392-eea9-11ee-af56-a6cd0eba30f1.jpg", "bboxes": [0.9697674418604649, 0.07214470284237728, 1.0, 0.8576744186046511], "class": 1}