{"image": "3aea3392-eea9-11ee-af56-a6cd0eba30f1.jpg", "bboxes": [0.28687338501291987, 0.0, 0.9457881136950906, 0.5234108527131783], "class": 1}