{"image": "3aea3392-eea9-11ee-af56-a6cd0eba30f1.jpg", "bboxes": [0.3424289405684754, 0.0, 1.0, 0.74656330749354], "class": 1}