{"image": "3aea3392-eea9-11ee-af56-a6cd0eba30f1.jpg", "bboxes": [0.1964341085271316, 0.0, 0.8553488372093023, 0.46118863049095604], "class": 1}