{"image": "3aea3392-eea9-11ee-af56-a6cd0eba30f1.jpg", "bboxes": [0.0, 0.14232558139534887, 0.41979328165374685, 0.9278552971576227], "class": 1}