{"image": "3aea3392-eea9-11ee-af56-a6cd0eba30f1.jpg", "bboxes": [0.0, 0.0067700258397933215, 0.3235658914728684, 0.7922997416020672], "class": 1}