{"image": "3aea3392-eea9-11ee-af56-a6cd0eba30f1.jpg", "bboxes": [0.0, 0.29658914728682173, 0.18645994832041346, 1.0], "class": 1}