{"image": "3aea3392-eea9-11ee-af56-a6cd0eba30f1.jpg", "bboxes": [0.20020671834625317, 0.08899224806201554, 0.859121447028424, 0.8745219638242894], "class": 1}