{"image": "3aea3392-eea9-11ee-af56-a6cd0eba30f1.jpg", "bboxes": [0.08242894056847541, 0.0, 0.7413436692506462, 0.7611886304909561], "class": 1}