{"image": "3aea3392-eea9-11ee-af56-a6cd0eba30f1.jpg", "bboxes": [0.7875452196382426, 0.05121447028423776, 1.0, 0.8367441860465116], "class": 1}