{"image": "3aea3392-eea9-11ee-af56-a6cd0eba30f1.jpg", "bboxes": [0.0, 0.23436692506459955, 0.37689922480620175, 1.0], "class": 1}