{"image": "3aea3392-eea9-11ee-af56-a6cd0eba30f1.jpg", "bboxes": [0.5764341085271316, 0.17343669250646, 1.0, 0.9589664082687338], "class": 1}