{"image": "3aea3392-eea9-11ee-af56-a6cd0eba30f1.jpg", "bboxes": [0.24754521963824272, 0.33658914728682177, 0.9064599483204134, 1.0], "class": 1}