{"image": "3aea3392-eea9-11ee-af56-a6cd0eba30f1.jpg", "bboxes": [0.0, 0.2565891472868217, 0.16201550387596908, 1.0], "class": 1}