{"image": "3aea3392-eea9-11ee-af56-a6cd0eba30f1.jpg", "bboxes": [0.9542118863049094, 0.0, 1.0, 0.4656330749354005], "class": 1}