{"image": "3aea3392-eea9-11ee-af56-a6cd0eba30f1.jpg", "bboxes": [0.0, 0.11565891472868221, 0.021343669250646194, 0.9011886304909561], "class": 1}