{"image": "3aea3392-eea9-11ee-af56-a6cd0eba30f1.jpg", "bboxes": [0.3031007751937983, 0.46325581395348836, 0.962015503875969, 1.0], "class": 1}