{"image": "3aea3392-eea9-11ee-af56-a6cd0eba30f1.jpg", "bboxes": [0.32687338501291985, 0.0, 0.9857881136950907, 0.5878552971576227], "class": 1}