{"image": "3aea3392-eea9-11ee-af56-a6cd0eba30f1.jpg", "bboxes": [0.2646511627906976, 0.14899224806201555, 0.9235658914728684, 0.9345219638242894], "class": 1}