{"image": "3aea3392-eea9-11ee-af56-a6cd0eba30f1.jpg", "bboxes": [0.0, 0.06454780361757109, 0.2813436692506462, 0.850077519379845], "class": 1}