{"image": "3aea3392-eea9-11ee-af56-a6cd0eba30f1.jpg", "bboxes": [0.08310077519379822, 0.0, 0.742015503875969, 0.7256330749354005], "class": 1}