{"image": "3aea3392-eea9-11ee-af56-a6cd0eba30f1.jpg", "bboxes": [0.2735400516795865, 0.12770025839793286, 0.9324547803617573, 0.9132299741602067], "class": 1}