{"image": "3aea3392-eea9-11ee-af56-a6cd0eba30f1.jpg", "bboxes": [0.8164341085271316, 0.1045478036175711, 1.0, 0.8900775193798449], "class": 1}