{"image": "3aea3392-eea9-11ee-af56-a6cd0eba30f1.jpg", "bboxes": [0.04976744186046489, 0.12547803617571063, 0.7086821705426357, 0.9110077519379844], "class": 1}