{"image": "3aea3392-eea9-11ee-af56-a6cd0eba30f1.jpg", "bboxes": [0.5468733850129198, 0.02677002583979332, 1.0, 0.8122997416020672], "class": 1}