{"image": "3aea3392-eea9-11ee-af56-a6cd0eba30f1.jpg", "bboxes": [0.0, 0.25436692506459946, 0.5397932816537467, 1.0], "class": 1}