{"image": "3aea3392-eea9-11ee-af56-a6cd0eba30f1.jpg", "bboxes": [0.0, 0.48770025839793285, 0.49534883720930234, 1.0], "class": 1}