{"image": "3aea3392-eea9-11ee-af56-a6cd0eba30f1.jpg", "bboxes": [0.0, 0.22899224806201554, 0.2331266149870802, 1.0], "class": 1}