{"image": "3aea3392-eea9-11ee-af56-a6cd0eba30f1.jpg", "bboxes": [0.5513178294573643, 0.0, 1.0, 0.5589664082687338], "class": 1}