{"image": "3aea3392-eea9-11ee-af56-a6cd0eba30f1.jpg", "bboxes": [0.0046511627906976275, 0.20899224806201555, 0.6635658914728684, 0.9945219638242894], "class": 1}