{"image": "3aea3392-eea9-11ee-af56-a6cd0eba30f1.jpg", "bboxes": [0.18754521963824267, 0.29214470284237726, 0.8464599483204135, 1.0], "class": 1}