{"image": "3aea3392-eea9-11ee-af56-a6cd0eba30f1.jpg", "bboxes": [0.30087855297157606, 0.052144702842377266, 0.9597932816537468, 0.8376744186046511], "class": 1}