{"image": "3aea3392-eea9-11ee-af56-a6cd0eba30f1.jpg", "bboxes": [0.09643410852713163, 0.0, 0.7553488372093023, 0.4922997416020672], "class": 1}