{"image": "3aea3392-eea9-11ee-af56-a6cd0eba30f1.jpg", "bboxes": [0.5031007751937983, 0.03343669250645999, 1.0, 0.8189664082687338], "class": 1}