{"image": "3aea3392-eea9-11ee-af56-a6cd0eba30f1.jpg", "bboxes": [0.11131782945736429, 0.0, 0.7702325581395351, 0.5278552971576227], "class": 1}