{"image": "3aea3392-eea9-11ee-af56-a6cd0eba30f1.jpg", "bboxes": [0.08020671834625319, 0.0, 0.739121447028424, 0.6700775193798449], "class": 1}