{"image": "3aea3392-eea9-11ee-af56-a6cd0eba30f1.jpg", "bboxes": [0.7653229974160205, 0.0, 1.0, 0.5545219638242894], "class": 1}