{"image": "3aea3392-eea9-11ee-af56-a6cd0eba30f1.jpg", "bboxes": [0.4002067183462532, 0.20010335917312666, 1.0, 0.9856330749354005], "class": 1}