{"image": "3aea3392-eea9-11ee-af56-a6cd0eba30f1.jpg", "bboxes": [0.0, 0.04232558139534888, 0.39689922480620177, 0.8278552971576227], "class": 1}