{"image": "3b4178d2-eea9-11ee-af56-a6cd0eba30f1.jpg", "bboxes": [0.6671317829457363, 0.0, 1.0, 0.7789664082687339], "class": 1}