{"image": "3b4178d2-eea9-11ee-af56-a6cd0eba30f1.jpg", "bboxes": [0.6649095607235141, 0.0, 1.0, 0.8086304909560722], "class": 1}