{"image": "3b4178d2-eea9-11ee-af56-a6cd0eba30f1.jpg", "bboxes": [0.016020671834625216, 0.0, 0.7111111111111111, 0.5300775193798449], "class": 1}