{"image": "3b4178d2-eea9-11ee-af56-a6cd0eba30f1.jpg", "bboxes": [0.03602067183462522, 0.34325581395348836, 0.7311111111111112, 1.0], "class": 1}