{"image": "3b4178d2-eea9-11ee-af56-a6cd0eba30f1.jpg", "bboxes": [0.0, 0.0, 0.5150904392764859, 0.5322997416020672], "class": 1}