{"image": "3b4178d2-eea9-11ee-af56-a6cd0eba30f1.jpg", "bboxes": [0.5044444444444445, 0.04248062015503886, 1.0, 0.8745219638242894], "class": 1}