{"image": "3b4178d2-eea9-11ee-af56-a6cd0eba30f1.jpg", "bboxes": [0.3471317829457363, 0.0758139534883722, 1.0, 0.9078552971576227], "class": 1}