{"image": "3b4178d2-eea9-11ee-af56-a6cd0eba30f1.jpg", "bboxes": [0.393798449612403, 0.25214470284237733, 1.0, 1.0], "class": 1}