{"image": "3b4178d2-eea9-11ee-af56-a6cd0eba30f1.jpg", "bboxes": [0.0, 0.39214470284237724, 0.575090439276486, 1.0], "class": 1}