{"image": "3b4178d2-eea9-11ee-af56-a6cd0eba30f1.jpg", "bboxes": [0.0, 0.10914728682170552, 0.32, 0.941188630490956], "class": 1}