{"image": "3b4178d2-eea9-11ee-af56-a6cd0eba30f1.jpg", "bboxes": [0.26222222222222225, 0.4543669250645995, 0.9573126614987081, 1.0], "class": 1}