{"image": "3b4178d2-eea9-11ee-af56-a6cd0eba30f1.jpg", "bboxes": [0.0, 0.011369509043927748, 0.09111111111111111, 0.8434108527131783], "class": 1}