{"image": "3b4178d2-eea9-11ee-af56-a6cd0eba30f1.jpg", "bboxes": [0.7871317829457364, 0.08470284237726108, 1.0, 0.9167441860465116], "class": 1}