{"image": "3b4178d2-eea9-11ee-af56-a6cd0eba30f1.jpg", "bboxes": [0.35777777777777775, 0.42547803617571056, 1.0, 1.0], "class": 1}