{"image": "3b4178d2-eea9-11ee-af56-a6cd0eba30f1.jpg", "bboxes": [0.7088888888888889, 0.5365891472868217, 1.0, 1.0], "class": 1}