{"image": "3b4178d2-eea9-11ee-af56-a6cd0eba30f1.jpg", "bboxes": [0.7426873385012919, 0.42992248062015503, 1.0, 1.0], "class": 1}