{"image": "3b4178d2-eea9-11ee-af56-a6cd0eba30f1.jpg", "bboxes": [0.9711111111111111, 0.198811369509044, 1.0, 1.0], "class": 1}