{"image": "3b4178d2-eea9-11ee-af56-a6cd0eba30f1.jpg", "bboxes": [0.9755555555555555, 0.0, 1.0, 0.6300775193798449], "class": 1}