{"image": "3b4178d2-eea9-11ee-af56-a6cd0eba30f1.jpg", "bboxes": [0.3088888888888889, 0.10470284237726109, 1.0, 0.9367441860465117], "class": 1}