{"image": "3b4178d2-eea9-11ee-af56-a6cd0eba30f1.jpg", "bboxes": [0.18713178294573632, 0.21581395348837218, 0.8822222222222222, 1.0], "class": 1}