{"image": "3b4178d2-eea9-11ee-af56-a6cd0eba30f1.jpg", "bboxes": [0.0, 0.12770025839793286, 0.5884237726098192, 0.9597416020671834], "class": 1}