{"image": "3b4178d2-eea9-11ee-af56-a6cd0eba30f1.jpg", "bboxes": [0.0, 0.18547803617571057, 0.09111111111111111, 1.0], "class": 1}