{"image": "3b4178d2-eea9-11ee-af56-a6cd0eba30f1.jpg", "bboxes": [0.0, 0.12325581395348839, 0.25555555555555554, 0.9552971576227389], "class": 1}