{"image": "3b4178d2-eea9-11ee-af56-a6cd0eba30f1.jpg", "bboxes": [0.2022222222222222, 0.0, 0.8973126614987081, 0.7411886304909561], "class": 1}