{"image": "3b4178d2-eea9-11ee-af56-a6cd0eba30f1.jpg", "bboxes": [0.0, 0.1780361757105944, 0.3017571059431525, 1.0], "class": 1}