{"image": "3b4178d2-eea9-11ee-af56-a6cd0eba30f1.jpg", "bboxes": [0.0, 0.0, 0.3688888888888889, 0.8175193798449611], "class": 1}