{"image": "3b4178d2-eea9-11ee-af56-a6cd0eba30f1.jpg", "bboxes": [0.09999999999999998, 0.0, 0.7950904392764859, 0.6567441860465116], "class": 1}