{"image": "3b4178d2-eea9-11ee-af56-a6cd0eba30f1.jpg", "bboxes": [0.5755555555555556, 0.0, 1.0, 0.5256330749354005], "class": 1}