{"image": "3b4178d2-eea9-11ee-af56-a6cd0eba30f1.jpg", "bboxes": [0.24713178294573632, 0.08103359173126612, 0.9422222222222222, 0.9130749354005167], "class": 1}