{"image": "3b4178d2-eea9-11ee-af56-a6cd0eba30f1.jpg", "bboxes": [0.20046511627906966, 0.24547803617571062, 0.8955555555555555, 1.0], "class": 1}