{"image": "3b4178d2-eea9-11ee-af56-a6cd0eba30f1.jpg", "bboxes": [0.7493540051679586, 0.0, 1.0, 0.6345219638242894], "class": 1}