{"image": "3b4178d2-eea9-11ee-af56-a6cd0eba30f1.jpg", "bboxes": [0.0, 0.19436692506459952, 0.3750904392764859, 1.0], "class": 1}