{"image": "3b4178d2-eea9-11ee-af56-a6cd0eba30f1.jpg", "bboxes": [0.35111111111111115, 0.016589147286821704, 1.0, 0.8486304909560722], "class": 1}