{"image": "3b4178d2-eea9-11ee-af56-a6cd0eba30f1.jpg", "bboxes": [0.22666666666666668, 0.4165891472868217, 0.9217571059431525, 1.0], "class": 1}