{"image": "3b4178d2-eea9-11ee-af56-a6cd0eba30f1.jpg", "bboxes": [0.9888888888888889, 0.0, 1.0, 0.5389664082687339], "class": 1}