{"image": "3b4178d2-eea9-11ee-af56-a6cd0eba30f1.jpg", "bboxes": [0.26, 0.0, 0.9550904392764858, 0.48118863049095606], "class": 1}