{"image": "3b9745a0-eea9-11ee-af56-a6cd0eba30f1.jpg", "bboxes": [0.0662532299741603, 0.32149870801033587, 0.6657364341085271, 1.0], "class": 1}