{"image": "3b9745a0-eea9-11ee-af56-a6cd0eba30f1.jpg", "bboxes": [0.09870801033591736, 0.0, 0.6981912144702842, 0.6140568475452197], "class": 1}