{"image": "3b9745a0-eea9-11ee-af56-a6cd0eba30f1.jpg", "bboxes": [0.8720413436692507, 0.0, 1.0, 0.7606201550387596], "class": 1}