{"image": "3b9745a0-eea9-11ee-af56-a6cd0eba30f1.jpg", "bboxes": [0.0, 0.23493540051679598, 0.5568475452196382, 1.0], "class": 1}