{"image": "3b9745a0-eea9-11ee-af56-a6cd0eba30f1.jpg", "bboxes": [0.3840310077519381, 0.13260981912144698, 0.9835142118863048, 0.9517312661498707], "class": 1}