{"image": "3b9745a0-eea9-11ee-af56-a6cd0eba30f1.jpg", "bboxes": [0.8484754521963825, 0.13049095607235153, 1.0, 0.9496124031007753], "class": 1}