{"image": "3b9745a0-eea9-11ee-af56-a6cd0eba30f1.jpg", "bboxes": [0.0, 0.0, 0.3990697674418604, 0.4829457364341086], "class": 1}