{"image": "3b9745a0-eea9-11ee-af56-a6cd0eba30f1.jpg", "bboxes": [0.4987080103359174, 0.11260981912144696, 1.0, 0.9317312661498707], "class": 1}