{"image": "3b9745a0-eea9-11ee-af56-a6cd0eba30f1.jpg", "bboxes": [0.9964857881136951, 0.0770542635658914, 1.0, 0.8961757105943151], "class": 1}