{"image": "3b9745a0-eea9-11ee-af56-a6cd0eba30f1.jpg", "bboxes": [0.0, 0.06382428940568487, 0.08263565891472857, 0.8829457364341086], "class": 1}