{"image": "3b9745a0-eea9-11ee-af56-a6cd0eba30f1.jpg", "bboxes": [0.0, 0.05260981912144691, 0.167080103359173, 0.8717312661498707], "class": 1}