{"image": "3b9745a0-eea9-11ee-af56-a6cd0eba30f1.jpg", "bboxes": [0.018708010335917402, 0.1682687338501293, 0.6181912144702841, 0.987390180878553], "class": 1}