{"image": "3b9745a0-eea9-11ee-af56-a6cd0eba30f1.jpg", "bboxes": [0.4231524547803618, 0.0, 1.0, 0.5140568475452197], "class": 1}