{"image": "3b9745a0-eea9-11ee-af56-a6cd0eba30f1.jpg", "bboxes": [0.0, 0.2616020671834626, 0.5479586563307494, 1.0], "class": 1}