{"image": "3b9745a0-eea9-11ee-af56-a6cd0eba30f1.jpg", "bboxes": [0.6164857881136951, 0.1771576227390182, 1.0, 0.996279069767442], "class": 1}