{"image": "3b9745a0-eea9-11ee-af56-a6cd0eba30f1.jpg", "bboxes": [0.1462532299741603, 0.0, 0.7457364341085271, 0.6962790697674419], "class": 1}