{"image": "3b9745a0-eea9-11ee-af56-a6cd0eba30f1.jpg", "bboxes": [0.0, 0.23038759689922472, 0.0568475452196382, 1.0], "class": 1}