{"image": "3b9745a0-eea9-11ee-af56-a6cd0eba30f1.jpg", "bboxes": [0.0, 0.03260981912144689, 0.3693023255813953, 0.8517312661498707], "class": 1}