{"image": "3b9745a0-eea9-11ee-af56-a6cd0eba30f1.jpg", "bboxes": [0.3542635658914729, 0.0, 0.9537467700258397, 0.6518346253229975], "class": 1}