{"image": "3b9745a0-eea9-11ee-af56-a6cd0eba30f1.jpg", "bboxes": [0.0, 0.35260981912144695, 0.4448578811369508, 1.0], "class": 1}