{"image": "3b9745a0-eea9-11ee-af56-a6cd0eba30f1.jpg", "bboxes": [0.0, 0.0, 0.21018087855297155, 0.6029457364341086], "class": 1}