{"image": "3b9745a0-eea9-11ee-af56-a6cd0eba30f1.jpg", "bboxes": [0.0, 0.02160206718346264, 0.5124031007751938, 0.8407235142118864], "class": 1}