{"image": "3b9745a0-eea9-11ee-af56-a6cd0eba30f1.jpg", "bboxes": [0.20180878552971585, 0.0, 0.8012919896640827, 0.7850645994832041], "class": 1}