{"image": "3b9745a0-eea9-11ee-af56-a6cd0eba30f1.jpg", "bboxes": [0.6351421188630492, 0.0, 1.0, 0.656279069767442], "class": 1}