{"image": "3b9745a0-eea9-11ee-af56-a6cd0eba30f1.jpg", "bboxes": [0.4795865633074936, 0.0, 1.0, 0.6785012919896641], "class": 1}