{"image": "3b9745a0-eea9-11ee-af56-a6cd0eba30f1.jpg", "bboxes": [0.7053746770025839, 0.0, 1.0, 0.6807235142118864], "class": 1}