{"image": "3b9745a0-eea9-11ee-af56-a6cd0eba30f1.jpg", "bboxes": [0.4973643410852714, 0.23271317829457375, 1.0, 1.0], "class": 1}