{"image": "3b9745a0-eea9-11ee-af56-a6cd0eba30f1.jpg", "bboxes": [0.0, 0.2414987080103358, 0.09152454780361752, 1.0], "class": 1}