{"image": "3b9745a0-eea9-11ee-af56-a6cd0eba30f1.jpg", "bboxes": [0.0, 0.21493540051679597, 0.1657364341085271, 1.0], "class": 1}