{"image": "3b9745a0-eea9-11ee-af56-a6cd0eba30f1.jpg", "bboxes": [0.7106976744186048, 0.3237209302325581, 1.0, 1.0], "class": 1}