{"image": "3b9745a0-eea9-11ee-af56-a6cd0eba30f1.jpg", "bboxes": [0.7706976744186047, 0.3259431524547802, 1.0, 1.0], "class": 1}