{"image": "3b9745a0-eea9-11ee-af56-a6cd0eba30f1.jpg", "bboxes": [0.8409302325581396, 0.16372093023255807, 1.0, 0.9828423772609818], "class": 1}