{"image": "3b9745a0-eea9-11ee-af56-a6cd0eba30f1.jpg", "bboxes": [0.525374677002584, 0.21271317829457376, 1.0, 1.0], "class": 1}