{"image": "3b9745a0-eea9-11ee-af56-a6cd0eba30f1.jpg", "bboxes": [0.6084754521963825, 0.3503875968992247, 1.0, 1.0], "class": 1}