{"image": "3b9745a0-eea9-11ee-af56-a6cd0eba30f1.jpg", "bboxes": [0.6742635658914728, 0.0, 1.0, 0.7118346253229975], "class": 1}