{"image": "3b9745a0-eea9-11ee-af56-a6cd0eba30f1.jpg", "bboxes": [0.39958656330749365, 0.0, 0.9990697674418604, 0.6496124031007753], "class": 1}