{"image": "3b9745a0-eea9-11ee-af56-a6cd0eba30f1.jpg", "bboxes": [0.0, 0.42816537467700244, 0.4657364341085271, 1.0], "class": 1}