{"image": "3b9745a0-eea9-11ee-af56-a6cd0eba30f1.jpg", "bboxes": [0.0, 0.2260465116279071, 0.31906976744186044, 1.0], "class": 1}