{"image": "3b9745a0-eea9-11ee-af56-a6cd0eba30f1.jpg", "bboxes": [0.0, 0.2748320413436691, 0.07240310077519375, 1.0], "class": 1}