{"image": "3b9745a0-eea9-11ee-af56-a6cd0eba30f1.jpg", "bboxes": [0.9898191214470284, 0.0, 1.0, 0.7783979328165374], "class": 1}