{"image": "3beda152-eea9-11ee-af56-a6cd0eba30f1.jpg", "bboxes": [0.46578811369509066, 0.14656330749354007, 1.0, 0.9320930232558139], "class": 1}