{"image": "3beda152-eea9-11ee-af56-a6cd0eba30f1.jpg", "bboxes": [0.010232558139535084, 0.2732299741602068, 0.679483204134367, 1.0], "class": 1}