{"image": "3beda152-eea9-11ee-af56-a6cd0eba30f1.jpg", "bboxes": [0.8524547803617573, 0.26434108527131783, 1.0, 1.0], "class": 1}