{"image": "3beda152-eea9-11ee-af56-a6cd0eba30f1.jpg", "bboxes": [0.9235658914728684, 0.33545219638242896, 1.0, 1.0], "class": 1}