{"image": "3beda152-eea9-11ee-af56-a6cd0eba30f1.jpg", "bboxes": [0.9035658914728684, 0.0, 1.0, 0.7312144702842377], "class": 1}