{"image": "3beda152-eea9-11ee-af56-a6cd0eba30f1.jpg", "bboxes": [0.0, 0.1732299741602067, 0.31865633074935384, 0.9587596899224806], "class": 1}