{"image": "3beda152-eea9-11ee-af56-a6cd0eba30f1.jpg", "bboxes": [0.0, 0.01322997416020677, 0.5305943152454782, 0.7987596899224806], "class": 1}