{"image": "3beda152-eea9-11ee-af56-a6cd0eba30f1.jpg", "bboxes": [0.2835658914728684, 0.2190180878552972, 0.9528165374677003, 1.0], "class": 1}