{"image": "3beda152-eea9-11ee-af56-a6cd0eba30f1.jpg", "bboxes": [0.44578811369509064, 0.0, 1.0, 0.6378811369509043], "class": 1}