{"image": "3beda152-eea9-11ee-af56-a6cd0eba30f1.jpg", "bboxes": [0.2835658914728684, 0.0, 0.9528165374677003, 0.7045478036175711], "class": 1}