{"image": "3beda152-eea9-11ee-af56-a6cd0eba30f1.jpg", "bboxes": [0.0, 0.26434108527131783, 0.5217054263565892, 1.0], "class": 1}