{"image": "3beda152-eea9-11ee-af56-a6cd0eba30f1.jpg", "bboxes": [0.43245478036175733, 0.1501291989664083, 1.0, 0.9356589147286821], "class": 1}