{"image": "3beda152-eea9-11ee-af56-a6cd0eba30f1.jpg", "bboxes": [0.2924547803617573, 0.03679586563307497, 0.9617054263565893, 0.8223255813953488], "class": 1}