{"image": "3beda152-eea9-11ee-af56-a6cd0eba30f1.jpg", "bboxes": [0.29689922480620173, 0.0, 0.9661498708010338, 0.6867700258397933], "class": 1}