{"image": "3beda152-eea9-11ee-af56-a6cd0eba30f1.jpg", "bboxes": [0.45162790697674404, 0.0, 1.0, 0.7067700258397932], "class": 1}