{"image": "3beda152-eea9-11ee-af56-a6cd0eba30f1.jpg", "bboxes": [0.2635658914728684, 0.4332299741602067, 0.9328165374677003, 1.0], "class": 1}