{"image": "3beda152-eea9-11ee-af56-a6cd0eba30f1.jpg", "bboxes": [0.8235658914728684, 0.43545219638242894, 1.0, 1.0], "class": 1}