{"image": "3beda152-eea9-11ee-af56-a6cd0eba30f1.jpg", "bboxes": [0.3271834625322996, 0.12346253229974163, 0.9964341085271315, 0.9089922480620155], "class": 1}