{"image": "3beda152-eea9-11ee-af56-a6cd0eba30f1.jpg", "bboxes": [0.8035658914728684, 0.0843410852713179, 1.0, 0.8698708010335917], "class": 1}