{"image": "3beda152-eea9-11ee-af56-a6cd0eba30f1.jpg", "bboxes": [0.42356589147286844, 0.0, 1.0, 0.6067700258397932], "class": 1}