{"image": "3beda152-eea9-11ee-af56-a6cd0eba30f1.jpg", "bboxes": [0.8502325581395351, 0.023462532299741636, 1.0, 0.8089922480620155], "class": 1}