{"image": "3beda152-eea9-11ee-af56-a6cd0eba30f1.jpg", "bboxes": [0.30718346253229967, 0.36568475452196386, 0.9764341085271315, 1.0], "class": 1}