{"image": "3beda152-eea9-11ee-af56-a6cd0eba30f1.jpg", "bboxes": [0.09689922480620175, 0.0, 0.7661498708010337, 0.672093023255814], "class": 1}