{"image": "3beda152-eea9-11ee-af56-a6cd0eba30f1.jpg", "bboxes": [0.023565891472868417, 0.07989664082687342, 0.6928165374677003, 0.8654263565891472], "class": 1}