{"image": "3beda152-eea9-11ee-af56-a6cd0eba30f1.jpg", "bboxes": [0.0, 0.24434108527131781, 0.6142118863049093, 1.0], "class": 1}