{"image": "3beda152-eea9-11ee-af56-a6cd0eba30f1.jpg", "bboxes": [0.8257881136950906, 0.13100775193798453, 1.0, 0.9165374677002583], "class": 1}