{"image": "3beda152-eea9-11ee-af56-a6cd0eba30f1.jpg", "bboxes": [0.013850129198966332, 0.30211886304909563, 0.6831007751937983, 1.0], "class": 1}