{"image": "3beda152-eea9-11ee-af56-a6cd0eba30f1.jpg", "bboxes": [0.024961240310077404, 0.31901808785529717, 0.6942118863049094, 1.0], "class": 1}