{"image": "3beda152-eea9-11ee-af56-a6cd0eba30f1.jpg", "bboxes": [0.0, 0.09901808785529718, 0.5172609819121449, 0.884547803617571], "class": 1}