{"image": "3beda152-eea9-11ee-af56-a6cd0eba30f1.jpg", "bboxes": [0.14801033591731286, 0.42434108527131786, 0.8172609819121448, 1.0], "class": 1}