{"image": "80f0d20c-eea8-11ee-af56-a6cd0eba30f1.jpg", "bboxes": [0.0, 0.08118863049095604, 0.4789147286821708, 1.0], "class": 1}