{"image": "80f0d20c-eea8-11ee-af56-a6cd0eba30f1.jpg", "bboxes": [0.28418604651162793, 0.28144702842377267, 1.0, 1.0], "class": 1}