{"image": "80f0d20c-eea8-11ee-af56-a6cd0eba30f1.jpg", "bboxes": [0.0, 0.12144702842377265, 0.13669250645994857, 1.0], "class": 1}