{"image": "80f0d20c-eea8-11ee-af56-a6cd0eba30f1.jpg", "bboxes": [0.15664082687338476, 0.0, 0.9602583979328165, 0.8721447028423773], "class": 1}