{"image": "80f0d20c-eea8-11ee-af56-a6cd0eba30f1.jpg", "bboxes": [0.975297157622739, 0.0, 1.0, 0.9096640826873384], "class": 1}