{"image": "80f0d20c-eea8-11ee-af56-a6cd0eba30f1.jpg", "bboxes": [0.8633074935400514, 0.0, 1.0, 0.9254780361757106], "class": 1}