{"image": "80f0d20c-eea8-11ee-af56-a6cd0eba30f1.jpg", "bboxes": [0.0, 0.16563307493540047, 0.1424806201550387, 1.0], "class": 1}