{"image": "80f0d20c-eea8-11ee-af56-a6cd0eba30f1.jpg", "bboxes": [0.7188630490956069, 0.0, 1.0, 0.9921447028423773], "class": 1}