{"image": "80f0d20c-eea8-11ee-af56-a6cd0eba30f1.jpg", "bboxes": [0.0, 0.0, 0.29581395348837203, 0.9677002583979328], "class": 1}