{"image": "80f0d20c-eea8-11ee-af56-a6cd0eba30f1.jpg", "bboxes": [0.0, 0.13922480620155045, 0.05581395348837204, 1.0], "class": 1}