{"image": "80f0d20c-eea8-11ee-af56-a6cd0eba30f1.jpg", "bboxes": [0.604186046511628, 0.0, 1.0, 0.8010335917312662], "class": 1}