{"image": "80f0d20c-eea8-11ee-af56-a6cd0eba30f1.jpg", "bboxes": [0.1099741602067181, 0.0, 0.9135917312661498, 0.785219638242894], "class": 1}