{"image": "80f0d20c-eea8-11ee-af56-a6cd0eba30f1.jpg", "bboxes": [0.0, 0.1989664082687338, 0.40780361757105965, 1.0], "class": 1}