{"image": "80f0d20c-eea8-11ee-af56-a6cd0eba30f1.jpg", "bboxes": [0.0, 0.094780361757106, 0.05669250645994861, 1.0], "class": 1}