{"image": "80f0d20c-eea8-11ee-af56-a6cd0eba30f1.jpg", "bboxes": [0.6975193798449613, 0.10785529715762276, 1.0, 1.0], "class": 1}