{"image": "80f0d20c-eea8-11ee-af56-a6cd0eba30f1.jpg", "bboxes": [0.1699741602067181, 0.13255813953488377, 0.9735917312661498, 1.0], "class": 1}