{"image": "80f0d20c-eea8-11ee-af56-a6cd0eba30f1.jpg", "bboxes": [0.8108527131782947, 0.0, 1.0, 0.8321447028423773], "class": 1}