{"image": "80f0d20c-eea8-11ee-af56-a6cd0eba30f1.jpg", "bboxes": [0.7766408268733848, 0.0, 1.0, 0.9985529715762274], "class": 1}