{"image": "80f0d20c-eea8-11ee-af56-a6cd0eba30f1.jpg", "bboxes": [0.047751937984495875, 0.11255813953488378, 0.8513695090439276, 1.0], "class": 1}