{"image": "80f0d20c-eea8-11ee-af56-a6cd0eba30f1.jpg", "bboxes": [0.7397416020671835, 0.2725581395348838, 1.0, 1.0], "class": 1}