{"image": "80f0d20c-eea8-11ee-af56-a6cd0eba30f1.jpg", "bboxes": [0.0, 0.0, 0.2669250645994831, 0.9918863049095606], "class": 1}