{"image": "80f0d20c-eea8-11ee-af56-a6cd0eba30f1.jpg", "bboxes": [0.5277519379844958, 0.0, 1.0, 0.7965891472868217], "class": 1}