{"image": "80f0d20c-eea8-11ee-af56-a6cd0eba30f1.jpg", "bboxes": [0.2375193798449613, 0.1411886304909561, 1.0, 1.0], "class": 1}