{"image": "80f0d20c-eea8-11ee-af56-a6cd0eba30f1.jpg", "bboxes": [0.2410852713178292, 0.29033591731266156, 1.0, 1.0], "class": 1}