{"image": "80f0d20c-eea8-11ee-af56-a6cd0eba30f1.jpg", "bboxes": [0.8997416020671836, 0.0, 1.0, 0.8518863049095606], "class": 1}