{"image": "80f0d20c-eea8-11ee-af56-a6cd0eba30f1.jpg", "bboxes": [0.0, 0.20811369509043934, 0.6900258397932819, 1.0], "class": 1}