{"image": "80f0d20c-eea8-11ee-af56-a6cd0eba30f1.jpg", "bboxes": [0.9330749354005169, 0.0, 1.0, 0.7118863049095607], "class": 1}