{"image": "80f0d20c-eea8-11ee-af56-a6cd0eba30f1.jpg", "bboxes": [0.4730749354005168, 0.07478036175710599, 1.0, 1.0], "class": 1}