{"image": "80f0d20c-eea8-11ee-af56-a6cd0eba30f1.jpg", "bboxes": [0.45664082687338475, 0.0, 1.0, 0.7363307493540051], "class": 1}