{"image": "80f0d20c-eea8-11ee-af56-a6cd0eba30f1.jpg", "bboxes": [0.13751937984496132, 0.0, 0.941136950904393, 0.8610335917312661], "class": 1}