{"image": "80f0d20c-eea8-11ee-af56-a6cd0eba30f1.jpg", "bboxes": [0.595297157622739, 0.0, 1.0, 0.7810335917312662], "class": 1}