{"image": "80f0d20c-eea8-11ee-af56-a6cd0eba30f1.jpg", "bboxes": [0.8677519379844959, 0.17674418604651165, 1.0, 1.0], "class": 1}