{"image": "80f0d20c-eea8-11ee-af56-a6cd0eba30f1.jpg", "bboxes": [0.2966408268733848, 0.2634108527131783, 1.0, 1.0], "class": 1}