{"image": "80f0d20c-eea8-11ee-af56-a6cd0eba30f1.jpg", "bboxes": [0.0, 0.1370025839793282, 0.047803617571059664, 1.0], "class": 1}