{"image": "80f0d20c-eea8-11ee-af56-a6cd0eba30f1.jpg", "bboxes": [0.0, 0.01896640826873386, 0.12113695090439303, 1.0], "class": 1}