{"image": "80f0d20c-eea8-11ee-af56-a6cd0eba30f1.jpg", "bboxes": [0.0, 0.07922480620155044, 0.7189147286821708, 1.0], "class": 1}