{"image": "80f0d20c-eea8-11ee-af56-a6cd0eba30f1.jpg", "bboxes": [0.0, 0.17478036175710598, 0.46470284237726095, 1.0], "class": 1}