{"image": "80f0d20c-eea8-11ee-af56-a6cd0eba30f1.jpg", "bboxes": [0.0, 0.05033591731266155, 0.4878036175710597, 1.0], "class": 1}