{"image": "80f0d20c-eea8-11ee-af56-a6cd0eba30f1.jpg", "bboxes": [0.0, 0.23229974160206712, 0.7247028423772609, 1.0], "class": 1}