{"image": "80f0d20c-eea8-11ee-af56-a6cd0eba30f1.jpg", "bboxes": [0.9099741602067181, 0.08811369509043933, 1.0, 1.0], "class": 1}