{"image": "80f0d20c-eea8-11ee-af56-a6cd0eba30f1.jpg", "bboxes": [0.0, 0.09452196382428935, 0.6380361757105942, 1.0], "class": 1}