{"image": "80f0d20c-eea8-11ee-af56-a6cd0eba30f1.jpg", "bboxes": [0.2064082687338502, 0.12118863049095607, 1.0, 1.0], "class": 1}