{"image": "80f0d20c-eea8-11ee-af56-a6cd0eba30f1.jpg", "bboxes": [0.5686304909560724, 0.0, 1.0, 0.9363307493540052], "class": 1}