{"image": "80f0d20c-eea8-11ee-af56-a6cd0eba30f1.jpg", "bboxes": [0.6197416020671835, 0.12144702842377265, 1.0, 1.0], "class": 1}