{"image": "80f0d20c-eea8-11ee-af56-a6cd0eba30f1.jpg", "bboxes": [0.0, 0.25229974160206714, 0.6278036175710597, 1.0], "class": 1}