{"image": "81421e32-eea8-11ee-af56-a6cd0eba30f1.jpg", "bboxes": [0.7913695090439276, 0.10640826873385019, 1.0, 1.0], "class": 1}