{"image": "81421e32-eea8-11ee-af56-a6cd0eba30f1.jpg", "bboxes": [0.10914728682170538, 0.2464082687338502, 0.9360206718346255, 1.0], "class": 1}