{"image": "81421e32-eea8-11ee-af56-a6cd0eba30f1.jpg", "bboxes": [0.0, 0.08418604651162796, 0.07085271317829463, 1.0], "class": 1}