{"image": "81421e32-eea8-11ee-af56-a6cd0eba30f1.jpg", "bboxes": [0.5573126614987078, 0.0913695090439276, 1.0, 1.0], "class": 1}