{"image": "81421e32-eea8-11ee-af56-a6cd0eba30f1.jpg", "bboxes": [0.0, 0.0175193798449613, 0.6130749354005168, 1.0], "class": 1}