{"image": "81421e32-eea8-11ee-af56-a6cd0eba30f1.jpg", "bboxes": [0.0, 0.04863049095607241, 0.7552971576227391, 1.0], "class": 1}