{"image": "81421e32-eea8-11ee-af56-a6cd0eba30f1.jpg", "bboxes": [0.7069250645994831, 0.13085271317829464, 1.0, 1.0], "class": 1}