{"image": "81421e32-eea8-11ee-af56-a6cd0eba30f1.jpg", "bboxes": [0.7062015503875968, 0.0, 1.0, 0.7402583979328166], "class": 1}