{"image": "81421e32-eea8-11ee-af56-a6cd0eba30f1.jpg", "bboxes": [0.12175710594315231, 0.0, 0.9486304909560724, 0.9713695090439276], "class": 1}