{"image": "81421e32-eea8-11ee-af56-a6cd0eba30f1.jpg", "bboxes": [0.5839793281653746, 0.0, 1.0, 0.8291472868217054], "class": 1}