{"image": "81421e32-eea8-11ee-af56-a6cd0eba30f1.jpg", "bboxes": [0.12397932816537453, 0.07581395348837205, 0.9508527131782947, 1.0], "class": 1}