{"image": "81421e32-eea8-11ee-af56-a6cd0eba30f1.jpg", "bboxes": [0.5239793281653745, 0.0, 1.0, 0.9819638242894058], "class": 1}