{"image": "81421e32-eea8-11ee-af56-a6cd0eba30f1.jpg", "bboxes": [0.0, 0.07529715762273907, 0.504186046511628, 1.0], "class": 1}