{"image": "81421e32-eea8-11ee-af56-a6cd0eba30f1.jpg", "bboxes": [0.013591731266149765, 0.09085271317829463, 0.84046511627907, 1.0], "class": 1}