{"image": "81421e32-eea8-11ee-af56-a6cd0eba30f1.jpg", "bboxes": [0.037312661498707864, 0.0, 0.864186046511628, 0.9775193798449613], "class": 1}