{"image": "81421e32-eea8-11ee-af56-a6cd0eba30f1.jpg", "bboxes": [0.0, 0.0, 0.7375193798449613, 0.8202583979328165], "class": 1}