{"image": "81421e32-eea8-11ee-af56-a6cd0eba30f1.jpg", "bboxes": [0.7350904392764857, 0.0, 1.0, 0.8869250645994832], "class": 1}