{"image": "81421e32-eea8-11ee-af56-a6cd0eba30f1.jpg", "bboxes": [0.11359173126614985, 0.0, 0.9404651162790699, 0.9402583979328165], "class": 1}