{"image": "81421e32-eea8-11ee-af56-a6cd0eba30f1.jpg", "bboxes": [0.0906459948320412, 0.0, 0.9175193798449613, 0.9375193798449613], "class": 1}