{"image": "81421e32-eea8-11ee-af56-a6cd0eba30f1.jpg", "bboxes": [0.11509043927648564, 0.0, 0.9419638242894057, 1.0], "class": 1}