{"image": "81421e32-eea8-11ee-af56-a6cd0eba30f1.jpg", "bboxes": [0.0, 0.010852713178294632, 0.5626873385012922, 1.0], "class": 1}