{"image": "81421e32-eea8-11ee-af56-a6cd0eba30f1.jpg", "bboxes": [0.09731266149870786, 0.0686304909560724, 0.924186046511628, 1.0], "class": 1}