{"image": "81421e32-eea8-11ee-af56-a6cd0eba30f1.jpg", "bboxes": [0.17731266149870786, 0.0, 1.0, 0.795813953488372], "class": 1}