{"image": "81421e32-eea8-11ee-af56-a6cd0eba30f1.jpg", "bboxes": [0.8047028423772609, 0.026925064599483184, 1.0, 1.0], "class": 1}