{"image": "81421e32-eea8-11ee-af56-a6cd0eba30f1.jpg", "bboxes": [0.9935917312661499, 0.0, 1.0, 0.9269250645994831], "class": 1}