{"image": "81421e32-eea8-11ee-af56-a6cd0eba30f1.jpg", "bboxes": [0.0, 0.0575193798449613, 0.7804651162790699, 1.0], "class": 1}