{"image": "81421e32-eea8-11ee-af56-a6cd0eba30f1.jpg", "bboxes": [0.0, 0.0, 0.7419638242894058, 0.9291472868217053], "class": 1}