{"image": "8193a428-eea8-11ee-af56-a6cd0eba30f1.jpg", "bboxes": [0.0, 0.0, 0.7843410852713181, 0.778811369509044], "class": 1}