{"image": "8193a428-eea8-11ee-af56-a6cd0eba30f1.jpg", "bboxes": [0.0, 0.13229974160206723, 0.6422739018087855, 1.0], "class": 1}