{"image": "8193a428-eea8-11ee-af56-a6cd0eba30f1.jpg", "bboxes": [0.2688372093023256, 0.20341085271317835, 1.0, 1.0], "class": 1}