{"image": "8193a428-eea8-11ee-af56-a6cd0eba30f1.jpg", "bboxes": [0.0, 0.04118863049095612, 0.5733850129198966, 1.0], "class": 1}