{"image": "8193a428-eea8-11ee-af56-a6cd0eba30f1.jpg", "bboxes": [0.7955038759689923, 0.12945736434108512, 1.0, 1.0], "class": 1}