{"image": "8193a428-eea8-11ee-af56-a6cd0eba30f1.jpg", "bboxes": [0.6667700258397931, 0.0, 1.0, 0.9660981912144704], "class": 1}