{"image": "8193a428-eea8-11ee-af56-a6cd0eba30f1.jpg", "bboxes": [0.028837209302325584, 0.0, 0.933229974160207, 0.881653746770026], "class": 1}