{"image": "8193a428-eea8-11ee-af56-a6cd0eba30f1.jpg", "bboxes": [0.5621705426356589, 0.0, 1.0, 0.8343669250645994], "class": 1}