{"image": "8193a428-eea8-11ee-af56-a6cd0eba30f1.jpg", "bboxes": [0.4578811369509041, 0.1589664082687339, 1.0, 1.0], "class": 1}