{"image": "8193a428-eea8-11ee-af56-a6cd0eba30f1.jpg", "bboxes": [0.7510594315245478, 0.18563307493540057, 1.0, 1.0], "class": 1}