{"image": "8193a428-eea8-11ee-af56-a6cd0eba30f1.jpg", "bboxes": [0.0, 0.110077519379845, 0.22434108527131813, 1.0], "class": 1}