{"image": "8193a428-eea8-11ee-af56-a6cd0eba30f1.jpg", "bboxes": [0.3645478036175708, 0.0, 1.0, 0.9794315245478038], "class": 1}