{"image": "8193a428-eea8-11ee-af56-a6cd0eba30f1.jpg", "bboxes": [0.0, 0.1611886304909561, 0.7421188630490958, 1.0], "class": 1}