{"image": "8193a428-eea8-11ee-af56-a6cd0eba30f1.jpg", "bboxes": [0.30439276485788114, 0.0, 1.0, 0.7232558139534884], "class": 1}