{"image": "8193a428-eea8-11ee-af56-a6cd0eba30f1.jpg", "bboxes": [0.0, 0.16563307493540055, 0.5000516795865633, 1.0], "class": 1}