{"image": "8193a428-eea8-11ee-af56-a6cd0eba30f1.jpg", "bboxes": [0.09105943152454776, 0.0, 0.9954521963824292, 1.0], "class": 1}