{"image": "8193a428-eea8-11ee-af56-a6cd0eba30f1.jpg", "bboxes": [0.5355038759689923, 0.09674418604651168, 1.0, 1.0], "class": 1}