{"image": "8193a428-eea8-11ee-af56-a6cd0eba30f1.jpg", "bboxes": [0.6089922480620152, 0.0389664082687339, 1.0, 1.0], "class": 1}