{"image": "8193a428-eea8-11ee-af56-a6cd0eba30f1.jpg", "bboxes": [0.17343669250645968, 0.08279069767441849, 1.0, 1.0], "class": 1}