{"image": "8193a428-eea8-11ee-af56-a6cd0eba30f1.jpg", "bboxes": [0.3045478036175708, 0.0, 1.0, 0.9877002583979327], "class": 1}