{"image": "8193a428-eea8-11ee-af56-a6cd0eba30f1.jpg", "bboxes": [0.9888372093023255, 0.10056847545219627, 1.0, 1.0], "class": 1}