{"image": "8193a428-eea8-11ee-af56-a6cd0eba30f1.jpg", "bboxes": [0.0, 0.12118863049095611, 0.72671834625323, 1.0], "class": 1}