{"image": "8193a428-eea8-11ee-af56-a6cd0eba30f1.jpg", "bboxes": [0.0, 0.17452196382428944, 0.78671834625323, 1.0], "class": 1}