{"image": "8193a428-eea8-11ee-af56-a6cd0eba30f1.jpg", "bboxes": [0.0, 0.11612403100775182, 0.1600516795865633, 1.0], "class": 1}