{"image": "8193a428-eea8-11ee-af56-a6cd0eba30f1.jpg", "bboxes": [0.6023255813953485, 0.018346253229974074, 1.0, 1.0], "class": 1}