{"image": "8193a428-eea8-11ee-af56-a6cd0eba30f1.jpg", "bboxes": [0.3578811369509041, 0.0, 1.0, 0.8654780361757105], "class": 1}