{"image": "81e56358-eea8-11ee-af56-a6cd0eba30f1.jpg", "bboxes": [0.12956072351421175, 0.0, 0.964186046511628, 0.9803100775193798], "class": 1}