{"image": "81e56358-eea8-11ee-af56-a6cd0eba30f1.jpg", "bboxes": [0.0, 0.18191214470284245, 0.0837726098191216, 1.0], "class": 1}