{"image": "81e56358-eea8-11ee-af56-a6cd0eba30f1.jpg", "bboxes": [0.36692506459948315, 0.0, 1.0, 0.846201550387597], "class": 1}