{"image": "81e56358-eea8-11ee-af56-a6cd0eba30f1.jpg", "bboxes": [0.14914728682170542, 0.0, 0.9837726098191216, 0.8684237726098192], "class": 1}