{"image": "81e56358-eea8-11ee-af56-a6cd0eba30f1.jpg", "bboxes": [0.1424806201550387, 0.09379844961240302, 0.9771059431524549, 1.0], "class": 1}