{"image": "81e56358-eea8-11ee-af56-a6cd0eba30f1.jpg", "bboxes": [0.7247028423772609, 0.2263565891472869, 1.0, 1.0], "class": 1}