{"image": "81e56358-eea8-11ee-af56-a6cd0eba30f1.jpg", "bboxes": [0.0, 0.059689922480620224, 0.039741602067183524, 1.0], "class": 1}