{"image": "81e56358-eea8-11ee-af56-a6cd0eba30f1.jpg", "bboxes": [0.9780361757105942, 0.0, 1.0, 0.9417571059431525], "class": 1}