{"image": "81e56358-eea8-11ee-af56-a6cd0eba30f1.jpg", "bboxes": [0.3451162790697673, 0.0, 1.0, 0.9439793281653748], "class": 1}