{"image": "81e56358-eea8-11ee-af56-a6cd0eba30f1.jpg", "bboxes": [0.0, 0.11524547803617578, 0.2508527131782946, 1.0], "class": 1}