{"image": "81e56358-eea8-11ee-af56-a6cd0eba30f1.jpg", "bboxes": [0.655813953488372, 0.11080103359173134, 1.0, 1.0], "class": 1}