{"image": "81e56358-eea8-11ee-af56-a6cd0eba30f1.jpg", "bboxes": [0.0, 0.0604651162790697, 0.6375193798449613, 1.0], "class": 1}