{"image": "81e56358-eea8-11ee-af56-a6cd0eba30f1.jpg", "bboxes": [0.695813953488372, 0.053023255813953556, 1.0, 1.0], "class": 1}