{"image": "81e56358-eea8-11ee-af56-a6cd0eba30f1.jpg", "bboxes": [0.4135917312661498, 0.0, 1.0, 0.7536434108527131], "class": 1}