{"image": "81e56358-eea8-11ee-af56-a6cd0eba30f1.jpg", "bboxes": [0.16248062015503872, 0.015245478036175781, 0.9971059431524549, 1.0], "class": 1}