{"image": "81e56358-eea8-11ee-af56-a6cd0eba30f1.jpg", "bboxes": [0.0, 0.05824289405684746, 0.13932816537467718, 1.0], "class": 1}