{"image": "81e56358-eea8-11ee-af56-a6cd0eba30f1.jpg", "bboxes": [0.6228940568475451, 0.0, 1.0, 0.8750904392764859], "class": 1}