{"image": "81e56358-eea8-11ee-af56-a6cd0eba30f1.jpg", "bboxes": [0.0, 0.08268733850129184, 0.25266149870801047, 1.0], "class": 1}