{"image": "81e56358-eea8-11ee-af56-a6cd0eba30f1.jpg", "bboxes": [0.0, 0.06413436692506468, 0.49974160206718354, 1.0], "class": 1}