{"image": "81e56358-eea8-11ee-af56-a6cd0eba30f1.jpg", "bboxes": [0.20248062015503865, 0.26413436692506465, 1.0, 1.0], "class": 1}