{"image": "81e56358-eea8-11ee-af56-a6cd0eba30f1.jpg", "bboxes": [0.9113695090439276, 0.0, 1.0, 0.8973126614987081], "class": 1}