{"image": "81e56358-eea8-11ee-af56-a6cd0eba30f1.jpg", "bboxes": [0.3762273901808784, 0.0, 1.0, 0.8958656330749353], "class": 1}