{"image": "81e56358-eea8-11ee-af56-a6cd0eba30f1.jpg", "bboxes": [0.0, 0.09602067183462526, 0.36418604651162795, 1.0], "class": 1}