{"image": "81e56358-eea8-11ee-af56-a6cd0eba30f1.jpg", "bboxes": [0.0, 0.2663565891472869, 0.29488372093023274, 1.0], "class": 1}