{"image": "81e56358-eea8-11ee-af56-a6cd0eba30f1.jpg", "bboxes": [0.26025839793281647, 0.0, 1.0, 0.7447545219638243], "class": 1}