{"image": "81e56358-eea8-11ee-af56-a6cd0eba30f1.jpg", "bboxes": [0.08914728682170536, 0.12046511627906964, 0.9237726098191216, 1.0], "class": 1}