{"image": "81e56358-eea8-11ee-af56-a6cd0eba30f1.jpg", "bboxes": [0.982894056847545, 0.0, 1.0, 0.7291989664082686], "class": 1}