{"image": "81e56358-eea8-11ee-af56-a6cd0eba30f1.jpg", "bboxes": [0.0, 0.2463565891472869, 0.33488372093023266, 1.0], "class": 1}