{"image": "81e56358-eea8-11ee-af56-a6cd0eba30f1.jpg", "bboxes": [0.5940051679586562, 0.1663565891472869, 1.0, 1.0], "class": 1}