{"image": "82365baa-eea8-11ee-af56-a6cd0eba30f1.jpg", "bboxes": [0.05901808785529716, 0.0, 0.9685788113695091, 0.9860465116279069], "class": 1}