{"image": "82365baa-eea8-11ee-af56-a6cd0eba30f1.jpg", "bboxes": [0.707906976744186, 0.0, 1.0, 0.7481653746770025], "class": 1}