{"image": "82365baa-eea8-11ee-af56-a6cd0eba30f1.jpg", "bboxes": [0.8990180878552971, 0.0, 1.0, 0.9214987080103358], "class": 1}