{"image": "82365baa-eea8-11ee-af56-a6cd0eba30f1.jpg", "bboxes": [0.0, 0.11395348837209318, 0.13302325581395358, 1.0], "class": 1}