{"image": "82365baa-eea8-11ee-af56-a6cd0eba30f1.jpg", "bboxes": [0.18031007751937977, 0.0, 1.0, 0.997157622739018], "class": 1}