{"image": "82365baa-eea8-11ee-af56-a6cd0eba30f1.jpg", "bboxes": [0.002532299741601997, 0.28961240310077524, 0.912093023255814, 1.0], "class": 1}