{"image": "82365baa-eea8-11ee-af56-a6cd0eba30f1.jpg", "bboxes": [0.6234625322997416, 0.0, 1.0, 0.8814987080103359], "class": 1}