{"image": "82365baa-eea8-11ee-af56-a6cd0eba30f1.jpg", "bboxes": [0.0, 0.21183462532299743, 0.4032041343669251, 1.0], "class": 1}