{"image": "82365baa-eea8-11ee-af56-a6cd0eba30f1.jpg", "bboxes": [0.0, 0.025167958656330775, 0.832093023255814, 1.0], "class": 1}