{"image": "82365baa-eea8-11ee-af56-a6cd0eba30f1.jpg", "bboxes": [0.4514211886304909, 0.07173126614987091, 1.0, 1.0], "class": 1}