{"image": "82365baa-eea8-11ee-af56-a6cd0eba30f1.jpg", "bboxes": [0.06031007751937977, 0.05627906976744189, 0.9698708010335918, 1.0], "class": 1}