{"image": "82365baa-eea8-11ee-af56-a6cd0eba30f1.jpg", "bboxes": [0.4314211886304909, 0.10072351421188633, 1.0, 1.0], "class": 1}