{"image": "82365baa-eea8-11ee-af56-a6cd0eba30f1.jpg", "bboxes": [0.4403100775193798, 0.3007235142118863, 1.0, 1.0], "class": 1}