{"image": "82365baa-eea8-11ee-af56-a6cd0eba30f1.jpg", "bboxes": [0.5256847545219638, 0.0, 1.0, 0.9193798449612401], "class": 1}