{"image": "82365baa-eea8-11ee-af56-a6cd0eba30f1.jpg", "bboxes": [0.8767958656330749, 0.0, 1.0, 0.6992764857881137], "class": 1}