{"image": "82365baa-eea8-11ee-af56-a6cd0eba30f1.jpg", "bboxes": [0.12568475452196382, 0.0, 1.0, 0.9727131782945735], "class": 1}