{"image": "82365baa-eea8-11ee-af56-a6cd0eba30f1.jpg", "bboxes": [0.4114211886304909, 0.0, 1.0, 0.9238242894056846], "class": 1}