{"image": "82365baa-eea8-11ee-af56-a6cd0eba30f1.jpg", "bboxes": [0.0, 0.018397932816537566, 0.8196899224806202, 1.0], "class": 1}