{"image": "82365baa-eea8-11ee-af56-a6cd0eba30f1.jpg", "bboxes": [0.0, 0.14294573643410854, 0.22857881136950908, 1.0], "class": 1}