{"image": "82365baa-eea8-11ee-af56-a6cd0eba30f1.jpg", "bboxes": [0.8958656330749353, 0.04062015503875982, 1.0, 1.0], "class": 1}