{"image": "82365baa-eea8-11ee-af56-a6cd0eba30f1.jpg", "bboxes": [0.040310077519379775, 0.03183462532299744, 0.9498708010335918, 1.0], "class": 1}