{"image": "82365baa-eea8-11ee-af56-a6cd0eba30f1.jpg", "bboxes": [0.0, 0.05395348837209313, 0.021912144702842418, 1.0], "class": 1}