{"image": "82365baa-eea8-11ee-af56-a6cd0eba30f1.jpg", "bboxes": [0.0, 0.02072351421188633, 0.737467700258398, 1.0], "class": 1}