{"image": "82365baa-eea8-11ee-af56-a6cd0eba30f1.jpg", "bboxes": [0.0, 0.08072351421188632, 0.7187596899224806, 1.0], "class": 1}