{"image": "82365baa-eea8-11ee-af56-a6cd0eba30f1.jpg", "bboxes": [0.05808785529715755, 0.0, 0.9676485788113696, 0.9014987080103359], "class": 1}