{"image": "82365baa-eea8-11ee-af56-a6cd0eba30f1.jpg", "bboxes": [0.0, 0.0, 0.8276485788113696, 0.7170542635658914], "class": 1}