{"image": "82365baa-eea8-11ee-af56-a6cd0eba30f1.jpg", "bboxes": [0.0, 0.22072351421188632, 0.19302325581395352, 1.0], "class": 1}