{"image": "82365baa-eea8-11ee-af56-a6cd0eba30f1.jpg", "bboxes": [0.0, 0.25627906976744186, 0.22764857881136955, 1.0], "class": 1}