{"image": "82365baa-eea8-11ee-af56-a6cd0eba30f1.jpg", "bboxes": [0.8812403100775194, 0.17405684754521966, 1.0, 1.0], "class": 1}