{"image": "82365baa-eea8-11ee-af56-a6cd0eba30f1.jpg", "bboxes": [0.0, 0.11183462532299744, 0.34635658914728684, 1.0], "class": 1}