{"image": "82365baa-eea8-11ee-af56-a6cd0eba30f1.jpg", "bboxes": [0.5656847545219639, 0.0, 1.0, 0.9437209302325581], "class": 1}