{"image": "82887390-eea8-11ee-af56-a6cd0eba30f1.jpg", "bboxes": [0.5234108527131783, 0.2263049095607236, 1.0, 1.0], "class": 1}