{"image": "82887390-eea8-11ee-af56-a6cd0eba30f1.jpg", "bboxes": [0.0, 0.0, 0.4277002583979328, 0.8781395348837209], "class": 1}