{"image": "82887390-eea8-11ee-af56-a6cd0eba30f1.jpg", "bboxes": [0.5100775193798449, 0.03281653746770041, 1.0, 1.0], "class": 1}