{"image": "82887390-eea8-11ee-af56-a6cd0eba30f1.jpg", "bboxes": [0.8365891472868217, 0.0, 1.0, 0.8959173126614987], "class": 1}