{"image": "82887390-eea8-11ee-af56-a6cd0eba30f1.jpg", "bboxes": [0.9899224806201551, 0.15074935400516803, 1.0, 1.0], "class": 1}