{"image": "82887390-eea8-11ee-af56-a6cd0eba30f1.jpg", "bboxes": [0.05007751937984494, 0.20186046511627914, 0.9389664082687338, 1.0], "class": 1}