{"image": "82887390-eea8-11ee-af56-a6cd0eba30f1.jpg", "bboxes": [0.39881136950904394, 0.0, 1.0, 0.9159173126614987], "class": 1}