{"image": "82887390-eea8-11ee-af56-a6cd0eba30f1.jpg", "bboxes": [0.0, 0.2574160206718347, 0.5278552971576227, 1.0], "class": 1}