{"image": "82887390-eea8-11ee-af56-a6cd0eba30f1.jpg", "bboxes": [0.0, 0.07074935400516805, 0.5121447028423773, 1.0], "class": 1}