{"image": "82887390-eea8-11ee-af56-a6cd0eba30f1.jpg", "bboxes": [0.0, 0.19297157622739025, 0.4854780361757106, 1.0], "class": 1}