{"image": "82887390-eea8-11ee-af56-a6cd0eba30f1.jpg", "bboxes": [0.0, 0.04852713178294582, 0.19229974160206717, 1.0], "class": 1}