{"image": "82887390-eea8-11ee-af56-a6cd0eba30f1.jpg", "bboxes": [0.7900775193798449, 0.0, 1.0, 0.7625839793281652], "class": 1}