{"image": "82887390-eea8-11ee-af56-a6cd0eba30f1.jpg", "bboxes": [0.0, 0.05281653746770043, 0.7321447028423773, 1.0], "class": 1}