{"image": "82887390-eea8-11ee-af56-a6cd0eba30f1.jpg", "bboxes": [0.0, 0.27074935400516803, 0.5678552971576227, 1.0], "class": 1}