{"image": "82887390-eea8-11ee-af56-a6cd0eba30f1.jpg", "bboxes": [0.8434108527131783, 0.037260981912144775, 1.0, 1.0], "class": 1}