{"image": "82887390-eea8-11ee-af56-a6cd0eba30f1.jpg", "bboxes": [0.7810335917312662, 0.0, 1.0, 0.960516795865633], "class": 1}