{"image": "82887390-eea8-11ee-af56-a6cd0eba30f1.jpg", "bboxes": [0.06785529715762272, 0.2929715762273903, 0.9567441860465116, 1.0], "class": 1}