{"image": "82887390-eea8-11ee-af56-a6cd0eba30f1.jpg", "bboxes": [0.0, 0.10408268733850137, 0.3565891472868217, 1.0], "class": 1}