{"image": "82887390-eea8-11ee-af56-a6cd0eba30f1.jpg", "bboxes": [0.0, 0.15297157622739027, 0.07896640826873383, 1.0], "class": 1}