{"image": "82887390-eea8-11ee-af56-a6cd0eba30f1.jpg", "bboxes": [0.27214470284237724, 0.2285271317829458, 1.0, 1.0], "class": 1}