{"image": "82887390-eea8-11ee-af56-a6cd0eba30f1.jpg", "bboxes": [0.5922997416020672, 0.13963824289405694, 1.0, 1.0], "class": 1}