{"image": "82887390-eea8-11ee-af56-a6cd0eba30f1.jpg", "bboxes": [0.9145219638242894, 0.0974160206718347, 1.0, 1.0], "class": 1}