{"image": "82887390-eea8-11ee-af56-a6cd0eba30f1.jpg", "bboxes": [0.016589147286821704, 0.07297157622739027, 0.9054780361757107, 1.0], "class": 1}