{"image": "82887390-eea8-11ee-af56-a6cd0eba30f1.jpg", "bboxes": [0.06563307493540049, 0.004082687338501374, 0.9545219638242894, 1.0], "class": 1}