{"image": "82887390-eea8-11ee-af56-a6cd0eba30f1.jpg", "bboxes": [0.24563307493540049, 0.0, 1.0, 0.8625839793281653], "class": 1}