{"image": "82887390-eea8-11ee-af56-a6cd0eba30f1.jpg", "bboxes": [0.0, 0.11948320413436708, 0.4367441860465116, 1.0], "class": 1}