{"image": "82887390-eea8-11ee-af56-a6cd0eba30f1.jpg", "bboxes": [0.13674418604651162, 0.07503875968992257, 1.0, 1.0], "class": 1}