{"image": "82887390-eea8-11ee-af56-a6cd0eba30f1.jpg", "bboxes": [0.6545219638242894, 0.0, 1.0, 0.8559173126614986], "class": 1}