{"image": "82d9a3be-eea8-11ee-af56-a6cd0eba30f1.jpg", "bboxes": [0.6233591731266148, 0.0, 1.0, 0.8700258397932816], "class": 1}