{"image": "82d9a3be-eea8-11ee-af56-a6cd0eba30f1.jpg", "bboxes": [0.0, 0.2099741602067184, 0.08759689922480625, 1.0], "class": 1}