{"image": "82d9a3be-eea8-11ee-af56-a6cd0eba30f1.jpg", "bboxes": [0.0, 0.0, 0.10997416020671846, 0.9078036175710593], "class": 1}