{"image": "82d9a3be-eea8-11ee-af56-a6cd0eba30f1.jpg", "bboxes": [0.6700258397932816, 0.0, 1.0, 0.8655813953488372], "class": 1}