{"image": "82d9a3be-eea8-11ee-af56-a6cd0eba30f1.jpg", "bboxes": [0.19906976744186045, 0.10552971576227398, 1.0, 1.0], "class": 1}