{"image": "82d9a3be-eea8-11ee-af56-a6cd0eba30f1.jpg", "bboxes": [0.11906976744186037, 0.0, 0.9588630490956074, 0.988733850129199], "class": 1}