{"image": "82d9a3be-eea8-11ee-af56-a6cd0eba30f1.jpg", "bboxes": [0.09891472868217041, 0.13664082687338508, 0.9387080103359173, 1.0], "class": 1}