{"image": "82d9a3be-eea8-11ee-af56-a6cd0eba30f1.jpg", "bboxes": [0.23891472868217042, 0.06015503875968986, 1.0, 1.0], "class": 1}