{"image": "82d9a3be-eea8-11ee-af56-a6cd0eba30f1.jpg", "bboxes": [0.0, 0.02904392764857877, 0.3544186046511629, 1.0], "class": 1}