{"image": "82d9a3be-eea8-11ee-af56-a6cd0eba30f1.jpg", "bboxes": [0.6766925064599482, 0.0, 1.0, 0.9122480620155038], "class": 1}