{"image": "82d9a3be-eea8-11ee-af56-a6cd0eba30f1.jpg", "bboxes": [0.0, 0.24997416020671842, 0.12759689922480624, 1.0], "class": 1}