{"image": "82d9a3be-eea8-11ee-af56-a6cd0eba30f1.jpg", "bboxes": [0.6124031007751938, 0.18330749354005174, 1.0, 1.0], "class": 1}