{"image": "82d9a3be-eea8-11ee-af56-a6cd0eba30f1.jpg", "bboxes": [0.9524031007751937, 0.0, 1.0, 0.7278036175710594], "class": 1}