{"image": "82d9a3be-eea8-11ee-af56-a6cd0eba30f1.jpg", "bboxes": [0.7079586563307494, 0.1988630490956073, 1.0, 1.0], "class": 1}