{"image": "82d9a3be-eea8-11ee-af56-a6cd0eba30f1.jpg", "bboxes": [0.0, 0.06552971576227397, 0.45219638242894067, 1.0], "class": 1}