{"image": "82d9a3be-eea8-11ee-af56-a6cd0eba30f1.jpg", "bboxes": [0.7966925064599482, 0.14015503875968993, 1.0, 1.0], "class": 1}