{"image": "82d9a3be-eea8-11ee-af56-a6cd0eba30f1.jpg", "bboxes": [0.7233591731266149, 0.1477519379844962, 1.0, 1.0], "class": 1}