{"image": "82d9a3be-eea8-11ee-af56-a6cd0eba30f1.jpg", "bboxes": [0.0, 0.09793281653746766, 0.09664082687338515, 1.0], "class": 1}