{"image": "82d9a3be-eea8-11ee-af56-a6cd0eba30f1.jpg", "bboxes": [0.0, 0.0, 0.5077519379844962, 0.8700258397932816], "class": 1}