{"image": "82d9a3be-eea8-11ee-af56-a6cd0eba30f1.jpg", "bboxes": [0.04351421188630489, 0.009974160206718416, 0.8833074935400518, 1.0], "class": 1}