{"image": "82d9a3be-eea8-11ee-af56-a6cd0eba30f1.jpg", "bboxes": [0.0012919896640826156, 0.06775193798449619, 0.8410852713178296, 1.0], "class": 1}