{"image": "82d9a3be-eea8-11ee-af56-a6cd0eba30f1.jpg", "bboxes": [0.10558139534883708, 0.0010852713178295264, 0.945374677002584, 1.0], "class": 1}