{"image": "82d9a3be-eea8-11ee-af56-a6cd0eba30f1.jpg", "bboxes": [0.474625322997416, 0.0, 1.0, 0.9020671834625323], "class": 1}