{"image": "82d9a3be-eea8-11ee-af56-a6cd0eba30f1.jpg", "bboxes": [0.26351421188630486, 0.12237726098191215, 1.0, 1.0], "class": 1}