{"image": "82d9a3be-eea8-11ee-af56-a6cd0eba30f1.jpg", "bboxes": [0.7678036175710593, 0.0, 1.0, 0.9776227390180879], "class": 1}