{"image": "82d9a3be-eea8-11ee-af56-a6cd0eba30f1.jpg", "bboxes": [0.8700258397932815, 0.0, 1.0, 0.8820671834625323], "class": 1}