{"image": "82d9a3be-eea8-11ee-af56-a6cd0eba30f1.jpg", "bboxes": [0.0, 0.03441860465116286, 0.19886304909560737, 1.0], "class": 1}