{"image": "82d9a3be-eea8-11ee-af56-a6cd0eba30f1.jpg", "bboxes": [0.11462532299741601, 0.0, 0.9544186046511629, 1.0], "class": 1}