{"image": "82d9a3be-eea8-11ee-af56-a6cd0eba30f1.jpg", "bboxes": [0.6100258397932815, 0.0, 1.0, 0.9531782945736434], "class": 1}