{"image": "82d9a3be-eea8-11ee-af56-a6cd0eba30f1.jpg", "bboxes": [0.0, 0.15441860465116286, 0.3920413436692507, 1.0], "class": 1}