{"image": "82d9a3be-eea8-11ee-af56-a6cd0eba30f1.jpg", "bboxes": [0.0, 0.04904392764857879, 0.07219638242894066, 1.0], "class": 1}