{"image": "82d9a3be-eea8-11ee-af56-a6cd0eba30f1.jpg", "bboxes": [0.7101808785529715, 0.0, 1.0, 0.7766925064599483], "class": 1}