{"image": "82d9a3be-eea8-11ee-af56-a6cd0eba30f1.jpg", "bboxes": [0.15447028423772596, 0.1077519379844962, 0.9942635658914729, 1.0], "class": 1}