{"image": "82d9a3be-eea8-11ee-af56-a6cd0eba30f1.jpg", "bboxes": [0.35240310077519377, 0.029974160206718416, 1.0, 1.0], "class": 1}