{"image": "82d9a3be-eea8-11ee-af56-a6cd0eba30f1.jpg", "bboxes": [0.0, 0.07793281653746764, 0.5610852713178296, 1.0], "class": 1}