{"image": "832b4066-eea8-11ee-af56-a6cd0eba30f1.jpg", "bboxes": [0.8422222222222221, 0.0, 1.0, 0.9844444444444443], "class": 1}