{"image": "832b4066-eea8-11ee-af56-a6cd0eba30f1.jpg", "bboxes": [0.6672868217054262, 0.0, 1.0, 0.8666666666666666], "class": 1}