{"image": "832b4066-eea8-11ee-af56-a6cd0eba30f1.jpg", "bboxes": [0.0, 0.1622222222222223, 0.1860465116279071, 1.0], "class": 1}