{"image": "832b4066-eea8-11ee-af56-a6cd0eba30f1.jpg", "bboxes": [0.6266666666666666, 0.0, 1.0, 0.7888888888888889], "class": 1}