{"image": "832b4066-eea8-11ee-af56-a6cd0eba30f1.jpg", "bboxes": [0.17839793281653737, 0.04444444444444451, 1.0, 1.0], "class": 1}