{"image": "832b4066-eea8-11ee-af56-a6cd0eba30f1.jpg", "bboxes": [0.0, 0.24666666666666673, 0.7111111111111112, 1.0], "class": 1}