{"image": "832b4066-eea8-11ee-af56-a6cd0eba30f1.jpg", "bboxes": [0.0, 0.0, 0.40666666666666684, 0.8022222222222222], "class": 1}