{"image": "832b4066-eea8-11ee-af56-a6cd0eba30f1.jpg", "bboxes": [0.0, 0.26000000000000006, 0.07493540051679601, 1.0], "class": 1}