{"image": "832b4066-eea8-11ee-af56-a6cd0eba30f1.jpg", "bboxes": [0.0, 0.03276485788113681, 0.1327131782945738, 1.0], "class": 1}