{"image": "832b4066-eea8-11ee-af56-a6cd0eba30f1.jpg", "bboxes": [0.0, 0.03555555555555562, 0.4416020671834627, 1.0], "class": 1}