{"image": "832b4066-eea8-11ee-af56-a6cd0eba30f1.jpg", "bboxes": [0.016175710594315107, 0.0, 0.868888888888889, 0.9622222222222222], "class": 1}