{"image": "832b4066-eea8-11ee-af56-a6cd0eba30f1.jpg", "bboxes": [0.34888888888888875, 0.0, 1.0, 0.9627906976744187], "class": 1}