{"image": "832b4066-eea8-11ee-af56-a6cd0eba30f1.jpg", "bboxes": [0.0, 0.11276485788113688, 0.046666666666666745, 1.0], "class": 1}