{"image": "832b4066-eea8-11ee-af56-a6cd0eba30f1.jpg", "bboxes": [0.14062015503875958, 0.15777777777777785, 0.9933333333333335, 1.0], "class": 1}