{"image": "832b4066-eea8-11ee-af56-a6cd0eba30f1.jpg", "bboxes": [0.0, 0.1016537467700257, 0.29049095607235154, 1.0], "class": 1}