{"image": "832b4066-eea8-11ee-af56-a6cd0eba30f1.jpg", "bboxes": [0.6688888888888888, 0.0844444444444445, 1.0, 1.0], "class": 1}