{"image": "832b4066-eea8-11ee-af56-a6cd0eba30f1.jpg", "bboxes": [0.7466666666666666, 0.2666666666666667, 1.0, 1.0], "class": 1}