{"image": "832b4066-eea8-11ee-af56-a6cd0eba30f1.jpg", "bboxes": [0.1295090439276484, 0.0, 0.9822222222222223, 0.9111111111111111], "class": 1}