{"image": "832b4066-eea8-11ee-af56-a6cd0eba30f1.jpg", "bboxes": [0.0, 0.17555555555555563, 0.33937984496124046, 1.0], "class": 1}