{"image": "832b4066-eea8-11ee-af56-a6cd0eba30f1.jpg", "bboxes": [0.0, 0.0638759689922479, 0.7200000000000002, 1.0], "class": 1}