{"image": "832b4066-eea8-11ee-af56-a6cd0eba30f1.jpg", "bboxes": [0.8688888888888887, 0.0, 1.0, 0.9444444444444444], "class": 1}