{"image": "832b4066-eea8-11ee-af56-a6cd0eba30f1.jpg", "bboxes": [0.0, 0.12165374677002572, 0.0016020671834626732, 1.0], "class": 1}