{"image": "832b4066-eea8-11ee-af56-a6cd0eba30f1.jpg", "bboxes": [0.2999999999999999, 0.03943152454780352, 1.0, 1.0], "class": 1}