{"image": "832b4066-eea8-11ee-af56-a6cd0eba30f1.jpg", "bboxes": [0.6406201550387596, 0.0, 1.0, 0.9383462532299743], "class": 1}