{"image": "837c6d56-eea8-11ee-af56-a6cd0eba30f1.jpg", "bboxes": [0.0, 0.3069767441860466, 0.761136950904393, 1.0], "class": 1}