{"image": "837c6d56-eea8-11ee-af56-a6cd0eba30f1.jpg", "bboxes": [0.13441860465116254, 0.0, 0.948372093023256, 1.0], "class": 1}