{"image": "837c6d56-eea8-11ee-af56-a6cd0eba30f1.jpg", "bboxes": [0.0, 0.016124031007751838, 0.021136950904393048, 1.0], "class": 1}