{"image": "837c6d56-eea8-11ee-af56-a6cd0eba30f1.jpg", "bboxes": [0.4410852713178292, 0.0, 1.0, 0.7730232558139534], "class": 1}