{"image": "837c6d56-eea8-11ee-af56-a6cd0eba30f1.jpg", "bboxes": [0.791627906976744, 0.03364341085271323, 1.0, 1.0], "class": 1}