{"image": "837c6d56-eea8-11ee-af56-a6cd0eba30f1.jpg", "bboxes": [0.25441860465116256, 0.0403100775193799, 1.0, 1.0], "class": 1}