{"image": "837c6d56-eea8-11ee-af56-a6cd0eba30f1.jpg", "bboxes": [0.10552971576227366, 0.0, 0.919483204134367, 0.9394315245478038], "class": 1}