{"image": "837c6d56-eea8-11ee-af56-a6cd0eba30f1.jpg", "bboxes": [0.6855297157622736, 0.0, 1.0, 0.7263565891472867], "class": 1}