{"image": "837c6d56-eea8-11ee-af56-a6cd0eba30f1.jpg", "bboxes": [0.12051679586563291, 0.044754521963824345, 0.9344702842377264, 1.0], "class": 1}