{"image": "837c6d56-eea8-11ee-af56-a6cd0eba30f1.jpg", "bboxes": [0.12108527131782922, 0.0, 0.9350387596899226, 0.932764857881137], "class": 1}