{"image": "837c6d56-eea8-11ee-af56-a6cd0eba30f1.jpg", "bboxes": [0.0, 0.11142118863049101, 0.09503875968992259, 1.0], "class": 1}