{"image": "837c6d56-eea8-11ee-af56-a6cd0eba30f1.jpg", "bboxes": [0.0, 0.1094573643410851, 0.7150387596899226, 1.0], "class": 1}