{"image": "837c6d56-eea8-11ee-af56-a6cd0eba30f1.jpg", "bboxes": [0.0, 0.018087855297157677, 0.5033591731266152, 1.0], "class": 1}