{"image": "837c6d56-eea8-11ee-af56-a6cd0eba30f1.jpg", "bboxes": [0.5766408268733848, 0.20475452196382435, 1.0, 1.0], "class": 1}