{"image": "837c6d56-eea8-11ee-af56-a6cd0eba30f1.jpg", "bboxes": [0.4182945736434107, 0.07834625322997402, 1.0, 1.0], "class": 1}