{"image": "837c6d56-eea8-11ee-af56-a6cd0eba30f1.jpg", "bboxes": [0.23162790697674407, 0.18475452196382436, 1.0, 1.0], "class": 1}