{"image": "837c6d56-eea8-11ee-af56-a6cd0eba30f1.jpg", "bboxes": [0.2521963824289403, 0.10723514211886287, 1.0, 1.0], "class": 1}