{"image": "837c6d56-eea8-11ee-af56-a6cd0eba30f1.jpg", "bboxes": [0.0, 0.24253229974160212, 0.37059431524547815, 1.0], "class": 1}