{"image": "837c6d56-eea8-11ee-af56-a6cd0eba30f1.jpg", "bboxes": [0.7360723514211884, 0.0, 1.0, 0.8796899224806201], "class": 1}