{"image": "837c6d56-eea8-11ee-af56-a6cd0eba30f1.jpg", "bboxes": [0.3227390180878552, 0.11390180878552958, 1.0, 1.0], "class": 1}