{"image": "837c6d56-eea8-11ee-af56-a6cd0eba30f1.jpg", "bboxes": [0.11441860465116255, 0.03390180878552962, 0.928372093023256, 1.0], "class": 1}