{"image": "837c6d56-eea8-11ee-af56-a6cd0eba30f1.jpg", "bboxes": [0.4249612403100774, 0.16253229974160213, 1.0, 1.0], "class": 1}