{"image": "837c6d56-eea8-11ee-af56-a6cd0eba30f1.jpg", "bboxes": [0.678863049095607, 0.0, 1.0, 0.868578811369509], "class": 1}