{"image": "837c6d56-eea8-11ee-af56-a6cd0eba30f1.jpg", "bboxes": [0.2610852713178292, 0.211421188630491, 1.0, 1.0], "class": 1}