{"image": "837c6d56-eea8-11ee-af56-a6cd0eba30f1.jpg", "bboxes": [0.8744186046511625, 0.0, 1.0, 0.8860981912144704], "class": 1}