{"image": "837c6d56-eea8-11ee-af56-a6cd0eba30f1.jpg", "bboxes": [0.17829457364341073, 0.311421188630491, 0.9922480620155041, 1.0], "class": 1}