{"image": "837c6d56-eea8-11ee-af56-a6cd0eba30f1.jpg", "bboxes": [0.034418604651162546, 0.0, 0.8483720930232559, 0.7730232558139534], "class": 1}