{"image": "837c6d56-eea8-11ee-af56-a6cd0eba30f1.jpg", "bboxes": [0.5205167958656329, 0.0, 1.0, 0.8727648578811371], "class": 1}