{"image": "837c6d56-eea8-11ee-af56-a6cd0eba30f1.jpg", "bboxes": [0.4982945736434108, 0.0, 1.0, 0.9641343669250646], "class": 1}