{"image": "837c6d56-eea8-11ee-af56-a6cd0eba30f1.jpg", "bboxes": [0.0, 0.25364341085271325, 0.5105943152454782, 1.0], "class": 1}