{"image": "837c6d56-eea8-11ee-af56-a6cd0eba30f1.jpg", "bboxes": [0.16775193798449586, 0.0, 0.9817054263565893, 0.9394315245478038], "class": 1}