{"image": "837c6d56-eea8-11ee-af56-a6cd0eba30f1.jpg", "bboxes": [0.0, 0.08697674418604656, 0.45059431524547816, 1.0], "class": 1}