{"image": "83cd8088-eea8-11ee-af56-a6cd0eba30f1.jpg", "bboxes": [0.0, 0.08082687338501293, 0.27064599483204144, 1.0], "class": 1}