{"image": "83cd8088-eea8-11ee-af56-a6cd0eba30f1.jpg", "bboxes": [0.6893540051679585, 0.278811369509044, 1.0, 1.0], "class": 1}