{"image": "83cd8088-eea8-11ee-af56-a6cd0eba30f1.jpg", "bboxes": [0.5071317829457364, 0.28547803617571066, 1.0, 1.0], "class": 1}