{"image": "83cd8088-eea8-11ee-af56-a6cd0eba30f1.jpg", "bboxes": [0.0, 0.009922480620155119, 0.39793281653746765, 1.0], "class": 1}