{"image": "83cd8088-eea8-11ee-af56-a6cd0eba30f1.jpg", "bboxes": [0.0, 0.16547803617571066, 0.611266149870801, 1.0], "class": 1}