{"image": "83cd8088-eea8-11ee-af56-a6cd0eba30f1.jpg", "bboxes": [0.0, 0.11436692506459957, 0.05064599483204146, 1.0], "class": 1}