{"image": "83cd8088-eea8-11ee-af56-a6cd0eba30f1.jpg", "bboxes": [0.48428940568475454, 0.23214470284237734, 1.0, 1.0], "class": 1}