{"image": "83cd8088-eea8-11ee-af56-a6cd0eba30f1.jpg", "bboxes": [0.9954005167958657, 0.0, 1.0, 0.8567441860465115], "class": 1}