{"image": "83cd8088-eea8-11ee-af56-a6cd0eba30f1.jpg", "bboxes": [0.2731782945736434, 0.2477002583979329, 1.0, 1.0], "class": 1}