{"image": "83cd8088-eea8-11ee-af56-a6cd0eba30f1.jpg", "bboxes": [0.3065116279069767, 0.0, 1.0, 0.8636175710594315], "class": 1}