{"image": "83cd8088-eea8-11ee-af56-a6cd0eba30f1.jpg", "bboxes": [0.02713178294573633, 0.0, 0.8979328165374677, 0.6834108527131781], "class": 1}