{"image": "83cd8088-eea8-11ee-af56-a6cd0eba30f1.jpg", "bboxes": [0.8715762273901808, 0.0, 1.0, 0.9125064599483204], "class": 1}