{"image": "83cd8088-eea8-11ee-af56-a6cd0eba30f1.jpg", "bboxes": [0.0, 0.0852713178294574, 0.4773126614987081, 1.0], "class": 1}