{"image": "83cd8088-eea8-11ee-af56-a6cd0eba30f1.jpg", "bboxes": [0.0, 0.005271317829457445, 0.5423772609819121, 1.0], "class": 1}