{"image": "83cd8088-eea8-11ee-af56-a6cd0eba30f1.jpg", "bboxes": [0.0, 0.16304909560723524, 0.26459948320413434, 1.0], "class": 1}