{"image": "83cd8088-eea8-11ee-af56-a6cd0eba30f1.jpg", "bboxes": [0.1449095607235141, 0.0, 1.0, 0.7078552971576226], "class": 1}