{"image": "83cd8088-eea8-11ee-af56-a6cd0eba30f1.jpg", "bboxes": [0.2709560723514213, 0.1077002583979329, 1.0, 1.0], "class": 1}