{"image": "83cd8088-eea8-11ee-af56-a6cd0eba30f1.jpg", "bboxes": [0.40873385012919905, 0.12103359173126622, 1.0, 1.0], "class": 1}