{"image": "83cd8088-eea8-11ee-af56-a6cd0eba30f1.jpg", "bboxes": [0.0, 0.10082687338501295, 0.24015503875968988, 1.0], "class": 1}