{"image": "83cd8088-eea8-11ee-af56-a6cd0eba30f1.jpg", "bboxes": [0.6315762273901808, 0.0, 1.0, 0.9767441860465116], "class": 1}