{"image": "83cd8088-eea8-11ee-af56-a6cd0eba30f1.jpg", "bboxes": [0.0, 0.007700258397932897, 0.6728682170542637, 1.0], "class": 1}