{"image": "83cd8088-eea8-11ee-af56-a6cd0eba30f1.jpg", "bboxes": [0.23762273901808784, 0.2277002583979329, 1.0, 1.0], "class": 1}