{"image": "83cd8088-eea8-11ee-af56-a6cd0eba30f1.jpg", "bboxes": [0.7782428940568474, 0.0, 1.0, 0.781188630490956], "class": 1}