{"image": "83cd8088-eea8-11ee-af56-a6cd0eba30f1.jpg", "bboxes": [0.2865116279069768, 0.012144702842377342, 1.0, 1.0], "class": 1}