{"image": "83cd8088-eea8-11ee-af56-a6cd0eba30f1.jpg", "bboxes": [0.7160206718346253, 0.0, 1.0, 0.839173126614987], "class": 1}