{"image": "83cd8088-eea8-11ee-af56-a6cd0eba30f1.jpg", "bboxes": [0.4049095607235141, 0.0, 1.0, 0.8322997416020671], "class": 1}