{"image": "83cd8088-eea8-11ee-af56-a6cd0eba30f1.jpg", "bboxes": [0.7531782945736434, 0.0, 1.0, 0.9702842377260982], "class": 1}