{"image": "83cd8088-eea8-11ee-af56-a6cd0eba30f1.jpg", "bboxes": [0.4065116279069768, 0.29436692506459955, 1.0, 1.0], "class": 1}