{"image": "83cd8088-eea8-11ee-af56-a6cd0eba30f1.jpg", "bboxes": [0.0, 0.31436692506459957, 0.8423772609819121, 1.0], "class": 1}