{"image": "83cd8088-eea8-11ee-af56-a6cd0eba30f1.jpg", "bboxes": [0.2671317829457363, 0.0, 1.0, 0.9278552971576226], "class": 1}