{"image": "83cd8088-eea8-11ee-af56-a6cd0eba30f1.jpg", "bboxes": [0.0, 0.2654780361757107, 0.5468217054263566, 1.0], "class": 1}