{"image": "83cd8088-eea8-11ee-af56-a6cd0eba30f1.jpg", "bboxes": [0.0, 0.08971576227390188, 0.6950904392764858, 1.0], "class": 1}