{"image": "83cd8088-eea8-11ee-af56-a6cd0eba30f1.jpg", "bboxes": [0.12935400516795856, 0.18325581395348844, 1.0, 1.0], "class": 1}