{"image": "83cd8088-eea8-11ee-af56-a6cd0eba30f1.jpg", "bboxes": [0.6782428940568475, 0.0, 1.0, 0.9680620155038759], "class": 1}