{"image": "841f38ce-eea8-11ee-af56-a6cd0eba30f1.jpg", "bboxes": [0.5880103359173126, 0.0, 1.0, 0.9077002583979328], "class": 1}