{"image": "841f38ce-eea8-11ee-af56-a6cd0eba30f1.jpg", "bboxes": [0.09560723514211888, 0.0, 0.9586563307493541, 0.8597416020671834], "class": 1}