{"image": "841f38ce-eea8-11ee-af56-a6cd0eba30f1.jpg", "bboxes": [0.0, 0.03803617571059438, 0.11772609819121448, 1.0], "class": 1}