{"image": "841f38ce-eea8-11ee-af56-a6cd0eba30f1.jpg", "bboxes": [0.5280103359173126, 0.0, 1.0, 0.8775193798449612], "class": 1}