{"image": "841f38ce-eea8-11ee-af56-a6cd0eba30f1.jpg", "bboxes": [0.14449612403100776, 0.09136950904392771, 1.0, 1.0], "class": 1}