{"image": "841f38ce-eea8-11ee-af56-a6cd0eba30f1.jpg", "bboxes": [0.732454780361757, 0.021188630490956095, 1.0, 1.0], "class": 1}