{"image": "841f38ce-eea8-11ee-af56-a6cd0eba30f1.jpg", "bboxes": [0.38449612403100775, 0.2580361757105944, 1.0, 1.0], "class": 1}