{"image": "841f38ce-eea8-11ee-af56-a6cd0eba30f1.jpg", "bboxes": [0.2533850129198967, 0.011369509043927715, 1.0, 1.0], "class": 1}