{"image": "841f38ce-eea8-11ee-af56-a6cd0eba30f1.jpg", "bboxes": [0.5489405684754523, 0.2091472868217055, 1.0, 1.0], "class": 1}