{"image": "841f38ce-eea8-11ee-af56-a6cd0eba30f1.jpg", "bboxes": [0.24356589147286817, 0.05896640826873378, 1.0, 1.0], "class": 1}