{"image": "841f38ce-eea8-11ee-af56-a6cd0eba30f1.jpg", "bboxes": [0.09912144702842372, 0.0, 0.9621705426356589, 0.8397416020671834], "class": 1}