{"image": "841f38ce-eea8-11ee-af56-a6cd0eba30f1.jpg", "bboxes": [0.0, 0.0056330749354005505, 0.5897674418604651, 1.0], "class": 1}