{"image": "841f38ce-eea8-11ee-af56-a6cd0eba30f1.jpg", "bboxes": [0.033385012919896595, 0.1491472868217055, 0.8964341085271318, 1.0], "class": 1}