{"image": "841f38ce-eea8-11ee-af56-a6cd0eba30f1.jpg", "bboxes": [0.0, 0.0402583979328166, 0.5875452196382429, 1.0], "class": 1}