{"image": "841f38ce-eea8-11ee-af56-a6cd0eba30f1.jpg", "bboxes": [0.3733850129198967, 0.0, 1.0, 0.9210335917312662], "class": 1}