{"image": "841f38ce-eea8-11ee-af56-a6cd0eba30f1.jpg", "bboxes": [0.0, 0.13896640826873385, 0.7866149870801034, 1.0], "class": 1}