{"image": "841f38ce-eea8-11ee-af56-a6cd0eba30f1.jpg", "bboxes": [0.7768992248062015, 0.15229974160206716, 1.0, 1.0], "class": 1}