{"image": "841f38ce-eea8-11ee-af56-a6cd0eba30f1.jpg", "bboxes": [0.0, 0.0, 0.6288372093023256, 0.8130749354005167], "class": 1}