{"image": "841f38ce-eea8-11ee-af56-a6cd0eba30f1.jpg", "bboxes": [0.0, 0.12785529715762267, 0.7999483204134367, 1.0], "class": 1}