{"image": "841f38ce-eea8-11ee-af56-a6cd0eba30f1.jpg", "bboxes": [0.0, 0.09229974160206722, 0.6110594315245478, 1.0], "class": 1}