{"image": "841f38ce-eea8-11ee-af56-a6cd0eba30f1.jpg", "bboxes": [0.9200516795865633, 0.14692506459948326, 1.0, 1.0], "class": 1}