{"image": "841f38ce-eea8-11ee-af56-a6cd0eba30f1.jpg", "bboxes": [0.4311627906976744, 0.0, 1.0, 0.9752971576227389], "class": 1}