{"image": "841f38ce-eea8-11ee-af56-a6cd0eba30f1.jpg", "bboxes": [0.5244961240310078, 0.0, 1.0, 0.8699224806201551], "class": 1}