{"image": "841f38ce-eea8-11ee-af56-a6cd0eba30f1.jpg", "bboxes": [0.13338501291989668, 0.11896640826873384, 0.9964341085271319, 1.0], "class": 1}