{"image": "841f38ce-eea8-11ee-af56-a6cd0eba30f1.jpg", "bboxes": [0.10894056847545219, 0.0, 0.9719896640826874, 1.0], "class": 1}