{"image": "841f38ce-eea8-11ee-af56-a6cd0eba30f1.jpg", "bboxes": [0.6044961240310077, 0.2669250645994833, 1.0, 1.0], "class": 1}