{"image": "841f38ce-eea8-11ee-af56-a6cd0eba30f1.jpg", "bboxes": [0.42356589147286816, 0.0, 1.0, 0.72640826873385], "class": 1}