{"image": "841f38ce-eea8-11ee-af56-a6cd0eba30f1.jpg", "bboxes": [0.0, 0.08248062015503883, 0.44976744186046513, 1.0], "class": 1}