{"image": "841f38ce-eea8-11ee-af56-a6cd0eba30f1.jpg", "bboxes": [0.38671834625323, 0.0, 1.0, 0.9041860465116278], "class": 1}