{"image": "84705bd2-eea8-11ee-af56-a6cd0eba30f1.jpg", "bboxes": [0.7296640826873386, 0.0, 1.0, 0.9752454780361757], "class": 1}