{"image": "84705bd2-eea8-11ee-af56-a6cd0eba30f1.jpg", "bboxes": [0.0, 0.007855297157622676, 0.6265633074935404, 1.0], "class": 1}