{"image": "84705bd2-eea8-11ee-af56-a6cd0eba30f1.jpg", "bboxes": [0.07188630490956083, 0.0, 0.8910077519379848, 0.9041343669250645], "class": 1}