{"image": "84705bd2-eea8-11ee-af56-a6cd0eba30f1.jpg", "bboxes": [0.0, 0.0, 0.22656330749354037, 0.7752454780361757], "class": 1}