{"image": "84705bd2-eea8-11ee-af56-a6cd0eba30f1.jpg", "bboxes": [0.0, 0.10475452196382434, 0.6681136950904392, 1.0], "class": 1}