{"image": "84705bd2-eea8-11ee-af56-a6cd0eba30f1.jpg", "bboxes": [0.6956589147286819, 0.0, 1.0, 0.9908010335917312], "class": 1}