{"image": "84705bd2-eea8-11ee-af56-a6cd0eba30f1.jpg", "bboxes": [0.22744186046511639, 0.04253229974160212, 1.0, 1.0], "class": 1}