{"image": "84705bd2-eea8-11ee-af56-a6cd0eba30f1.jpg", "bboxes": [0.026770025839793005, 0.015865633074935458, 0.845891472868217, 1.0], "class": 1}