{"image": "84705bd2-eea8-11ee-af56-a6cd0eba30f1.jpg", "bboxes": [0.41121447028423747, 0.12697674418604657, 1.0, 1.0], "class": 1}