{"image": "84705bd2-eea8-11ee-af56-a6cd0eba30f1.jpg", "bboxes": [0.016330749354005247, 0.0, 0.8354521963824292, 0.99968992248062], "class": 1}