{"image": "84705bd2-eea8-11ee-af56-a6cd0eba30f1.jpg", "bboxes": [0.6289922480620153, 0.0, 1.0, 0.8730232558139535], "class": 1}