{"image": "84705bd2-eea8-11ee-af56-a6cd0eba30f1.jpg", "bboxes": [0.08454780361757078, 0.0, 0.9036692506459948, 0.888578811369509], "class": 1}