{"image": "84705bd2-eea8-11ee-af56-a6cd0eba30f1.jpg", "bboxes": [0.44744186046511636, 0.0, 1.0, 0.7085788113695091], "class": 1}