{"image": "84705bd2-eea8-11ee-af56-a6cd0eba30f1.jpg", "bboxes": [0.3334366925064597, 0.0, 1.0, 0.8996899224806201], "class": 1}