{"image": "84705bd2-eea8-11ee-af56-a6cd0eba30f1.jpg", "bboxes": [0.08077519379844966, 0.0, 0.8998966408268737, 1.0], "class": 1}