{"image": "84705bd2-eea8-11ee-af56-a6cd0eba30f1.jpg", "bboxes": [0.8807751937984497, 0.0, 1.0, 0.8130232558139534], "class": 1}