{"image": "84705bd2-eea8-11ee-af56-a6cd0eba30f1.jpg", "bboxes": [0.34521963824289414, 0.0, 1.0, 0.7619121447028423], "class": 1}