{"image": "84705bd2-eea8-11ee-af56-a6cd0eba30f1.jpg", "bboxes": [0.3245478036175708, 0.0, 1.0, 0.9943669250645994], "class": 1}