{"image": "84705bd2-eea8-11ee-af56-a6cd0eba30f1.jpg", "bboxes": [0.2718863049095608, 0.27142118863049103, 1.0, 1.0], "class": 1}