{"image": "84705bd2-eea8-11ee-af56-a6cd0eba30f1.jpg", "bboxes": [0.5963307493540053, 0.0, 1.0, 0.8863565891472868], "class": 1}