{"image": "84705bd2-eea8-11ee-af56-a6cd0eba30f1.jpg", "bboxes": [0.0, 0.0203100775193799, 0.26434108527131805, 1.0], "class": 1}