{"image": "84705bd2-eea8-11ee-af56-a6cd0eba30f1.jpg", "bboxes": [0.4912144702842374, 0.004754521963824345, 1.0, 1.0], "class": 1}