{"image": "84705bd2-eea8-11ee-af56-a6cd0eba30f1.jpg", "bboxes": [0.28899224806201523, 0.0, 1.0, 0.948578811369509], "class": 1}