{"image": "84705bd2-eea8-11ee-af56-a6cd0eba30f1.jpg", "bboxes": [0.3801033591731263, 0.1491989664082688, 1.0, 1.0], "class": 1}