{"image": "84705bd2-eea8-11ee-af56-a6cd0eba30f1.jpg", "bboxes": [0.11188630490956075, 0.0, 0.9310077519379848, 1.0], "class": 1}