{"image": "84705bd2-eea8-11ee-af56-a6cd0eba30f1.jpg", "bboxes": [0.086770025839793, 0.0, 0.905891472868217, 0.8219121447028424], "class": 1}