{"image": "84705bd2-eea8-11ee-af56-a6cd0eba30f1.jpg", "bboxes": [0.914108527131783, 0.0, 1.0, 0.7774677002583978], "class": 1}