{"image": "84c1b64e-eea8-11ee-af56-a6cd0eba30f1.jpg", "bboxes": [0.3805684754521963, 0.14997416020671842, 1.0, 1.0], "class": 1}