{"image": "84c1b64e-eea8-11ee-af56-a6cd0eba30f1.jpg", "bboxes": [0.20899224806201522, 0.0, 0.9660981912144704, 0.862842377260982], "class": 1}