{"image": "84c1b64e-eea8-11ee-af56-a6cd0eba30f1.jpg", "bboxes": [0.727235142118863, 0.19664082687338508, 1.0, 1.0], "class": 1}