{"image": "84c1b64e-eea8-11ee-af56-a6cd0eba30f1.jpg", "bboxes": [0.8201033591731264, 0.12552971576227398, 1.0, 1.0], "class": 1}