{"image": "84c1b64e-eea8-11ee-af56-a6cd0eba30f1.jpg", "bboxes": [0.7645478036175708, 0.0, 1.0, 0.8561757105943154], "class": 1}