{"image": "84c1b64e-eea8-11ee-af56-a6cd0eba30f1.jpg", "bboxes": [0.6489922480620153, 0.0682687338501291, 1.0, 1.0], "class": 1}