{"image": "84c1b64e-eea8-11ee-af56-a6cd0eba30f1.jpg", "bboxes": [0.7894573643410852, 0.0, 1.0, 0.9406201550387598], "class": 1}