{"image": "84c1b64e-eea8-11ee-af56-a6cd0eba30f1.jpg", "bboxes": [0.4961240310077518, 0.041085271317829526, 1.0, 1.0], "class": 1}