{"image": "84c1b64e-eea8-11ee-af56-a6cd0eba30f1.jpg", "bboxes": [0.0, 0.04604651162790685, 0.17054263565891487, 1.0], "class": 1}