{"image": "84c1b64e-eea8-11ee-af56-a6cd0eba30f1.jpg", "bboxes": [0.426770025839793, 0.22330749354005175, 1.0, 1.0], "class": 1}