{"image": "84c1b64e-eea8-11ee-af56-a6cd0eba30f1.jpg", "bboxes": [0.546770025839793, 0.10382428940568467, 1.0, 1.0], "class": 1}