{"image": "84c1b64e-eea8-11ee-af56-a6cd0eba30f1.jpg", "bboxes": [0.9827906976744185, 0.0, 1.0, 0.7922480620155038], "class": 1}