{"image": "84c1b64e-eea8-11ee-af56-a6cd0eba30f1.jpg", "bboxes": [0.29121447028423747, 0.056640826873385085, 1.0, 1.0], "class": 1}