{"image": "84c1b64e-eea8-11ee-af56-a6cd0eba30f1.jpg", "bboxes": [0.31390180878552953, 0.0, 1.0, 0.9072868217054265], "class": 1}