{"image": "84c1b64e-eea8-11ee-af56-a6cd0eba30f1.jpg", "bboxes": [0.0, 0.006046511627906814, 0.40609819121447044, 1.0], "class": 1}