{"image": "84c1b64e-eea8-11ee-af56-a6cd0eba30f1.jpg", "bboxes": [0.7512144702842375, 0.0, 1.0, 0.8166925064599483], "class": 1}