{"image": "84c1b64e-eea8-11ee-af56-a6cd0eba30f1.jpg", "bboxes": [0.47167958656330733, 0.0, 1.0, 0.8495090439276487], "class": 1}