{"image": "84c1b64e-eea8-11ee-af56-a6cd0eba30f1.jpg", "bboxes": [0.806770025839793, 0.09441860465116286, 1.0, 1.0], "class": 1}