{"image": "84c1b64e-eea8-11ee-af56-a6cd0eba30f1.jpg", "bboxes": [0.32723514211886295, 0.0, 1.0, 0.7055813953488371], "class": 1}