{"image": "84c1b64e-eea8-11ee-af56-a6cd0eba30f1.jpg", "bboxes": [0.7134366925064597, 0.2810852713178295, 1.0, 1.0], "class": 1}