{"image": "84c1b64e-eea8-11ee-af56-a6cd0eba30f1.jpg", "bboxes": [0.11834625322997405, 0.0, 0.8754521963824292, 0.6989147286821704], "class": 1}