{"image": "84c1b64e-eea8-11ee-af56-a6cd0eba30f1.jpg", "bboxes": [0.12945736434108512, 0.0, 0.8865633074935403, 0.8633591731266149], "class": 1}