{"image": "84c1b64e-eea8-11ee-af56-a6cd0eba30f1.jpg", "bboxes": [0.0, 0.1060465116279069, 0.09545219638242919, 1.0], "class": 1}