{"image": "84c1b64e-eea8-11ee-af56-a6cd0eba30f1.jpg", "bboxes": [0.3939018087855296, 0.0, 1.0, 0.7300258397932815], "class": 1}