{"image": "84c1b64e-eea8-11ee-af56-a6cd0eba30f1.jpg", "bboxes": [0.0, 0.0788630490956073, 0.015452196382429229, 1.0], "class": 1}