{"image": "84c1b64e-eea8-11ee-af56-a6cd0eba30f1.jpg", "bboxes": [0.2094573643410852, 0.1588630490956073, 0.9665633074935404, 1.0], "class": 1}