{"image": "84c1b64e-eea8-11ee-af56-a6cd0eba30f1.jpg", "bboxes": [0.8827906976744184, 0.0, 1.0, 0.9850645994832042], "class": 1}