{"image": "84c1b64e-eea8-11ee-af56-a6cd0eba30f1.jpg", "bboxes": [0.0, 0.08330749354005175, 0.1438759689922482, 1.0], "class": 1}