{"image": "84c1b64e-eea8-11ee-af56-a6cd0eba30f1.jpg", "bboxes": [0.25343669250645967, 0.0, 1.0, 0.9228423772609821], "class": 1}