{"image": "84c1b64e-eea8-11ee-af56-a6cd0eba30f1.jpg", "bboxes": [0.9316795865633074, 0.09219638242894064, 1.0, 1.0], "class": 1}