{"image": "85131f52-eea8-11ee-af56-a6cd0eba30f1.jpg", "bboxes": [0.0, 0.01385012919896648, 0.49157622739018103, 0.8691472868217054], "class": 1}