{"image": "85131f52-eea8-11ee-af56-a6cd0eba30f1.jpg", "bboxes": [0.38175710594315226, 0.0, 0.9967441860465117, 0.6172609819121446], "class": 1}