{"image": "85131f52-eea8-11ee-af56-a6cd0eba30f1.jpg", "bboxes": [0.7810335917312661, 0.4160723514211887, 1.0, 1.0], "class": 1}