{"image": "85131f52-eea8-11ee-af56-a6cd0eba30f1.jpg", "bboxes": [0.9106459948320412, 0.0, 1.0, 0.810594315245478], "class": 1}