{"image": "85131f52-eea8-11ee-af56-a6cd0eba30f1.jpg", "bboxes": [0.0, 0.23307493540051683, 0.1471317829457366, 1.0], "class": 1}