{"image": "85131f52-eea8-11ee-af56-a6cd0eba30f1.jpg", "bboxes": [0.6054780361757105, 0.21829457364341093, 1.0, 1.0], "class": 1}