{"image": "85131f52-eea8-11ee-af56-a6cd0eba30f1.jpg", "bboxes": [0.6017571059431523, 0.44051679586563314, 1.0, 1.0], "class": 1}