{"image": "85131f52-eea8-11ee-af56-a6cd0eba30f1.jpg", "bboxes": [0.0, 0.23529715762273906, 0.558966408268734, 1.0], "class": 1}