{"image": "85131f52-eea8-11ee-af56-a6cd0eba30f1.jpg", "bboxes": [0.0, 0.0, 0.41379844961240325, 0.755813953488372], "class": 1}