{"image": "85131f52-eea8-11ee-af56-a6cd0eba30f1.jpg", "bboxes": [0.3773126614987079, 0.0, 0.9922997416020672, 0.5550387596899224], "class": 1}