{"image": "85131f52-eea8-11ee-af56-a6cd0eba30f1.jpg", "bboxes": [0.3217571059431523, 0.4471834625322998, 0.9367441860465118, 1.0], "class": 1}