{"image": "85131f52-eea8-11ee-af56-a6cd0eba30f1.jpg", "bboxes": [0.0, 0.19829457364341094, 0.42341085271317835, 1.0], "class": 1}