{"image": "85131f52-eea8-11ee-af56-a6cd0eba30f1.jpg", "bboxes": [0.841033591731266, 0.028630490956072396, 1.0, 0.8839276485788113], "class": 1}