{"image": "85131f52-eea8-11ee-af56-a6cd0eba30f1.jpg", "bboxes": [0.9165891472868216, 0.0, 1.0, 0.781705426356589], "class": 1}