{"image": "85131f52-eea8-11ee-af56-a6cd0eba30f1.jpg", "bboxes": [0.26175710594315227, 0.04273901808785537, 0.8767441860465117, 0.8980361757105942], "class": 1}