{"image": "85131f52-eea8-11ee-af56-a6cd0eba30f1.jpg", "bboxes": [0.15953488372093005, 0.0, 0.7745219638242895, 0.7750387596899224], "class": 1}