{"image": "85131f52-eea8-11ee-af56-a6cd0eba30f1.jpg", "bboxes": [0.5632558139534882, 0.0, 1.0, 0.6728165374677002], "class": 1}