{"image": "85131f52-eea8-11ee-af56-a6cd0eba30f1.jpg", "bboxes": [0.0, 0.1382945736434109, 0.5900775193798451, 0.9935917312661499], "class": 1}