{"image": "85131f52-eea8-11ee-af56-a6cd0eba30f1.jpg", "bboxes": [0.4595348837209301, 0.04273901808785537, 1.0, 0.8980361757105942], "class": 1}