{"image": "85131f52-eea8-11ee-af56-a6cd0eba30f1.jpg", "bboxes": [0.06175710594315231, 0.0, 0.6767441860465118, 0.6261498708010336], "class": 1}