{"image": "85131f52-eea8-11ee-af56-a6cd0eba30f1.jpg", "bboxes": [0.6232558139534883, 0.3827390180878554, 1.0, 1.0], "class": 1}