{"image": "85131f52-eea8-11ee-af56-a6cd0eba30f1.jpg", "bboxes": [0.4877002583979327, 0.0, 1.0, 0.815813953488372], "class": 1}