{"image": "85131f52-eea8-11ee-af56-a6cd0eba30f1.jpg", "bboxes": [0.0, 0.12863049095607237, 0.29379844961240326, 0.9839276485788113], "class": 1}