{"image": "85131f52-eea8-11ee-af56-a6cd0eba30f1.jpg", "bboxes": [0.03881136950904382, 0.21529715762273904, 0.6537984496124033, 1.0], "class": 1}