{"image": "85131f52-eea8-11ee-af56-a6cd0eba30f1.jpg", "bboxes": [0.7462015503875967, 0.0, 1.0, 0.5261498708010335], "class": 1}