{"image": "85131f52-eea8-11ee-af56-a6cd0eba30f1.jpg", "bboxes": [0.44547803617571047, 0.0, 1.0, 0.7535917312661499], "class": 1}