{"image": "85131f52-eea8-11ee-af56-a6cd0eba30f1.jpg", "bboxes": [0.0795348837209301, 0.0, 0.6945219638242894, 0.5928165374677001], "class": 1}