{"image": "85131f52-eea8-11ee-af56-a6cd0eba30f1.jpg", "bboxes": [0.0, 0.32940568475452203, 0.4834108527131784, 1.0], "class": 1}