{"image": "85131f52-eea8-11ee-af56-a6cd0eba30f1.jpg", "bboxes": [0.9417571059431523, 0.0, 1.0, 0.7980361757105943], "class": 1}