{"image": "85131f52-eea8-11ee-af56-a6cd0eba30f1.jpg", "bboxes": [0.0, 0.17385012919896647, 0.03379844961240325, 1.0], "class": 1}