{"image": "85131f52-eea8-11ee-af56-a6cd0eba30f1.jpg", "bboxes": [0.5150904392764857, 0.2308527131782946, 1.0, 1.0], "class": 1}