{"image": "85131f52-eea8-11ee-af56-a6cd0eba30f1.jpg", "bboxes": [0.0, 0.14640826873385016, 0.26563307493540067, 1.0], "class": 1}