{"image": "85131f52-eea8-11ee-af56-a6cd0eba30f1.jpg", "bboxes": [0.721033591731266, 0.010852713178294615, 1.0, 0.8661498708010336], "class": 1}