{"image": "85131f52-eea8-11ee-af56-a6cd0eba30f1.jpg", "bboxes": [0.5321447028423771, 0.0, 1.0, 0.775813953488372], "class": 1}