{"image": "85131f52-eea8-11ee-af56-a6cd0eba30f1.jpg", "bboxes": [0.8906459948320412, 0.0, 1.0, 0.5483720930232557], "class": 1}