{"image": "85131f52-eea8-11ee-af56-a6cd0eba30f1.jpg", "bboxes": [0.29214470284237715, 0.4160723514211887, 0.9071317829457366, 1.0], "class": 1}