{"image": "85131f52-eea8-11ee-af56-a6cd0eba30f1.jpg", "bboxes": [0.601033591731266, 0.18940568475452205, 1.0, 1.0], "class": 1}