{"image": "85131f52-eea8-11ee-af56-a6cd0eba30f1.jpg", "bboxes": [0.8032558139534882, 0.055297157622739124, 1.0, 0.910594315245478], "class": 1}