{"image": "85131f52-eea8-11ee-af56-a6cd0eba30f1.jpg", "bboxes": [0.9995348837209301, 0.0, 1.0, 0.804702842377261], "class": 1}