{"image": "85131f52-eea8-11ee-af56-a6cd0eba30f1.jpg", "bboxes": [0.401033591731266, 0.0, 1.0, 0.6261498708010336], "class": 1}