{"image": "85131f52-eea8-11ee-af56-a6cd0eba30f1.jpg", "bboxes": [0.9832558139534883, 0.12273901808785537, 1.0, 0.9780361757105942], "class": 1}