{"image": "85131f52-eea8-11ee-af56-a6cd0eba30f1.jpg", "bboxes": [0.048423772609819005, 0.0, 0.6634108527131783, 0.7639276485788113], "class": 1}