{"image": "85131f52-eea8-11ee-af56-a6cd0eba30f1.jpg", "bboxes": [0.0, 0.1938501291989665, 0.022687338501292138, 1.0], "class": 1}