{"image": "85131f52-eea8-11ee-af56-a6cd0eba30f1.jpg", "bboxes": [0.0, 0.4627390180878554, 0.5945219638242896, 1.0], "class": 1}