{"image": "85131f52-eea8-11ee-af56-a6cd0eba30f1.jpg", "bboxes": [0.8188113695090439, 0.0, 1.0, 0.7891472868217053], "class": 1}