{"image": "85131f52-eea8-11ee-af56-a6cd0eba30f1.jpg", "bboxes": [0.6832558139534882, 0.12051679586563314, 1.0, 0.9758139534883721], "class": 1}