{"image": "85131f52-eea8-11ee-af56-a6cd0eba30f1.jpg", "bboxes": [0.9417571059431523, 0.09751937984496128, 1.0, 0.9528165374677002], "class": 1}