{"image": "85649ee0-eea8-11ee-af56-a6cd0eba30f1.jpg", "bboxes": [0.15080103359173133, 0.02191214470284245, 0.9234108527131782, 0.9030490956072352], "class": 1}