{"image": "85649ee0-eea8-11ee-af56-a6cd0eba30f1.jpg", "bboxes": [0.2685788113695091, 0.0, 1.0, 0.822532299741602], "class": 1}