{"image": "85649ee0-eea8-11ee-af56-a6cd0eba30f1.jpg", "bboxes": [0.7321447028423773, 0.0, 1.0, 0.7469767441860464], "class": 1}