{"image": "85649ee0-eea8-11ee-af56-a6cd0eba30f1.jpg", "bboxes": [0.0, 0.02191214470284245, 0.012299741602067166, 0.9030490956072352], "class": 1}