{"image": "85649ee0-eea8-11ee-af56-a6cd0eba30f1.jpg", "bboxes": [0.0, 0.4885788113695091, 0.3678552971576227, 1.0], "class": 1}