{"image": "85649ee0-eea8-11ee-af56-a6cd0eba30f1.jpg", "bboxes": [0.0, 0.5219121447028424, 0.6211886304909561, 1.0], "class": 1}