{"image": "85649ee0-eea8-11ee-af56-a6cd0eba30f1.jpg", "bboxes": [0.5054780361757106, 0.0, 1.0, 0.45142118863049085], "class": 1}