{"image": "85649ee0-eea8-11ee-af56-a6cd0eba30f1.jpg", "bboxes": [0.015245478036175781, 0.3796899224806202, 0.7878552971576227, 1.0], "class": 1}