{"image": "85649ee0-eea8-11ee-af56-a6cd0eba30f1.jpg", "bboxes": [0.7054780361757106, 0.31302325581395357, 1.0, 1.0], "class": 1}