{"image": "85649ee0-eea8-11ee-af56-a6cd0eba30f1.jpg", "bboxes": [0.8299224806201551, 0.0663565891472869, 1.0, 0.9474935400516796], "class": 1}