{"image": "85649ee0-eea8-11ee-af56-a6cd0eba30f1.jpg", "bboxes": [0.041033591731266195, 0.33968992248062024, 0.8136434108527131, 1.0], "class": 1}