{"image": "85649ee0-eea8-11ee-af56-a6cd0eba30f1.jpg", "bboxes": [0.7263565891472868, 0.24191214470284245, 1.0, 1.0], "class": 1}