{"image": "85649ee0-eea8-11ee-af56-a6cd0eba30f1.jpg", "bboxes": [0.0, 0.497467700258398, 0.4736434108527131, 1.0], "class": 1}