{"image": "85649ee0-eea8-11ee-af56-a6cd0eba30f1.jpg", "bboxes": [0.0, 0.07028423772609815, 0.6958656330749353, 0.9514211886304909], "class": 1}