{"image": "85649ee0-eea8-11ee-af56-a6cd0eba30f1.jpg", "bboxes": [0.13436692506459946, 0.19524547803617578, 0.9069767441860465, 1.0], "class": 1}