{"image": "85649ee0-eea8-11ee-af56-a6cd0eba30f1.jpg", "bboxes": [0.5108010335917313, 0.0, 1.0, 0.8091989664082686], "class": 1}