{"image": "85649ee0-eea8-11ee-af56-a6cd0eba30f1.jpg", "bboxes": [0.5943669250645995, 0.0, 1.0, 0.4847545219638242], "class": 1}