{"image": "85649ee0-eea8-11ee-af56-a6cd0eba30f1.jpg", "bboxes": [0.0, 0.097467700258398, 0.19229974160206717, 0.9786046511627907], "class": 1}