{"image": "85649ee0-eea8-11ee-af56-a6cd0eba30f1.jpg", "bboxes": [0.0, 0.0, 0.28697674418604646, 0.4091989664082687], "class": 1}