{"image": "85649ee0-eea8-11ee-af56-a6cd0eba30f1.jpg", "bboxes": [0.0, 0.12413436692506467, 0.4056330749354005, 1.0], "class": 1}