{"image": "85649ee0-eea8-11ee-af56-a6cd0eba30f1.jpg", "bboxes": [0.177467700258398, 0.0, 0.950077519379845, 0.6247545219638242], "class": 1}