{"image": "85649ee0-eea8-11ee-af56-a6cd0eba30f1.jpg", "bboxes": [0.0, 0.5263565891472869, 0.055865633074935306, 1.0], "class": 1}