{"image": "85649ee0-eea8-11ee-af56-a6cd0eba30f1.jpg", "bboxes": [0.11436692506459956, 0.4019121447028424, 0.8869767441860464, 1.0], "class": 1}