{"image": "85649ee0-eea8-11ee-af56-a6cd0eba30f1.jpg", "bboxes": [0.0, 0.49080103359173133, 0.045633074935400496, 1.0], "class": 1}