{"image": "85649ee0-eea8-11ee-af56-a6cd0eba30f1.jpg", "bboxes": [0.837467700258398, 0.4530232558139536, 1.0, 1.0], "class": 1}