{"image": "85649ee0-eea8-11ee-af56-a6cd0eba30f1.jpg", "bboxes": [0.0, 0.03524547803617578, 0.29808785529715753, 0.9163824289405685], "class": 1}