{"image": "85649ee0-eea8-11ee-af56-a6cd0eba30f1.jpg", "bboxes": [0.4619121447028425, 0.019689922480620226, 1.0, 0.900826873385013], "class": 1}