{"image": "85649ee0-eea8-11ee-af56-a6cd0eba30f1.jpg", "bboxes": [0.33968992248062024, 0.1685788113695091, 1.0, 1.0], "class": 1}