{"image": "85649ee0-eea8-11ee-af56-a6cd0eba30f1.jpg", "bboxes": [0.0, 0.5708010335917313, 0.34475452196382417, 1.0], "class": 1}