{"image": "85649ee0-eea8-11ee-af56-a6cd0eba30f1.jpg", "bboxes": [0.0, 0.28857881136950914, 0.3745219638242894, 1.0], "class": 1}