{"image": "85649ee0-eea8-11ee-af56-a6cd0eba30f1.jpg", "bboxes": [0.1663565891472869, 0.017467700258398004, 0.9389664082687338, 0.8986046511627908], "class": 1}