{"image": "85649ee0-eea8-11ee-af56-a6cd0eba30f1.jpg", "bboxes": [0.27881136950904395, 0.33302325581395353, 1.0, 1.0], "class": 1}