{"image": "85649ee0-eea8-11ee-af56-a6cd0eba30f1.jpg", "bboxes": [0.0, 0.07968992248062022, 0.2380878552971576, 0.9608268733850129], "class": 1}