{"image": "85649ee0-eea8-11ee-af56-a6cd0eba30f1.jpg", "bboxes": [0.8019121447028424, 0.0, 1.0, 0.48253229974160194], "class": 1}