{"image": "85649ee0-eea8-11ee-af56-a6cd0eba30f1.jpg", "bboxes": [0.057467700258398, 0.5863565891472869, 0.830077519379845, 1.0], "class": 1}