{"image": "85649ee0-eea8-11ee-af56-a6cd0eba30f1.jpg", "bboxes": [0.19524547803617578, 0.0, 0.9678552971576228, 0.5936434108527131], "class": 1}