{"image": "85649ee0-eea8-11ee-af56-a6cd0eba30f1.jpg", "bboxes": [0.0, 0.09524547803617578, 0.3336434108527131, 0.9763824289405686], "class": 1}