{"image": "85649ee0-eea8-11ee-af56-a6cd0eba30f1.jpg", "bboxes": [0.2285788113695091, 0.0, 1.0, 0.39364341085271315], "class": 1}