{"image": "85649ee0-eea8-11ee-af56-a6cd0eba30f1.jpg", "bboxes": [0.1663565891472869, 0.0, 0.9389664082687338, 0.6225322997416021], "class": 1}