{"image": "85bac658-eea8-11ee-af56-a6cd0eba30f1.jpg", "bboxes": [0.0, 0.12894056847545224, 0.7184496124031009, 1.0], "class": 1}