{"image": "85bac658-eea8-11ee-af56-a6cd0eba30f1.jpg", "bboxes": [0.28687338501291987, 0.1844961240310078, 1.0, 1.0], "class": 1}