{"image": "85bac658-eea8-11ee-af56-a6cd0eba30f1.jpg", "bboxes": [0.21932816537467692, 0.0, 1.0, 0.4999483204134366], "class": 1}