{"image": "85bac658-eea8-11ee-af56-a6cd0eba30f1.jpg", "bboxes": [0.0, 0.08671834625323002, 0.3940051679586564, 1.0], "class": 1}