{"image": "85bac658-eea8-11ee-af56-a6cd0eba30f1.jpg", "bboxes": [0.0, 0.05338501291989669, 0.22511627906976756, 1.0], "class": 1}