{"image": "85bac658-eea8-11ee-af56-a6cd0eba30f1.jpg", "bboxes": [0.8171059431524547, 0.0, 1.0, 0.9967958656330749], "class": 1}