{"image": "85bac658-eea8-11ee-af56-a6cd0eba30f1.jpg", "bboxes": [0.40909560723514204, 0.0, 1.0, 0.5555038759689922], "class": 1}