{"image": "85bac658-eea8-11ee-af56-a6cd0eba30f1.jpg", "bboxes": [0.0, 0.3711627906976745, 0.38201550387596905, 1.0], "class": 1}