{"image": "85bac658-eea8-11ee-af56-a6cd0eba30f1.jpg", "bboxes": [0.12687338501291984, 0.0, 0.9873385012919897, 0.6043927648578811], "class": 1}