{"image": "85bac658-eea8-11ee-af56-a6cd0eba30f1.jpg", "bboxes": [0.1993281653746769, 0.0, 1.0, 0.8755038759689922], "class": 1}