{"image": "85bac658-eea8-11ee-af56-a6cd0eba30f1.jpg", "bboxes": [0.21488372093023245, 0.08894056847545224, 1.0, 1.0], "class": 1}