{"image": "85bac658-eea8-11ee-af56-a6cd0eba30f1.jpg", "bboxes": [0.7868733850129198, 0.0, 1.0, 0.7732816537467699], "class": 1}