{"image": "85bac658-eea8-11ee-af56-a6cd0eba30f1.jpg", "bboxes": [0.3002067183462532, 0.0, 1.0, 0.6377260981912144], "class": 1}