{"image": "85bac658-eea8-11ee-af56-a6cd0eba30f1.jpg", "bboxes": [0.0, 0.3022739018087856, 0.22201550387596902, 1.0], "class": 1}