{"image": "85bac658-eea8-11ee-af56-a6cd0eba30f1.jpg", "bboxes": [0.590439276485788, 0.40005167958656335, 1.0, 1.0], "class": 1}