{"image": "85bac658-eea8-11ee-af56-a6cd0eba30f1.jpg", "bboxes": [0.0, 0.09782945736434114, 0.6317829457364342, 1.0], "class": 1}