{"image": "85bac658-eea8-11ee-af56-a6cd0eba30f1.jpg", "bboxes": [0.0, 0.38671834625323004, 0.23534883720930233, 1.0], "class": 1}