{"image": "85bac658-eea8-11ee-af56-a6cd0eba30f1.jpg", "bboxes": [0.17798449612403097, 0.0, 1.0, 0.804392764857881], "class": 1}