{"image": "85bac658-eea8-11ee-af56-a6cd0eba30f1.jpg", "bboxes": [0.7859948320413436, 0.0, 1.0, 0.5288372093023255], "class": 1}