{"image": "85bac658-eea8-11ee-af56-a6cd0eba30f1.jpg", "bboxes": [0.24821705426356577, 0.15782945736434115, 1.0, 1.0], "class": 1}