{"image": "85bac658-eea8-11ee-af56-a6cd0eba30f1.jpg", "bboxes": [0.7793281653746769, 0.12005167958656336, 1.0, 1.0], "class": 1}