{"image": "85bac658-eea8-11ee-af56-a6cd0eba30f1.jpg", "bboxes": [0.7224289405684754, 0.0, 1.0, 0.8310594315245478], "class": 1}