{"image": "85bac658-eea8-11ee-af56-a6cd0eba30f1.jpg", "bboxes": [0.08242894056847541, 0.0, 0.9428940568475453, 0.6177260981912145], "class": 1}