{"image": "85bac658-eea8-11ee-af56-a6cd0eba30f1.jpg", "bboxes": [0.0, 0.12005167958656336, 0.014005167958656431, 1.0], "class": 1}