{"image": "85bac658-eea8-11ee-af56-a6cd0eba30f1.jpg", "bboxes": [0.14155038759689909, 0.0, 1.0, 0.8866149870801033], "class": 1}