{"image": "85bac658-eea8-11ee-af56-a6cd0eba30f1.jpg", "bboxes": [0.21710594315245468, 0.035607235142118915, 1.0, 1.0], "class": 1}