{"image": "85bac658-eea8-11ee-af56-a6cd0eba30f1.jpg", "bboxes": [0.0, 0.10005167958656336, 0.6651162790697676, 1.0], "class": 1}