{"image": "85bac658-eea8-11ee-af56-a6cd0eba30f1.jpg", "bboxes": [0.7468733850129199, 0.0, 1.0, 0.67328165374677], "class": 1}