{"image": "85bac658-eea8-11ee-af56-a6cd0eba30f1.jpg", "bboxes": [0.7113178294573643, 0.36005167958656337, 1.0, 1.0], "class": 1}