{"image": "85bac658-eea8-11ee-af56-a6cd0eba30f1.jpg", "bboxes": [0.5802067183462531, 0.1133850129198967, 1.0, 1.0], "class": 1}