{"image": "85bac658-eea8-11ee-af56-a6cd0eba30f1.jpg", "bboxes": [0.34909560723514205, 0.5044961240310079, 1.0, 1.0], "class": 1}