{"image": "85bac658-eea8-11ee-af56-a6cd0eba30f1.jpg", "bboxes": [0.22821705426356576, 0.4156072351421189, 1.0, 1.0], "class": 1}