{"image": "85bac658-eea8-11ee-af56-a6cd0eba30f1.jpg", "bboxes": [0.0, 0.0, 0.769560723514212, 0.9266149870801033], "class": 1}