{"image": "85bac658-eea8-11ee-af56-a6cd0eba30f1.jpg", "bboxes": [0.39710594315245473, 0.4756072351421189, 1.0, 1.0], "class": 1}