{"image": "86118eac-eea8-11ee-af56-a6cd0eba30f1.jpg", "bboxes": [0.5394832041343668, 0.4023772609819122, 1.0, 1.0], "class": 1}