{"image": "86118eac-eea8-11ee-af56-a6cd0eba30f1.jpg", "bboxes": [0.6061498708010334, 0.12904392764857883, 1.0, 1.0], "class": 1}