{"image": "86118eac-eea8-11ee-af56-a6cd0eba30f1.jpg", "bboxes": [0.0, 0.036020671834625206, 0.12273901808785544, 1.0], "class": 1}