{"image": "86118eac-eea8-11ee-af56-a6cd0eba30f1.jpg", "bboxes": [0.11726098191214451, 0.0, 1.0, 0.5287338501291989], "class": 1}