{"image": "86118eac-eea8-11ee-af56-a6cd0eba30f1.jpg", "bboxes": [0.0, 0.055710594315245505, 0.21834625322997425, 1.0], "class": 1}