{"image": "86118eac-eea8-11ee-af56-a6cd0eba30f1.jpg", "bboxes": [0.0, 0.009043927648578838, 0.3671834625322999, 1.0], "class": 1}