{"image": "86118eac-eea8-11ee-af56-a6cd0eba30f1.jpg", "bboxes": [0.4038759689922479, 0.0, 1.0, 0.5931782945736435], "class": 1}