{"image": "86118eac-eea8-11ee-af56-a6cd0eba30f1.jpg", "bboxes": [0.9750387596899224, 0.0, 1.0, 0.71984496124031], "class": 1}