{"image": "86118eac-eea8-11ee-af56-a6cd0eba30f1.jpg", "bboxes": [0.0, 0.16904392764857884, 0.2516279069767443, 1.0], "class": 1}