{"image": "86118eac-eea8-11ee-af56-a6cd0eba30f1.jpg", "bboxes": [0.6328165374677002, 0.015710594315245505, 1.0, 1.0], "class": 1}