{"image": "86118eac-eea8-11ee-af56-a6cd0eba30f1.jpg", "bboxes": [0.0, 0.3445994832041344, 0.596124031007752, 1.0], "class": 1}