{"image": "86118eac-eea8-11ee-af56-a6cd0eba30f1.jpg", "bboxes": [0.35948320413436674, 0.1468217054263566, 1.0, 1.0], "class": 1}