{"image": "86118eac-eea8-11ee-af56-a6cd0eba30f1.jpg", "bboxes": [0.7616537467700257, 0.0, 1.0, 0.9376227390180878], "class": 1}