{"image": "86118eac-eea8-11ee-af56-a6cd0eba30f1.jpg", "bboxes": [0.0, 0.24904392764857883, 0.18501291989664093, 1.0], "class": 1}