{"image": "86118eac-eea8-11ee-af56-a6cd0eba30f1.jpg", "bboxes": [0.6372093023255813, 0.4445994832041344, 1.0, 1.0], "class": 1}