{"image": "86118eac-eea8-11ee-af56-a6cd0eba30f1.jpg", "bboxes": [0.43503875968992234, 0.0, 1.0, 0.81984496124031], "class": 1}