{"image": "86118eac-eea8-11ee-af56-a6cd0eba30f1.jpg", "bboxes": [0.6061498708010334, 0.0, 1.0, 0.9420671834625323], "class": 1}