{"image": "86118eac-eea8-11ee-af56-a6cd0eba30f1.jpg", "bboxes": [0.0, 0.44682170542635663, 0.6783462532299742, 1.0], "class": 1}