{"image": "86118eac-eea8-11ee-af56-a6cd0eba30f1.jpg", "bboxes": [0.0, 0.16015503875968995, 0.5227906976744188, 1.0], "class": 1}