{"image": "86118eac-eea8-11ee-af56-a6cd0eba30f1.jpg", "bboxes": [0.37281653746770016, 0.0, 1.0, 0.8865116279069767], "class": 1}