{"image": "86118eac-eea8-11ee-af56-a6cd0eba30f1.jpg", "bboxes": [0.4883720930232557, 0.0, 1.0, 0.7109560723514212], "class": 1}