{"image": "86118eac-eea8-11ee-af56-a6cd0eba30f1.jpg", "bboxes": [0.0, 0.02015503875968995, 0.2649612403100777, 1.0], "class": 1}