{"image": "86118eac-eea8-11ee-af56-a6cd0eba30f1.jpg", "bboxes": [0.0, 0.2823772609819122, 0.38945736434108535, 1.0], "class": 1}