{"image": "86118eac-eea8-11ee-af56-a6cd0eba30f1.jpg", "bboxes": [0.8128165374677001, 0.0, 1.0, 0.6576227390180878], "class": 1}