{"image": "86118eac-eea8-11ee-af56-a6cd0eba30f1.jpg", "bboxes": [0.641705426356589, 0.0, 1.0, 0.6309560723514211], "class": 1}