{"image": "86118eac-eea8-11ee-af56-a6cd0eba30f1.jpg", "bboxes": [0.8594832041343667, 0.47126614987080107, 1.0, 1.0], "class": 1}