{"image": "86118eac-eea8-11ee-af56-a6cd0eba30f1.jpg", "bboxes": [0.32165374677002573, 0.0, 1.0, 0.5531782945736434], "class": 1}