{"image": "86118eac-eea8-11ee-af56-a6cd0eba30f1.jpg", "bboxes": [0.0, 0.0, 0.5027906976744188, 0.7354005167958656], "class": 1}