{"image": "86118eac-eea8-11ee-af56-a6cd0eba30f1.jpg", "bboxes": [0.0, 0.37348837209302327, 0.7939018087855298, 1.0], "class": 1}