{"image": "86118eac-eea8-11ee-af56-a6cd0eba30f1.jpg", "bboxes": [0.0, 0.3623772609819122, 0.7538501291989665, 1.0], "class": 1}