{"image": "86118eac-eea8-11ee-af56-a6cd0eba30f1.jpg", "bboxes": [0.7905426356589146, 0.07348837209302328, 1.0, 1.0], "class": 1}