{"image": "86118eac-eea8-11ee-af56-a6cd0eba30f1.jpg", "bboxes": [0.0, 0.0, 0.0805167958656332, 0.7131782945736433], "class": 1}