{"image": "86118eac-eea8-11ee-af56-a6cd0eba30f1.jpg", "bboxes": [0.8305943152454779, 0.12682170542635662, 1.0, 1.0], "class": 1}