{"image": "86118eac-eea8-11ee-af56-a6cd0eba30f1.jpg", "bboxes": [0.5572093023255813, 0.0, 1.0, 0.9220671834625322], "class": 1}