{"image": "86118eac-eea8-11ee-af56-a6cd0eba30f1.jpg", "bboxes": [0.783875968992248, 0.0, 1.0, 0.5842894056847545], "class": 1}