{"image": "86118eac-eea8-11ee-af56-a6cd0eba30f1.jpg", "bboxes": [0.22609819121447017, 0.3045994832041344, 1.0, 1.0], "class": 1}