{"image": "86118eac-eea8-11ee-af56-a6cd0eba30f1.jpg", "bboxes": [0.4083204134366924, 0.43348837209302327, 1.0, 1.0], "class": 1}