{"image": "86118eac-eea8-11ee-af56-a6cd0eba30f1.jpg", "bboxes": [0.09498708010335905, 0.0, 0.9916279069767443, 1.0], "class": 1}