{"image": "86118eac-eea8-11ee-af56-a6cd0eba30f1.jpg", "bboxes": [0.9994832041343668, 0.22904392764857884, 1.0, 1.0], "class": 1}