{"image": "86118eac-eea8-11ee-af56-a6cd0eba30f1.jpg", "bboxes": [0.743875968992248, 0.0, 1.0, 0.9176227390180878], "class": 1}