{"image": "86118eac-eea8-11ee-af56-a6cd0eba30f1.jpg", "bboxes": [0.5416537467700258, 0.04490956072351415, 1.0, 1.0], "class": 1}