{"image": "8667ca6a-eea8-11ee-af56-a6cd0eba30f1.jpg", "bboxes": [0.0, 0.12733850129198976, 0.0995865633074936, 1.0], "class": 1}