{"image": "8667ca6a-eea8-11ee-af56-a6cd0eba30f1.jpg", "bboxes": [0.675968992248062, 0.020258397932816606, 1.0, 0.9659948320413436], "class": 1}