{"image": "8667ca6a-eea8-11ee-af56-a6cd0eba30f1.jpg", "bboxes": [0.1386563307493538, 0.3913695090439277, 0.8595865633074936, 1.0], "class": 1}