{"image": "8667ca6a-eea8-11ee-af56-a6cd0eba30f1.jpg", "bboxes": [0.6364341085271316, 0.10470284237726105, 1.0, 1.0], "class": 1}