{"image": "8667ca6a-eea8-11ee-af56-a6cd0eba30f1.jpg", "bboxes": [0.0, 0.19803617571059437, 0.11736434108527138, 1.0], "class": 1}