{"image": "8667ca6a-eea8-11ee-af56-a6cd0eba30f1.jpg", "bboxes": [0.0, 0.0, 0.32134366925064617, 0.5708527131782946], "class": 1}