{"image": "8667ca6a-eea8-11ee-af56-a6cd0eba30f1.jpg", "bboxes": [0.04708010335917303, 0.27803617571059436, 0.7680103359173128, 1.0], "class": 1}