{"image": "8667ca6a-eea8-11ee-af56-a6cd0eba30f1.jpg", "bboxes": [0.6648578811369508, 0.0, 1.0, 0.9330749354005168], "class": 1}