{"image": "8667ca6a-eea8-11ee-af56-a6cd0eba30f1.jpg", "bboxes": [0.9159689922480619, 0.28692506459948325, 1.0, 1.0], "class": 1}