{"image": "8667ca6a-eea8-11ee-af56-a6cd0eba30f1.jpg", "bboxes": [0.36041343669250636, 0.0, 1.0, 0.7841860465116278], "class": 1}