{"image": "8667ca6a-eea8-11ee-af56-a6cd0eba30f1.jpg", "bboxes": [0.9581912144702841, 0.0, 1.0, 0.7508527131782945], "class": 1}