{"image": "8667ca6a-eea8-11ee-af56-a6cd0eba30f1.jpg", "bboxes": [0.5159689922480619, 0.0006718346253230534, 1.0, 0.9464082687338501], "class": 1}