{"image": "8667ca6a-eea8-11ee-af56-a6cd0eba30f1.jpg", "bboxes": [0.5004134366925064, 0.0, 1.0, 0.6775193798449612], "class": 1}