{"image": "8667ca6a-eea8-11ee-af56-a6cd0eba30f1.jpg", "bboxes": [0.0, 0.31136950904392774, 0.06801033591731286, 1.0], "class": 1}