{"image": "8667ca6a-eea8-11ee-af56-a6cd0eba30f1.jpg", "bboxes": [0.6542118863049093, 0.0, 1.0, 0.9437726098191214], "class": 1}