{"image": "8667ca6a-eea8-11ee-af56-a6cd0eba30f1.jpg", "bboxes": [0.0, 0.0, 0.4102325581395351, 0.9286304909560723], "class": 1}