{"image": "8667ca6a-eea8-11ee-af56-a6cd0eba30f1.jpg", "bboxes": [0.0, 0.08733850129198972, 0.38578811369509064, 1.0], "class": 1}