{"image": "8667ca6a-eea8-11ee-af56-a6cd0eba30f1.jpg", "bboxes": [0.0, 0.06067183462532311, 0.6418087855297159, 1.0], "class": 1}