{"image": "8667ca6a-eea8-11ee-af56-a6cd0eba30f1.jpg", "bboxes": [0.0, 0.14733850129198978, 0.45069767441860475, 1.0], "class": 1}