{"image": "8667ca6a-eea8-11ee-af56-a6cd0eba30f1.jpg", "bboxes": [0.3986563307493538, 0.0, 1.0, 0.855297157622739], "class": 1}