{"image": "8667ca6a-eea8-11ee-af56-a6cd0eba30f1.jpg", "bboxes": [0.16708010335917303, 0.0, 0.8880103359173128, 0.9237726098191213], "class": 1}