{"image": "8667ca6a-eea8-11ee-af56-a6cd0eba30f1.jpg", "bboxes": [0.0, 0.20692506459948326, 0.5395865633074937, 1.0], "class": 1}