{"image": "8667ca6a-eea8-11ee-af56-a6cd0eba30f1.jpg", "bboxes": [0.8831007751937983, 0.23359173126614993, 1.0, 1.0], "class": 1}