{"image": "8667ca6a-eea8-11ee-af56-a6cd0eba30f1.jpg", "bboxes": [0.23819121447028416, 0.16470284237726104, 0.959121447028424, 1.0], "class": 1}