{"image": "8667ca6a-eea8-11ee-af56-a6cd0eba30f1.jpg", "bboxes": [0.9093023255813952, 0.02733850129198978, 1.0, 0.9730749354005167], "class": 1}