{"image": "8667ca6a-eea8-11ee-af56-a6cd0eba30f1.jpg", "bboxes": [0.0, 0.22692506459948328, 0.03245478036175731, 1.0], "class": 1}