{"image": "8667ca6a-eea8-11ee-af56-a6cd0eba30f1.jpg", "bboxes": [0.8319896640826872, 0.0, 1.0, 0.7530749354005167], "class": 1}