{"image": "8667ca6a-eea8-11ee-af56-a6cd0eba30f1.jpg", "bboxes": [0.0, 0.09400516795865643, 0.2524547803617573, 1.0], "class": 1}