{"image": "8667ca6a-eea8-11ee-af56-a6cd0eba30f1.jpg", "bboxes": [0.8675452196382427, 0.29581395348837214, 1.0, 1.0], "class": 1}