{"image": "8667ca6a-eea8-11ee-af56-a6cd0eba30f1.jpg", "bboxes": [0.4537467700258397, 0.06248062015503883, 1.0, 1.0], "class": 1}