{"image": "8667ca6a-eea8-11ee-af56-a6cd0eba30f1.jpg", "bboxes": [0.0, 0.2758139534883722, 0.23245478036175732, 1.0], "class": 1}