{"image": "8667ca6a-eea8-11ee-af56-a6cd0eba30f1.jpg", "bboxes": [0.0, 0.30470284237726103, 0.12625322997416033, 1.0], "class": 1}