{"image": "8667ca6a-eea8-11ee-af56-a6cd0eba30f1.jpg", "bboxes": [0.39421188630490933, 0.0, 1.0, 0.8726614987080102], "class": 1}