{"image": "8667ca6a-eea8-11ee-af56-a6cd0eba30f1.jpg", "bboxes": [0.0737467700258397, 0.3869250645994833, 0.7946770025839796, 1.0], "class": 1}