{"image": "8667ca6a-eea8-11ee-af56-a6cd0eba30f1.jpg", "bboxes": [0.20087855297157597, 0.11844961240310092, 0.9218087855297159, 1.0], "class": 1}