{"image": "8667ca6a-eea8-11ee-af56-a6cd0eba30f1.jpg", "bboxes": [0.6315245478036174, 0.0, 1.0, 0.8352971576227389], "class": 1}