{"image": "8667ca6a-eea8-11ee-af56-a6cd0eba30f1.jpg", "bboxes": [0.0, 0.10733850129198974, 0.4635658914728684, 1.0], "class": 1}