{"image": "8667ca6a-eea8-11ee-af56-a6cd0eba30f1.jpg", "bboxes": [0.0, 0.11844961240310092, 0.644031007751938, 1.0], "class": 1}