{"image": "8667ca6a-eea8-11ee-af56-a6cd0eba30f1.jpg", "bboxes": [0.26263565891472856, 0.22470284237726104, 0.9835658914728684, 1.0], "class": 1}