{"image": "8667ca6a-eea8-11ee-af56-a6cd0eba30f1.jpg", "bboxes": [0.0, 0.06956072351421194, 0.6040310077519381, 1.0], "class": 1}