{"image": "8667ca6a-eea8-11ee-af56-a6cd0eba30f1.jpg", "bboxes": [0.8359689922480619, 0.0, 1.0, 0.9348837209302324], "class": 1}