{"image": "8667ca6a-eea8-11ee-af56-a6cd0eba30f1.jpg", "bboxes": [0.4564341085271316, 0.0, 1.0, 0.7797416020671835], "class": 1}