{"image": "8667ca6a-eea8-11ee-af56-a6cd0eba30f1.jpg", "bboxes": [0.18754521963824267, 0.049147286821705494, 0.9084754521963825, 0.9948837209302325], "class": 1}