{"image": "8667ca6a-eea8-11ee-af56-a6cd0eba30f1.jpg", "bboxes": [0.4853229974160205, 0.3180361757105944, 1.0, 1.0], "class": 1}