{"image": "86be6208-eea8-11ee-af56-a6cd0eba30f1.jpg", "bboxes": [0.8631524547803617, 0.2180361757105944, 1.0, 1.0], "class": 1}