{"image": "86be6208-eea8-11ee-af56-a6cd0eba30f1.jpg", "bboxes": [0.8527131782945735, 0.0, 1.0, 0.9886304909560722], "class": 1}