{"image": "86be6208-eea8-11ee-af56-a6cd0eba30f1.jpg", "bboxes": [0.3816020671834624, 0.0, 1.0, 0.9234625322997416], "class": 1}