{"image": "86be6208-eea8-11ee-af56-a6cd0eba30f1.jpg", "bboxes": [0.0, 0.32025839793281663, 0.5279586563307493, 1.0], "class": 1}