{"image": "86be6208-eea8-11ee-af56-a6cd0eba30f1.jpg", "bboxes": [0.31204134366925074, 0.0, 1.0, 0.9456847545219638], "class": 1}