{"image": "86be6208-eea8-11ee-af56-a6cd0eba30f1.jpg", "bboxes": [0.917157622739018, 0.0965374677002584, 1.0, 1.0], "class": 1}