{"image": "86be6208-eea8-11ee-af56-a6cd0eba30f1.jpg", "bboxes": [0.0, 0.0, 0.5679586563307493, 0.7486304909560723], "class": 1}