{"image": "86be6208-eea8-11ee-af56-a6cd0eba30f1.jpg", "bboxes": [0.08093023255813958, 0.0, 0.8406201550387598, 0.775297157622739], "class": 1}