{"image": "86be6208-eea8-11ee-af56-a6cd0eba30f1.jpg", "bboxes": [0.13715762273901796, 0.13875968992248067, 0.8968475452196382, 1.0], "class": 1}