{"image": "86be6208-eea8-11ee-af56-a6cd0eba30f1.jpg", "bboxes": [0.12537467700258398, 0.0, 0.8850645994832043, 0.9686304909560722], "class": 1}