{"image": "86be6208-eea8-11ee-af56-a6cd0eba30f1.jpg", "bboxes": [0.7149354005167957, 0.06692506459948327, 1.0, 1.0], "class": 1}