{"image": "86be6208-eea8-11ee-af56-a6cd0eba30f1.jpg", "bboxes": [0.28759689922480625, 0.17359173126614993, 1.0, 1.0], "class": 1}