{"image": "86be6208-eea8-11ee-af56-a6cd0eba30f1.jpg", "bboxes": [0.6882687338501291, 0.0, 1.0, 0.8123514211886305], "class": 1}