{"image": "86be6208-eea8-11ee-af56-a6cd0eba30f1.jpg", "bboxes": [0.11493540051679575, 0.0, 0.874625322997416, 0.6908527131782944], "class": 1}