{"image": "86be6208-eea8-11ee-af56-a6cd0eba30f1.jpg", "bboxes": [0.0, 0.002480620155038827, 0.07462532299741598, 1.0], "class": 1}