{"image": "86be6208-eea8-11ee-af56-a6cd0eba30f1.jpg", "bboxes": [0.785374677002584, 0.0, 1.0, 0.8464082687338501], "class": 1}