{"image": "86be6208-eea8-11ee-af56-a6cd0eba30f1.jpg", "bboxes": [0.9387080103359173, 0.13136950904392772, 1.0, 1.0], "class": 1}