{"image": "86be6208-eea8-11ee-af56-a6cd0eba30f1.jpg", "bboxes": [0.0, 0.1987596899224806, 0.31240310077519373, 1.0], "class": 1}