{"image": "86be6208-eea8-11ee-af56-a6cd0eba30f1.jpg", "bboxes": [0.534263565891473, 0.09209302325581403, 1.0, 1.0], "class": 1}