{"image": "86be6208-eea8-11ee-af56-a6cd0eba30f1.jpg", "bboxes": [0.0, 0.047648578811369524, 0.3724031007751938, 1.0], "class": 1}