{"image": "86be6208-eea8-11ee-af56-a6cd0eba30f1.jpg", "bboxes": [0.8793798449612402, 0.0, 1.0, 0.9130749354005168], "class": 1}