{"image": "86be6208-eea8-11ee-af56-a6cd0eba30f1.jpg", "bboxes": [0.12604651162790687, 0.1891472868217055, 0.8857364341085271, 1.0], "class": 1}