{"image": "86be6208-eea8-11ee-af56-a6cd0eba30f1.jpg", "bboxes": [0.6393798449612402, 0.06320413436692507, 1.0, 1.0], "class": 1}