{"image": "86be6208-eea8-11ee-af56-a6cd0eba30f1.jpg", "bboxes": [0.18604651162790686, 0.024702842377261048, 0.945736434108527, 1.0], "class": 1}