{"image": "86be6208-eea8-11ee-af56-a6cd0eba30f1.jpg", "bboxes": [0.7831524547803618, 0.0, 1.0, 0.6730749354005168], "class": 1}