{"image": "86be6208-eea8-11ee-af56-a6cd0eba30f1.jpg", "bboxes": [0.8098191214470285, 0.0, 1.0, 0.9812403100775193], "class": 1}