{"image": "86be6208-eea8-11ee-af56-a6cd0eba30f1.jpg", "bboxes": [0.0, 0.0654263565891473, 0.6835142118863049, 1.0], "class": 1}