{"image": "86be6208-eea8-11ee-af56-a6cd0eba30f1.jpg", "bboxes": [0.0, 0.09136950904392771, 0.6612919896640826, 1.0], "class": 1}