{"image": "86be6208-eea8-11ee-af56-a6cd0eba30f1.jpg", "bboxes": [0.0, 0.14692506459948326, 0.09173126614987093, 1.0], "class": 1}