{"image": "86be6208-eea8-11ee-af56-a6cd0eba30f1.jpg", "bboxes": [0.0, 0.19803617571059437, 0.5450645994832042, 1.0], "class": 1}