{"image": "86be6208-eea8-11ee-af56-a6cd0eba30f1.jpg", "bboxes": [0.3216020671834624, 0.0, 1.0, 0.9701291989664083], "class": 1}