{"image": "86be6208-eea8-11ee-af56-a6cd0eba30f1.jpg", "bboxes": [0.05715762273901798, 0.3269250645994833, 0.8168475452196382, 1.0], "class": 1}