{"image": "86be6208-eea8-11ee-af56-a6cd0eba30f1.jpg", "bboxes": [0.37493540051679575, 0.09803617571059438, 1.0, 1.0], "class": 1}