{"image": "86be6208-eea8-11ee-af56-a6cd0eba30f1.jpg", "bboxes": [0.13271317829457352, 0.0, 0.8924031007751938, 0.9575193798449612], "class": 1}