{"image": "86be6208-eea8-11ee-af56-a6cd0eba30f1.jpg", "bboxes": [0.014935400516795753, 0.0, 0.7746253229974159, 0.8567958656330749], "class": 1}