{"image": "8714a2e4-eea8-11ee-af56-a6cd0eba30f1.jpg", "bboxes": [0.5883720930232557, 0.0, 1.0, 0.9527648578811369], "class": 1}