{"image": "8714a2e4-eea8-11ee-af56-a6cd0eba30f1.jpg", "bboxes": [0.061705426356589044, 0.06573643410852714, 0.8653229974160207, 1.0], "class": 1}