{"image": "8714a2e4-eea8-11ee-af56-a6cd0eba30f1.jpg", "bboxes": [0.0, 0.34279069767441867, 0.1253229974160207, 1.0], "class": 1}