{"image": "8714a2e4-eea8-11ee-af56-a6cd0eba30f1.jpg", "bboxes": [0.29023255813953486, 0.10945736434108533, 1.0, 1.0], "class": 1}