{"image": "8714a2e4-eea8-11ee-af56-a6cd0eba30f1.jpg", "bboxes": [0.0, 0.04723514211886311, 0.18976744186046512, 1.0], "class": 1}