{"image": "8714a2e4-eea8-11ee-af56-a6cd0eba30f1.jpg", "bboxes": [0.621705426356589, 0.0, 1.0, 0.7172093023255813], "class": 1}