{"image": "8714a2e4-eea8-11ee-af56-a6cd0eba30f1.jpg", "bboxes": [0.0, 0.021291989664082633, 0.5294056847545221, 1.0], "class": 1}