{"image": "8714a2e4-eea8-11ee-af56-a6cd0eba30f1.jpg", "bboxes": [0.0, 0.236124031007752, 0.46310077519379855, 1.0], "class": 1}