{"image": "8714a2e4-eea8-11ee-af56-a6cd0eba30f1.jpg", "bboxes": [0.3680103359173126, 0.0, 1.0, 0.7349870801033591], "class": 1}