{"image": "8714a2e4-eea8-11ee-af56-a6cd0eba30f1.jpg", "bboxes": [0.8861498708010335, 0.0, 1.0, 0.6860981912144702], "class": 1}