{"image": "8714a2e4-eea8-11ee-af56-a6cd0eba30f1.jpg", "bboxes": [0.5080103359173126, 0.0, 1.0, 0.9475968992248063], "class": 1}