{"image": "8714a2e4-eea8-11ee-af56-a6cd0eba30f1.jpg", "bboxes": [0.03726098191214455, 0.0, 0.8408785529715763, 1.0], "class": 1}