{"image": "8714a2e4-eea8-11ee-af56-a6cd0eba30f1.jpg", "bboxes": [0.5546770025839792, 0.17834625322997422, 1.0, 1.0], "class": 1}