{"image": "8714a2e4-eea8-11ee-af56-a6cd0eba30f1.jpg", "bboxes": [0.0, 0.012403100775193798, 0.06496124031007766, 1.0], "class": 1}