{"image": "8714a2e4-eea8-11ee-af56-a6cd0eba30f1.jpg", "bboxes": [0.003927648578811227, 0.0, 0.8075452196382429, 1.0], "class": 1}