{"image": "8714a2e4-eea8-11ee-af56-a6cd0eba30f1.jpg", "bboxes": [0.0, 0.25834625322997423, 0.08496124031007765, 1.0], "class": 1}