{"image": "8714a2e4-eea8-11ee-af56-a6cd0eba30f1.jpg", "bboxes": [0.6328165374677002, 0.0, 1.0, 0.9883204134366924], "class": 1}