{"image": "8714a2e4-eea8-11ee-af56-a6cd0eba30f1.jpg", "bboxes": [0.0, 0.0, 0.4031007751937985, 0.9460981912144703], "class": 1}