{"image": "8714a2e4-eea8-11ee-af56-a6cd0eba30f1.jpg", "bboxes": [0.11245478036175706, 0.0, 0.9160723514211888, 1.0], "class": 1}