{"image": "8714a2e4-eea8-11ee-af56-a6cd0eba30f1.jpg", "bboxes": [0.0, 0.007958656330749325, 0.6697674418604651, 1.0], "class": 1}