{"image": "8714a2e4-eea8-11ee-af56-a6cd0eba30f1.jpg", "bboxes": [0.8546770025839793, 0.10279069767441866, 1.0, 1.0], "class": 1}