{"image": "8714a2e4-eea8-11ee-af56-a6cd0eba30f1.jpg", "bboxes": [0.16134366925064594, 0.0, 0.9649612403100777, 1.0], "class": 1}