{"image": "8714a2e4-eea8-11ee-af56-a6cd0eba30f1.jpg", "bboxes": [0.25245478036175706, 0.0, 1.0, 0.883875968992248], "class": 1}