{"image": "8714a2e4-eea8-11ee-af56-a6cd0eba30f1.jpg", "bboxes": [0.3772609819121445, 0.0, 1.0, 0.7505426356589147], "class": 1}