{"image": "8714a2e4-eea8-11ee-af56-a6cd0eba30f1.jpg", "bboxes": [0.0, 0.0, 0.29162790697674434, 0.6794315245478035], "class": 1}