{"image": "8714a2e4-eea8-11ee-af56-a6cd0eba30f1.jpg", "bboxes": [0.16356589147286815, 0.0, 0.9671834625322999, 0.865374677002584], "class": 1}