{"image": "8714a2e4-eea8-11ee-af56-a6cd0eba30f1.jpg", "bboxes": [0.39059431524547794, 0.2516795865633076, 1.0, 1.0], "class": 1}