{"image": "8714a2e4-eea8-11ee-af56-a6cd0eba30f1.jpg", "bboxes": [0.7283720930232557, 0.0, 1.0, 0.943875968992248], "class": 1}