{"image": "8714a2e4-eea8-11ee-af56-a6cd0eba30f1.jpg", "bboxes": [0.7128165374677001, 0.0, 1.0, 0.8483204134366924], "class": 1}