{"image": "8714a2e4-eea8-11ee-af56-a6cd0eba30f1.jpg", "bboxes": [0.0, 0.0, 0.48976744186046517, 0.7327648578811369], "class": 1}