{"image": "8714a2e4-eea8-11ee-af56-a6cd0eba30f1.jpg", "bboxes": [0.3457881136950904, 0.0, 1.0, 0.9298191214470285], "class": 1}