{"image": "8714a2e4-eea8-11ee-af56-a6cd0eba30f1.jpg", "bboxes": [0.8013436692506459, 0.03684754521963818, 1.0, 1.0], "class": 1}