{"image": "876b02f6-eea8-11ee-af56-a6cd0eba30f1.jpg", "bboxes": [0.5587596899224805, 0.0, 1.0, 0.6945736434108527], "class": 1}