{"image": "876b02f6-eea8-11ee-af56-a6cd0eba30f1.jpg", "bboxes": [0.4565374677002583, 0.24542635658914733, 1.0, 1.0], "class": 1}