{"image": "876b02f6-eea8-11ee-af56-a6cd0eba30f1.jpg", "bboxes": [0.7343152454780361, 0.0, 1.0, 0.7301291989664083], "class": 1}