{"image": "876b02f6-eea8-11ee-af56-a6cd0eba30f1.jpg", "bboxes": [0.23875968992248053, 0.02733850129198978, 1.0, 1.0], "class": 1}