{"image": "876b02f6-eea8-11ee-af56-a6cd0eba30f1.jpg", "bboxes": [0.002015503875969049, 0.06956072351421194, 0.7901291989664083, 1.0], "class": 1}