{"image": "876b02f6-eea8-11ee-af56-a6cd0eba30f1.jpg", "bboxes": [0.6775710594315245, 0.0473385012919898, 1.0, 1.0], "class": 1}