{"image": "876b02f6-eea8-11ee-af56-a6cd0eba30f1.jpg", "bboxes": [0.027648578811369413, 0.0, 0.8157622739018088, 0.9145736434108527], "class": 1}