{"image": "876b02f6-eea8-11ee-af56-a6cd0eba30f1.jpg", "bboxes": [0.7054263565891472, 0.0, 1.0, 0.6834625322997416], "class": 1}