{"image": "876b02f6-eea8-11ee-af56-a6cd0eba30f1.jpg", "bboxes": [0.7120930232558138, 0.07178294573643418, 1.0, 1.0], "class": 1}