{"image": "876b02f6-eea8-11ee-af56-a6cd0eba30f1.jpg", "bboxes": [0.007648578811369412, 0.0, 0.7957622739018088, 0.6834625322997416], "class": 1}