{"image": "876b02f6-eea8-11ee-af56-a6cd0eba30f1.jpg", "bboxes": [0.09312661498708019, 0.0, 0.8812403100775195, 1.0], "class": 1}