{"image": "876b02f6-eea8-11ee-af56-a6cd0eba30f1.jpg", "bboxes": [0.662015503875969, 0.0, 1.0, 0.7701291989664083], "class": 1}