{"image": "876b02f6-eea8-11ee-af56-a6cd0eba30f1.jpg", "bboxes": [0.6464599483204134, 0.0, 1.0, 0.9148837209302325], "class": 1}