{"image": "876b02f6-eea8-11ee-af56-a6cd0eba30f1.jpg", "bboxes": [0.0, 0.17653746770025844, 0.5412403100775195, 1.0], "class": 1}