{"image": "876b02f6-eea8-11ee-af56-a6cd0eba30f1.jpg", "bboxes": [0.0, 0.312093023255814, 0.36124031007751944, 1.0], "class": 1}