{"image": "876b02f6-eea8-11ee-af56-a6cd0eba30f1.jpg", "bboxes": [0.38868217054263565, 0.0, 1.0, 0.8812403100775194], "class": 1}