{"image": "876b02f6-eea8-11ee-af56-a6cd0eba30f1.jpg", "bboxes": [0.0, 0.02733850129198978, 0.07354005167958652, 1.0], "class": 1}