{"image": "876b02f6-eea8-11ee-af56-a6cd0eba30f1.jpg", "bboxes": [0.1743152454780361, 0.0, 0.9624289405684754, 1.0], "class": 1}