{"image": "876b02f6-eea8-11ee-af56-a6cd0eba30f1.jpg", "bboxes": [0.3397932816537468, 0.0, 1.0, 0.9415503875968991], "class": 1}