{"image": "876b02f6-eea8-11ee-af56-a6cd0eba30f1.jpg", "bboxes": [0.45090439276485794, 0.2832041343669251, 1.0, 1.0], "class": 1}