{"image": "876b02f6-eea8-11ee-af56-a6cd0eba30f1.jpg", "bboxes": [0.48320413436692494, 0.2876485788113695, 1.0, 1.0], "class": 1}