{"image": "876b02f6-eea8-11ee-af56-a6cd0eba30f1.jpg", "bboxes": [0.0, 0.1654263565891473, 0.5490956072351421, 1.0], "class": 1}