{"image": "876b02f6-eea8-11ee-af56-a6cd0eba30f1.jpg", "bboxes": [0.694315245478036, 0.0, 1.0, 0.9215503875968991], "class": 1}