{"image": "876b02f6-eea8-11ee-af56-a6cd0eba30f1.jpg", "bboxes": [0.8709043927648579, 0.0, 1.0, 0.9323514211886305], "class": 1}