{"image": "876b02f6-eea8-11ee-af56-a6cd0eba30f1.jpg", "bboxes": [0.19209302325581384, 0.0, 0.9802067183462532, 0.9371059431524547], "class": 1}