{"image": "876b02f6-eea8-11ee-af56-a6cd0eba30f1.jpg", "bboxes": [0.0, 0.14098191214470288, 0.5846511627906976, 1.0], "class": 1}