{"image": "876b02f6-eea8-11ee-af56-a6cd0eba30f1.jpg", "bboxes": [0.7286821705426357, 0.0, 1.0, 0.9812403100775193], "class": 1}