{"image": "876b02f6-eea8-11ee-af56-a6cd0eba30f1.jpg", "bboxes": [0.1375710594315246, 0.3209819121447029, 0.925684754521964, 1.0], "class": 1}