{"image": "87bc9b66-eea8-11ee-af56-a6cd0eba30f1.jpg", "bboxes": [0.0, 0.14273901808785536, 0.5160206718346255, 1.0], "class": 1}