{"image": "87bc9b66-eea8-11ee-af56-a6cd0eba30f1.jpg", "bboxes": [0.4217571059431523, 0.0, 1.0, 0.8350387596899225], "class": 1}