{"image": "87bc9b66-eea8-11ee-af56-a6cd0eba30f1.jpg", "bboxes": [0.5556072351421187, 0.0, 1.0, 0.9436175710594314], "class": 1}