{"image": "87bc9b66-eea8-11ee-af56-a6cd0eba30f1.jpg", "bboxes": [0.0, 0.3560723514211887, 0.34883720930232576, 1.0], "class": 1}