{"image": "87bc9b66-eea8-11ee-af56-a6cd0eba30f1.jpg", "bboxes": [0.0, 0.016382428940568516, 0.1310594315245479, 1.0], "class": 1}