{"image": "87bc9b66-eea8-11ee-af56-a6cd0eba30f1.jpg", "bboxes": [0.4662015503875967, 0.20051679586563315, 1.0, 1.0], "class": 1}