{"image": "87bc9b66-eea8-11ee-af56-a6cd0eba30f1.jpg", "bboxes": [0.26005167958656317, 0.005271317829457445, 1.0, 1.0], "class": 1}