{"image": "87bc9b66-eea8-11ee-af56-a6cd0eba30f1.jpg", "bboxes": [0.5128682170542634, 0.08749354005167964, 1.0, 1.0], "class": 1}