{"image": "87bc9b66-eea8-11ee-af56-a6cd0eba30f1.jpg", "bboxes": [0.0, 0.24940568475452204, 0.2782428940568477, 1.0], "class": 1}