{"image": "87bc9b66-eea8-11ee-af56-a6cd0eba30f1.jpg", "bboxes": [0.06449612403100762, 0.0, 0.8293540051679588, 0.6950387596899223], "class": 1}