{"image": "87bc9b66-eea8-11ee-af56-a6cd0eba30f1.jpg", "bboxes": [0.3662015503875967, 0.12496124031007759, 1.0, 1.0], "class": 1}