{"image": "87bc9b66-eea8-11ee-af56-a6cd0eba30f1.jpg", "bboxes": [0.0, 0.009715762273901918, 0.035503875968992404, 1.0], "class": 1}