{"image": "87bc9b66-eea8-11ee-af56-a6cd0eba30f1.jpg", "bboxes": [0.0, 0.07385012919896648, 0.4382428940568477, 1.0], "class": 1}