{"image": "87bc9b66-eea8-11ee-af56-a6cd0eba30f1.jpg", "bboxes": [0.44449612403100763, 0.2360723514211887, 1.0, 1.0], "class": 1}