{"image": "87bc9b66-eea8-11ee-af56-a6cd0eba30f1.jpg", "bboxes": [0.448423772609819, 0.0, 1.0, 0.9861498708010336], "class": 1}