{"image": "87bc9b66-eea8-11ee-af56-a6cd0eba30f1.jpg", "bboxes": [0.09509043927648564, 0.0, 0.8599483204134368, 1.0], "class": 1}