{"image": "87bc9b66-eea8-11ee-af56-a6cd0eba30f1.jpg", "bboxes": [0.8906459948320412, 0.22051679586563314, 1.0, 1.0], "class": 1}