{"image": "87bc9b66-eea8-11ee-af56-a6cd0eba30f1.jpg", "bboxes": [0.308423772609819, 0.20273901808785538, 1.0, 1.0], "class": 1}