{"image": "87bc9b66-eea8-11ee-af56-a6cd0eba30f1.jpg", "bboxes": [0.8328682170542634, 0.0, 1.0, 0.8194832041343668], "class": 1}