{"image": "87bc9b66-eea8-11ee-af56-a6cd0eba30f1.jpg", "bboxes": [0.006201550387596733, 0.0, 0.7710594315245479, 0.9794832041343668], "class": 1}