{"image": "87bc9b66-eea8-11ee-af56-a6cd0eba30f1.jpg", "bboxes": [0.0, 0.007493540051679681, 0.2643927648578813, 1.0], "class": 1}