{"image": "87bc9b66-eea8-11ee-af56-a6cd0eba30f1.jpg", "bboxes": [0.0, 0.32051679586563314, 0.5226873385012921, 1.0], "class": 1}