{"image": "87bc9b66-eea8-11ee-af56-a6cd0eba30f1.jpg", "bboxes": [0.3267183462532298, 0.0, 1.0, 0.9347286821705426], "class": 1}