{"image": "87bc9b66-eea8-11ee-af56-a6cd0eba30f1.jpg", "bboxes": [0.87953488372093, 0.0, 1.0, 0.9658397932816537], "class": 1}