{"image": "87bc9b66-eea8-11ee-af56-a6cd0eba30f1.jpg", "bboxes": [0.10894056847545205, 0.018604651162790753, 0.8737984496124033, 1.0], "class": 1}