{"image": "87bc9b66-eea8-11ee-af56-a6cd0eba30f1.jpg", "bboxes": [0.0, 0.18051679586563316, 0.711059431524548, 1.0], "class": 1}