{"image": "87bc9b66-eea8-11ee-af56-a6cd0eba30f1.jpg", "bboxes": [0.8489405684754521, 0.0, 1.0, 0.9839276485788113], "class": 1}