{"image": "87bc9b66-eea8-11ee-af56-a6cd0eba30f1.jpg", "bboxes": [0.26894056847545206, 0.0, 1.0, 0.8925064599483203], "class": 1}