{"image": "87bc9b66-eea8-11ee-af56-a6cd0eba30f1.jpg", "bboxes": [0.5978294573643409, 0.1271834625322998, 1.0, 1.0], "class": 1}