{"image": "87bc9b66-eea8-11ee-af56-a6cd0eba30f1.jpg", "bboxes": [0.7173126614987079, 0.09416020671834635, 1.0, 1.0], "class": 1}