{"image": "87bc9b66-eea8-11ee-af56-a6cd0eba30f1.jpg", "bboxes": [0.0, 0.33162790697674427, 0.19157622739018101, 1.0], "class": 1}