{"image": "87bc9b66-eea8-11ee-af56-a6cd0eba30f1.jpg", "bboxes": [0.0, 0.0, 0.5732816537467702, 0.8328165374677001], "class": 1}