{"image": "87bc9b66-eea8-11ee-af56-a6cd0eba30f1.jpg", "bboxes": [0.0, 0.35385012919896647, 0.06046511627906991, 1.0], "class": 1}