{"image": "87bc9b66-eea8-11ee-af56-a6cd0eba30f1.jpg", "bboxes": [0.0, 0.08051679586563315, 0.4204651162790699, 1.0], "class": 1}