{"image": "87bc9b66-eea8-11ee-af56-a6cd0eba30f1.jpg", "bboxes": [0.05731266149870784, 0.14051679586563315, 0.822170542635659, 1.0], "class": 1}