{"image": "8812dbd4-eea8-11ee-af56-a6cd0eba30f1.jpg", "bboxes": [0.6693023255813952, 0.0, 1.0, 0.7673385012919897], "class": 1}