{"image": "8812dbd4-eea8-11ee-af56-a6cd0eba30f1.jpg", "bboxes": [0.0, 0.06304909560723526, 0.26945736434108564, 1.0], "class": 1}