{"image": "8812dbd4-eea8-11ee-af56-a6cd0eba30f1.jpg", "bboxes": [0.0, 0.14377260981912146, 0.8195865633074937, 1.0], "class": 1}