{"image": "8812dbd4-eea8-11ee-af56-a6cd0eba30f1.jpg", "bboxes": [0.7293023255813953, 0.14304909560723522, 1.0, 1.0], "class": 1}