{"image": "8812dbd4-eea8-11ee-af56-a6cd0eba30f1.jpg", "bboxes": [0.5981912144702841, 0.14527131782945746, 1.0, 1.0], "class": 1}