{"image": "8812dbd4-eea8-11ee-af56-a6cd0eba30f1.jpg", "bboxes": [0.32930232558139527, 0.0, 1.0, 0.8562273901808786], "class": 1}