{"image": "8812dbd4-eea8-11ee-af56-a6cd0eba30f1.jpg", "bboxes": [0.0, 0.0030490956072352082, 0.6250129198966412, 1.0], "class": 1}