{"image": "8812dbd4-eea8-11ee-af56-a6cd0eba30f1.jpg", "bboxes": [0.6860981912144699, 0.043772609819121476, 1.0, 1.0], "class": 1}