{"image": "8812dbd4-eea8-11ee-af56-a6cd0eba30f1.jpg", "bboxes": [0.5315245478036175, 0.07266149870801036, 1.0, 1.0], "class": 1}