{"image": "8812dbd4-eea8-11ee-af56-a6cd0eba30f1.jpg", "bboxes": [0.7394315245478033, 0.08082687338501293, 1.0, 1.0], "class": 1}