{"image": "8812dbd4-eea8-11ee-af56-a6cd0eba30f1.jpg", "bboxes": [0.0, 0.28155038759689927, 0.732919896640827, 1.0], "class": 1}