{"image": "8812dbd4-eea8-11ee-af56-a6cd0eba30f1.jpg", "bboxes": [0.0, 0.18155038759689926, 0.8072351421188634, 1.0], "class": 1}