{"image": "8812dbd4-eea8-11ee-af56-a6cd0eba30f1.jpg", "bboxes": [0.28930232558139524, 0.15193798449612406, 1.0, 1.0], "class": 1}