{"image": "8812dbd4-eea8-11ee-af56-a6cd0eba30f1.jpg", "bboxes": [0.897209302325581, 0.35266149870801033, 1.0, 1.0], "class": 1}