{"image": "8812dbd4-eea8-11ee-af56-a6cd0eba30f1.jpg", "bboxes": [0.6260981912144699, 0.0, 1.0, 0.9851162790697674], "class": 1}