{"image": "8812dbd4-eea8-11ee-af56-a6cd0eba30f1.jpg", "bboxes": [0.0, 0.2682170542635659, 0.4361240310077523, 1.0], "class": 1}