{"image": "8812dbd4-eea8-11ee-af56-a6cd0eba30f1.jpg", "bboxes": [0.0, 0.2059948320413437, 0.8250129198966412, 1.0], "class": 1}