{"image": "8812dbd4-eea8-11ee-af56-a6cd0eba30f1.jpg", "bboxes": [0.2559689922480619, 0.0, 1.0, 0.9540051679586563], "class": 1}