{"image": "8812dbd4-eea8-11ee-af56-a6cd0eba30f1.jpg", "bboxes": [0.0, 0.018604651162790753, 0.7106976744186048, 1.0], "class": 1}