{"image": "8812dbd4-eea8-11ee-af56-a6cd0eba30f1.jpg", "bboxes": [0.21819121447028414, 0.0, 1.0, 0.7051162790697674], "class": 1}