{"image": "8812dbd4-eea8-11ee-af56-a6cd0eba30f1.jpg", "bboxes": [0.6594315245478033, 0.0, 1.0, 0.9436175710594314], "class": 1}