{"image": "8812dbd4-eea8-11ee-af56-a6cd0eba30f1.jpg", "bboxes": [0.6838759689922477, 0.0, 1.0, 0.6428940568475452], "class": 1}