{"image": "8812dbd4-eea8-11ee-af56-a6cd0eba30f1.jpg", "bboxes": [0.0, 0.0, 0.5662532299741603, 0.8902842377260981], "class": 1}