{"image": "8812dbd4-eea8-11ee-af56-a6cd0eba30f1.jpg", "bboxes": [0.0, 0.13193798449612415, 0.7116795865633079, 1.0], "class": 1}