{"image": "8812dbd4-eea8-11ee-af56-a6cd0eba30f1.jpg", "bboxes": [0.8293023255813953, 0.31710594315245483, 1.0, 1.0], "class": 1}