{"image": "8812dbd4-eea8-11ee-af56-a6cd0eba30f1.jpg", "bboxes": [0.5927648578811366, 0.04821705426356592, 1.0, 1.0], "class": 1}