{"image": "8812dbd4-eea8-11ee-af56-a6cd0eba30f1.jpg", "bboxes": [0.8804134366925064, 0.0, 1.0, 0.9984496124031007], "class": 1}