{"image": "8812dbd4-eea8-11ee-af56-a6cd0eba30f1.jpg", "bboxes": [0.23498708010335878, 0.0, 1.0, 0.6095607235142119], "class": 1}