{"image": "8812dbd4-eea8-11ee-af56-a6cd0eba30f1.jpg", "bboxes": [0.03720930232558106, 0.0, 0.8795865633074936, 0.8769509043927648], "class": 1}