{"image": "8812dbd4-eea8-11ee-af56-a6cd0eba30f1.jpg", "bboxes": [0.7016537467700255, 0.23488372093023258, 1.0, 1.0], "class": 1}