{"image": "8812dbd4-eea8-11ee-af56-a6cd0eba30f1.jpg", "bboxes": [0.12387596899224773, 0.3059948320413437, 0.9662532299741603, 1.0], "class": 1}