{"image": "8812dbd4-eea8-11ee-af56-a6cd0eba30f1.jpg", "bboxes": [0.4949870801033588, 0.0, 1.0, 0.6517829457364341], "class": 1}