{"image": "8812dbd4-eea8-11ee-af56-a6cd0eba30f1.jpg", "bboxes": [0.0, 0.3837726098191215, 0.8018087855297158, 1.0], "class": 1}