{"image": "8812dbd4-eea8-11ee-af56-a6cd0eba30f1.jpg", "bboxes": [0.0, 0.12527131782945744, 0.1306976744186047, 1.0], "class": 1}