{"image": "8812dbd4-eea8-11ee-af56-a6cd0eba30f1.jpg", "bboxes": [0.0, 0.15266149870801035, 0.7262532299741603, 1.0], "class": 1}