{"image": "8812dbd4-eea8-11ee-af56-a6cd0eba30f1.jpg", "bboxes": [0.27596899224806193, 0.05488372093023258, 1.0, 1.0], "class": 1}