{"image": "8812dbd4-eea8-11ee-af56-a6cd0eba30f1.jpg", "bboxes": [0.0, 0.1548837209302326, 0.21069767441860476, 1.0], "class": 1}