{"image": "8812dbd4-eea8-11ee-af56-a6cd0eba30f1.jpg", "bboxes": [0.5505426356589144, 0.0, 1.0, 0.9613953488372092], "class": 1}