{"image": "8812dbd4-eea8-11ee-af56-a6cd0eba30f1.jpg", "bboxes": [0.33943152454780323, 0.3371059431524548, 1.0, 1.0], "class": 1}