{"image": "8812dbd4-eea8-11ee-af56-a6cd0eba30f1.jpg", "bboxes": [0.0, 0.12155038759689925, 0.08723514211886342, 1.0], "class": 1}