{"image": "8812dbd4-eea8-11ee-af56-a6cd0eba30f1.jpg", "bboxes": [0.20165374677002545, 0.11193798449612413, 1.0, 1.0], "class": 1}