{"image": "8812dbd4-eea8-11ee-af56-a6cd0eba30f1.jpg", "bboxes": [0.1737467700258397, 0.0, 1.0, 0.7406718346253229], "class": 1}