{"image": "8812dbd4-eea8-11ee-af56-a6cd0eba30f1.jpg", "bboxes": [0.08609819121446993, 0.2637726098191215, 0.9284754521963825, 1.0], "class": 1}