{"image": "8812dbd4-eea8-11ee-af56-a6cd0eba30f1.jpg", "bboxes": [0.09943152454780324, 0.0, 0.9418087855297158, 0.8028940568475452], "class": 1}