{"image": "8812dbd4-eea8-11ee-af56-a6cd0eba30f1.jpg", "bboxes": [0.007080103359173032, 0.319328165374677, 0.8494573643410857, 1.0], "class": 1}