{"image": "8812dbd4-eea8-11ee-af56-a6cd0eba30f1.jpg", "bboxes": [0.0, 0.0, 0.4050129198966412, 0.9480620155038759], "class": 1}