{"image": "886965f8-eea8-11ee-af56-a6cd0eba30f1.jpg", "bboxes": [0.7770542635658914, 0.0, 1.0, 0.6022222222222221], "class": 1}