{"image": "886965f8-eea8-11ee-af56-a6cd0eba30f1.jpg", "bboxes": [0.963720930232558, 0.0, 1.0, 0.9177777777777777], "class": 1}