{"image": "886965f8-eea8-11ee-af56-a6cd0eba30f1.jpg", "bboxes": [0.0, 0.09777777777777791, 0.5451162790697676, 1.0], "class": 1}