{"image": "886965f8-eea8-11ee-af56-a6cd0eba30f1.jpg", "bboxes": [0.09483204134366917, 0.0, 0.8984496124031008, 0.9688888888888888], "class": 1}