{"image": "886965f8-eea8-11ee-af56-a6cd0eba30f1.jpg", "bboxes": [0.0, 0.08444444444444457, 0.7606718346253231, 1.0], "class": 1}