{"image": "886965f8-eea8-11ee-af56-a6cd0eba30f1.jpg", "bboxes": [0.0, 0.16444444444444456, 0.3473901808785531, 1.0], "class": 1}