{"image": "886965f8-eea8-11ee-af56-a6cd0eba30f1.jpg", "bboxes": [0.8170542635658914, 0.10289405684754505, 1.0, 1.0], "class": 1}