{"image": "886965f8-eea8-11ee-af56-a6cd0eba30f1.jpg", "bboxes": [0.25932816537467696, 0.13400516795865614, 1.0, 1.0], "class": 1}