{"image": "886965f8-eea8-11ee-af56-a6cd0eba30f1.jpg", "bboxes": [0.8193281653746769, 0.131782945736434, 1.0, 1.0], "class": 1}