{"image": "886965f8-eea8-11ee-af56-a6cd0eba30f1.jpg", "bboxes": [0.2770542635658914, 0.0, 1.0, 0.7555555555555554], "class": 1}