{"image": "886965f8-eea8-11ee-af56-a6cd0eba30f1.jpg", "bboxes": [0.49483204134366915, 0.17333333333333345, 1.0, 1.0], "class": 1}