{"image": "886965f8-eea8-11ee-af56-a6cd0eba30f1.jpg", "bboxes": [0.4059431524547803, 0.08222222222222235, 1.0, 1.0], "class": 1}