{"image": "886965f8-eea8-11ee-af56-a6cd0eba30f1.jpg", "bboxes": [0.3148837209302324, 0.0, 1.0, 0.9148837209302327], "class": 1}