{"image": "886965f8-eea8-11ee-af56-a6cd0eba30f1.jpg", "bboxes": [0.0, 0.10444444444444458, 0.576279069767442, 1.0], "class": 1}