{"image": "886965f8-eea8-11ee-af56-a6cd0eba30f1.jpg", "bboxes": [0.0, 0.10289405684754505, 0.7718346253229975, 1.0], "class": 1}