{"image": "886965f8-eea8-11ee-af56-a6cd0eba30f1.jpg", "bboxes": [0.40377260981912133, 0.0, 1.0, 0.9399999999999998], "class": 1}