{"image": "886965f8-eea8-11ee-af56-a6cd0eba30f1.jpg", "bboxes": [0.2081653746770025, 0.0, 1.0, 0.6377777777777777], "class": 1}