{"image": "886965f8-eea8-11ee-af56-a6cd0eba30f1.jpg", "bboxes": [0.0, 0.16067183462532286, 0.5585012919896641, 1.0], "class": 1}