{"image": "886965f8-eea8-11ee-af56-a6cd0eba30f1.jpg", "bboxes": [0.47260981912144695, 0.2600000000000001, 1.0, 1.0], "class": 1}