{"image": "886965f8-eea8-11ee-af56-a6cd0eba30f1.jpg", "bboxes": [0.7837209302325581, 0.2377777777777779, 1.0, 1.0], "class": 1}