{"image": "886965f8-eea8-11ee-af56-a6cd0eba30f1.jpg", "bboxes": [0.0, 0.18956072351421172, 0.15622739018087864, 1.0], "class": 1}