{"image": "886965f8-eea8-11ee-af56-a6cd0eba30f1.jpg", "bboxes": [0.06377260981912136, 0.0, 0.867390180878553, 0.9066666666666665], "class": 1}