{"image": "886965f8-eea8-11ee-af56-a6cd0eba30f1.jpg", "bboxes": [0.6814987080103359, 0.0, 1.0, 0.8644444444444443], "class": 1}