{"image": "886965f8-eea8-11ee-af56-a6cd0eba30f1.jpg", "bboxes": [0.7392764857881136, 0.0, 1.0, 0.928217054263566], "class": 1}