{"image": "886965f8-eea8-11ee-af56-a6cd0eba30f1.jpg", "bboxes": [0.0, 0.1762273901808784, 0.47183462532299747, 1.0], "class": 1}