{"image": "886965f8-eea8-11ee-af56-a6cd0eba30f1.jpg", "bboxes": [0.9326614987080102, 0.15844961240310063, 1.0, 1.0], "class": 1}