{"image": "886965f8-eea8-11ee-af56-a6cd0eba30f1.jpg", "bboxes": [0.19710594315245467, 0.18444444444444458, 1.0, 1.0], "class": 1}