{"image": "886965f8-eea8-11ee-af56-a6cd0eba30f1.jpg", "bboxes": [0.0, 0.2733333333333335, 0.736279069767442, 1.0], "class": 1}