{"image": "886965f8-eea8-11ee-af56-a6cd0eba30f1.jpg", "bboxes": [0.24149870801033582, 0.2006718346253229, 1.0, 1.0], "class": 1}