{"image": "886965f8-eea8-11ee-af56-a6cd0eba30f1.jpg", "bboxes": [0.0, 0.3111111111111112, 0.6985012919896642, 1.0], "class": 1}