{"image": "886965f8-eea8-11ee-af56-a6cd0eba30f1.jpg", "bboxes": [0.19260981912144695, 0.0, 0.9962273901808787, 0.8666666666666665], "class": 1}