{"image": "886965f8-eea8-11ee-af56-a6cd0eba30f1.jpg", "bboxes": [0.0, 0.08000000000000013, 0.4917829457364342, 1.0], "class": 1}