{"image": "886965f8-eea8-11ee-af56-a6cd0eba30f1.jpg", "bboxes": [0.9682170542635657, 0.0, 1.0, 0.8748837209302327], "class": 1}