{"image": "886965f8-eea8-11ee-af56-a6cd0eba30f1.jpg", "bboxes": [0.4015503875968991, 0.0, 1.0, 0.8059948320413438], "class": 1}