{"image": "886965f8-eea8-11ee-af56-a6cd0eba30f1.jpg", "bboxes": [0.18377260981912136, 0.11622739018087835, 0.987390180878553, 1.0], "class": 1}