{"image": "886965f8-eea8-11ee-af56-a6cd0eba30f1.jpg", "bboxes": [0.8082170542635658, 0.19178294573643395, 1.0, 1.0], "class": 1}