{"image": "886965f8-eea8-11ee-af56-a6cd0eba30f1.jpg", "bboxes": [0.0, 0.2955555555555557, 0.5540568475452197, 1.0], "class": 1}