{"image": "886965f8-eea8-11ee-af56-a6cd0eba30f1.jpg", "bboxes": [0.0, 0.0495607235142117, 0.011782945736434208, 1.0], "class": 1}