{"image": "886965f8-eea8-11ee-af56-a6cd0eba30f1.jpg", "bboxes": [0.0, 0.09622739018087845, 0.15400516795865643, 1.0], "class": 1}