{"image": "886965f8-eea8-11ee-af56-a6cd0eba30f1.jpg", "bboxes": [0.09038759689922472, 0.40222222222222237, 0.8940051679586565, 1.0], "class": 1}