{"image": "886965f8-eea8-11ee-af56-a6cd0eba30f1.jpg", "bboxes": [0.19038759689922471, 0.14222222222222236, 0.9940051679586565, 1.0], "class": 1}