{"image": "886965f8-eea8-11ee-af56-a6cd0eba30f1.jpg", "bboxes": [0.34155038759689915, 0.0, 1.0, 0.731111111111111], "class": 1}