{"image": "88bfb494-eea8-11ee-af56-a6cd0eba30f1.jpg", "bboxes": [0.027855297157622694, 0.08408268733850137, 0.7797932816537468, 1.0], "class": 1}