{"image": "88bfb494-eea8-11ee-af56-a6cd0eba30f1.jpg", "bboxes": [0.07674418604651156, 0.1463049095607236, 0.8286821705426357, 1.0], "class": 1}