{"image": "88bfb494-eea8-11ee-af56-a6cd0eba30f1.jpg", "bboxes": [0.45576227390180873, 0.38186046511627914, 1.0, 1.0], "class": 1}