{"image": "88bfb494-eea8-11ee-af56-a6cd0eba30f1.jpg", "bboxes": [0.5468733850129198, 0.30408268733850136, 1.0, 1.0], "class": 1}