{"image": "88bfb494-eea8-11ee-af56-a6cd0eba30f1.jpg", "bboxes": [0.37229974160206714, 0.2663049095607236, 1.0, 1.0], "class": 1}