{"image": "88bfb494-eea8-11ee-af56-a6cd0eba30f1.jpg", "bboxes": [0.649095607235142, 0.1351937984496125, 1.0, 1.0], "class": 1}