{"image": "88bfb494-eea8-11ee-af56-a6cd0eba30f1.jpg", "bboxes": [0.2135400516795865, 0.0, 0.9654780361757106, 0.6425839793281654], "class": 1}