{"image": "88bfb494-eea8-11ee-af56-a6cd0eba30f1.jpg", "bboxes": [0.8700775193798449, 0.0, 1.0, 0.7536950904392764], "class": 1}