{"image": "88bfb494-eea8-11ee-af56-a6cd0eba30f1.jpg", "bboxes": [0.10465116279069762, 0.0, 0.8565891472868217, 0.9981395348837209], "class": 1}