{"image": "88bfb494-eea8-11ee-af56-a6cd0eba30f1.jpg", "bboxes": [0.0, 0.03266149870801027, 0.20868217054263571, 1.0], "class": 1}