{"image": "88bfb494-eea8-11ee-af56-a6cd0eba30f1.jpg", "bboxes": [0.0, 0.07074935400516805, 0.02645994832041343, 1.0], "class": 1}