{"image": "88bfb494-eea8-11ee-af56-a6cd0eba30f1.jpg", "bboxes": [0.5446511627906976, 0.12408268733850138, 1.0, 1.0], "class": 1}