{"image": "88bfb494-eea8-11ee-af56-a6cd0eba30f1.jpg", "bboxes": [0.0, 0.2929715762273903, 0.5042377260981913, 1.0], "class": 1}