{"image": "88bfb494-eea8-11ee-af56-a6cd0eba30f1.jpg", "bboxes": [0.46785529715762275, 0.23297157622739026, 1.0, 1.0], "class": 1}