{"image": "88bfb494-eea8-11ee-af56-a6cd0eba30f1.jpg", "bboxes": [0.0, 0.14852713178294583, 0.5486821705426357, 1.0], "class": 1}