{"image": "88bfb494-eea8-11ee-af56-a6cd0eba30f1.jpg", "bboxes": [0.0, 0.015193798449612486, 0.19658914728682172, 1.0], "class": 1}