{"image": "88bfb494-eea8-11ee-af56-a6cd0eba30f1.jpg", "bboxes": [0.0, 0.04821705426356582, 0.07658914728682173, 1.0], "class": 1}