{"image": "88bfb494-eea8-11ee-af56-a6cd0eba30f1.jpg", "bboxes": [0.0, 0.09932816537467692, 0.3864599483204135, 1.0], "class": 1}