{"image": "88bfb494-eea8-11ee-af56-a6cd0eba30f1.jpg", "bboxes": [0.0789664082687338, 0.044082687338501375, 0.830904392764858, 1.0], "class": 1}