{"image": "88bfb494-eea8-11ee-af56-a6cd0eba30f1.jpg", "bboxes": [0.7090956072351421, 0.06852713178294582, 1.0, 1.0], "class": 1}