{"image": "88bfb494-eea8-11ee-af56-a6cd0eba30f1.jpg", "bboxes": [0.0, 0.15963824289405693, 0.07214470284237728, 1.0], "class": 1}