{"image": "88bfb494-eea8-11ee-af56-a6cd0eba30f1.jpg", "bboxes": [0.11896640826873384, 0.0, 0.8709043927648579, 0.8181395348837208], "class": 1}