{"image": "88bfb494-eea8-11ee-af56-a6cd0eba30f1.jpg", "bboxes": [0.1922997416020672, 0.23963824289405694, 0.9442377260981912, 1.0], "class": 1}