{"image": "88bfb494-eea8-11ee-af56-a6cd0eba30f1.jpg", "bboxes": [0.0, 0.01074935400516804, 0.025478036175710612, 1.0], "class": 1}