{"image": "88bfb494-eea8-11ee-af56-a6cd0eba30f1.jpg", "bboxes": [0.5545219638242893, 0.14852713178294583, 1.0, 1.0], "class": 1}