{"image": "88bfb494-eea8-11ee-af56-a6cd0eba30f1.jpg", "bboxes": [0.4189664082687339, 0.37074935400516806, 1.0, 1.0], "class": 1}