{"image": "88bfb494-eea8-11ee-af56-a6cd0eba30f1.jpg", "bboxes": [0.27131782945736427, 0.0, 1.0, 0.8851162790697675], "class": 1}