{"image": "88bfb494-eea8-11ee-af56-a6cd0eba30f1.jpg", "bboxes": [0.9678552971576228, 0.0, 1.0, 0.5981395348837208], "class": 1}