{"image": "88bfb494-eea8-11ee-af56-a6cd0eba30f1.jpg", "bboxes": [0.0, 0.32186046511627914, 0.4743669250645995, 1.0], "class": 1}