{"image": "88bfb494-eea8-11ee-af56-a6cd0eba30f1.jpg", "bboxes": [0.23354005167958652, 0.0, 0.9854780361757106, 0.6181395348837209], "class": 1}