{"image": "88bfb494-eea8-11ee-af56-a6cd0eba30f1.jpg", "bboxes": [0.7468733850129199, 0.0, 1.0, 0.9851162790697675], "class": 1}