{"image": "88bfb494-eea8-11ee-af56-a6cd0eba30f1.jpg", "bboxes": [0.701188630490956, 0.0, 1.0, 0.8984496124031008], "class": 1}