{"image": "88bfb494-eea8-11ee-af56-a6cd0eba30f1.jpg", "bboxes": [0.8135400516795865, 0.22186046511627916, 1.0, 1.0], "class": 1}