{"image": "88bfb494-eea8-11ee-af56-a6cd0eba30f1.jpg", "bboxes": [0.9234108527131782, 0.21074935400516803, 1.0, 1.0], "class": 1}