{"image": "88bfb494-eea8-11ee-af56-a6cd0eba30f1.jpg", "bboxes": [0.7722997416020672, 0.05519379844961249, 1.0, 1.0], "class": 1}