{"image": "88bfb494-eea8-11ee-af56-a6cd0eba30f1.jpg", "bboxes": [0.7046511627906976, 0.0, 1.0, 0.8540051679586564], "class": 1}