{"image": "88bfb494-eea8-11ee-af56-a6cd0eba30f1.jpg", "bboxes": [0.0, 0.17074935400516805, 0.3054780361757106, 1.0], "class": 1}