{"image": "88bfb494-eea8-11ee-af56-a6cd0eba30f1.jpg", "bboxes": [0.0, 0.0282170542635658, 0.6753488372093024, 1.0], "class": 1}