{"image": "88bfb494-eea8-11ee-af56-a6cd0eba30f1.jpg", "bboxes": [0.3322997416020672, 0.3996382428940569, 1.0, 1.0], "class": 1}