{"image": "88bfb494-eea8-11ee-af56-a6cd0eba30f1.jpg", "bboxes": [0.33576227390180874, 0.3574160206718347, 1.0, 1.0], "class": 1}