{"image": "88bfb494-eea8-11ee-af56-a6cd0eba30f1.jpg", "bboxes": [0.0, 0.03963824289405693, 0.1131266149870801, 1.0], "class": 1}