{"image": "88bfb494-eea8-11ee-af56-a6cd0eba30f1.jpg", "bboxes": [0.0, 0.18408268733850136, 0.6909043927648579, 1.0], "class": 1}