{"image": "88bfb494-eea8-11ee-af56-a6cd0eba30f1.jpg", "bboxes": [0.31007751937984496, 0.0, 1.0, 0.9517829457364342], "class": 1}