{"image": "88bfb494-eea8-11ee-af56-a6cd0eba30f1.jpg", "bboxes": [0.3913178294573643, 0.0, 1.0, 0.9803617571059431], "class": 1}