{"image": "88bfb494-eea8-11ee-af56-a6cd0eba30f1.jpg", "bboxes": [0.0, 0.33297157622739026, 0.39534883720930236, 1.0], "class": 1}