{"image": "88bfb494-eea8-11ee-af56-a6cd0eba30f1.jpg", "bboxes": [0.5068733850129199, 0.17297157622739026, 1.0, 1.0], "class": 1}