{"image": "88bfb494-eea8-11ee-af56-a6cd0eba30f1.jpg", "bboxes": [0.4589664082687338, 0.0, 1.0, 0.8648062015503875], "class": 1}