{"image": "8910dd92-eea8-11ee-af56-a6cd0eba30f1.jpg", "bboxes": [0.6688888888888888, 0.0, 1.0, 0.9395865633074935], "class": 1}