{"image": "8910dd92-eea8-11ee-af56-a6cd0eba30f1.jpg", "bboxes": [0.730077519379845, 0.0, 1.0, 0.8618087855297157], "class": 1}