{"image": "8910dd92-eea8-11ee-af56-a6cd0eba30f1.jpg", "bboxes": [0.0, 0.0, 0.24888888888888905, 0.8218087855297157], "class": 1}