{"image": "8910dd92-eea8-11ee-af56-a6cd0eba30f1.jpg", "bboxes": [0.0, 0.36485788113695095, 0.698811369509044, 1.0], "class": 1}