{"image": "8910dd92-eea8-11ee-af56-a6cd0eba30f1.jpg", "bboxes": [0.6389664082687339, 0.34708010335917316, 1.0, 1.0], "class": 1}