{"image": "8910dd92-eea8-11ee-af56-a6cd0eba30f1.jpg", "bboxes": [0.0, 0.07374677002583982, 0.09555555555555573, 1.0], "class": 1}