{"image": "8910dd92-eea8-11ee-af56-a6cd0eba30f1.jpg", "bboxes": [0.601188630490956, 0.37819121447028425, 1.0, 1.0], "class": 1}