{"image": "8910dd92-eea8-11ee-af56-a6cd0eba30f1.jpg", "bboxes": [0.8856330749354004, 0.22263565891472872, 1.0, 1.0], "class": 1}