{"image": "8910dd92-eea8-11ee-af56-a6cd0eba30f1.jpg", "bboxes": [0.6700775193798449, 0.033746770025839826, 1.0, 1.0], "class": 1}