{"image": "8910dd92-eea8-11ee-af56-a6cd0eba30f1.jpg", "bboxes": [0.18785529715762272, 0.0, 0.988888888888889, 0.7573643410852713], "class": 1}