{"image": "8910dd92-eea8-11ee-af56-a6cd0eba30f1.jpg", "bboxes": [0.09896640826873382, 0.0, 0.9000000000000001, 0.6906976744186046], "class": 1}