{"image": "8910dd92-eea8-11ee-af56-a6cd0eba30f1.jpg", "bboxes": [0.0, 0.3626356589147287, 0.5355555555555557, 1.0], "class": 1}