{"image": "8910dd92-eea8-11ee-af56-a6cd0eba30f1.jpg", "bboxes": [0.19555555555555543, 0.0, 0.9965891472868217, 0.98], "class": 1}