{"image": "8910dd92-eea8-11ee-af56-a6cd0eba30f1.jpg", "bboxes": [0.0, 0.024857881136950935, 0.47555555555555573, 1.0], "class": 1}