{"image": "8910dd92-eea8-11ee-af56-a6cd0eba30f1.jpg", "bboxes": [0.5288888888888887, 0.0, 1.0, 0.9262532299741602], "class": 1}