{"image": "8910dd92-eea8-11ee-af56-a6cd0eba30f1.jpg", "bboxes": [0.6422222222222221, 0.0, 1.0, 0.9444444444444444], "class": 1}