{"image": "8910dd92-eea8-11ee-af56-a6cd0eba30f1.jpg", "bboxes": [0.6444444444444443, 0.049302325581395384, 1.0, 1.0], "class": 1}