{"image": "8910dd92-eea8-11ee-af56-a6cd0eba30f1.jpg", "bboxes": [0.013333333333333208, 0.2693023255813954, 0.8143669250645995, 1.0], "class": 1}