{"image": "8910dd92-eea8-11ee-af56-a6cd0eba30f1.jpg", "bboxes": [0.27229974160206716, 0.0, 1.0, 0.9973643410852713], "class": 1}