{"image": "8910dd92-eea8-11ee-af56-a6cd0eba30f1.jpg", "bboxes": [0.25777777777777766, 0.18930232558139537, 1.0, 1.0], "class": 1}