{"image": "8910dd92-eea8-11ee-af56-a6cd0eba30f1.jpg", "bboxes": [0.1822222222222221, 0.0, 0.9832558139534884, 0.8618087855297157], "class": 1}