{"image": "8910dd92-eea8-11ee-af56-a6cd0eba30f1.jpg", "bboxes": [0.7989664082687338, 0.3004134366925065, 1.0, 1.0], "class": 1}