{"image": "8910dd92-eea8-11ee-af56-a6cd0eba30f1.jpg", "bboxes": [0.1733333333333332, 0.0, 0.9743669250645995, 0.7306976744186047], "class": 1}