{"image": "8910dd92-eea8-11ee-af56-a6cd0eba30f1.jpg", "bboxes": [0.4355555555555554, 0.07596899224806204, 1.0, 1.0], "class": 1}