{"image": "8910dd92-eea8-11ee-af56-a6cd0eba30f1.jpg", "bboxes": [0.4967441860465116, 0.04222222222222227, 1.0, 1.0], "class": 1}