{"image": "8910dd92-eea8-11ee-af56-a6cd0eba30f1.jpg", "bboxes": [0.07674418604651156, 0.0, 0.8777777777777779, 1.0], "class": 1}