{"image": "8910dd92-eea8-11ee-af56-a6cd0eba30f1.jpg", "bboxes": [0.010077519379844913, 0.0, 0.8111111111111112, 1.0], "class": 1}