{"image": "8910dd92-eea8-11ee-af56-a6cd0eba30f1.jpg", "bboxes": [0.09111111111111099, 0.0, 0.8921447028423772, 0.9551421188630491], "class": 1}