{"image": "8910dd92-eea8-11ee-af56-a6cd0eba30f1.jpg", "bboxes": [0.24785529715762267, 0.06888888888888889, 1.0, 1.0], "class": 1}