{"image": "8910dd92-eea8-11ee-af56-a6cd0eba30f1.jpg", "bboxes": [0.0, 0.04485788113695094, 0.022222222222222365, 1.0], "class": 1}