{"image": "8962366a-eea8-11ee-af56-a6cd0eba30f1.jpg", "bboxes": [0.08149870801033583, 0.06480620155038752, 0.9342118863049094, 1.0], "class": 1}