{"image": "8962366a-eea8-11ee-af56-a6cd0eba30f1.jpg", "bboxes": [0.7635658914728685, 0.0, 1.0, 0.9685271317829458], "class": 1}