{"image": "8962366a-eea8-11ee-af56-a6cd0eba30f1.jpg", "bboxes": [0.31245478036175733, 0.14661498708010343, 1.0, 1.0], "class": 1}