{"image": "8962366a-eea8-11ee-af56-a6cd0eba30f1.jpg", "bboxes": [0.1146770025839795, 0.0, 0.9673901808785531, 1.0], "class": 1}