{"image": "8962366a-eea8-11ee-af56-a6cd0eba30f1.jpg", "bboxes": [0.6324547803617573, 0.0, 1.0, 0.8889405684754521], "class": 1}