{"image": "8962366a-eea8-11ee-af56-a6cd0eba30f1.jpg", "bboxes": [0.3235658914728684, 0.19105943152454788, 1.0, 1.0], "class": 1}