{"image": "8962366a-eea8-11ee-af56-a6cd0eba30f1.jpg", "bboxes": [0.3170542635658914, 0.17550387596899233, 1.0, 1.0], "class": 1}