{"image": "8962366a-eea8-11ee-af56-a6cd0eba30f1.jpg", "bboxes": [0.2657881136950906, 0.0, 1.0, 0.9556072351421188], "class": 1}