{"image": "8962366a-eea8-11ee-af56-a6cd0eba30f1.jpg", "bboxes": [0.9057881136950906, 0.3755038759689923, 1.0, 1.0], "class": 1}