{"image": "8962366a-eea8-11ee-af56-a6cd0eba30f1.jpg", "bboxes": [0.19483204134366916, 0.013695090439276414, 1.0, 1.0], "class": 1}