{"image": "8962366a-eea8-11ee-af56-a6cd0eba30f1.jpg", "bboxes": [0.0, 0.08036175710594307, 0.18532299741602049, 1.0], "class": 1}