{"image": "8962366a-eea8-11ee-af56-a6cd0eba30f1.jpg", "bboxes": [0.8881653746770025, 0.0, 1.0, 0.9333850129198966], "class": 1}