{"image": "8962366a-eea8-11ee-af56-a6cd0eba30f1.jpg", "bboxes": [0.0, 0.10883720930232565, 0.2696124031007753, 1.0], "class": 1}