{"image": "8962366a-eea8-11ee-af56-a6cd0eba30f1.jpg", "bboxes": [0.159121447028424, 0.0, 1.0, 0.9267183462532299], "class": 1}