{"image": "8962366a-eea8-11ee-af56-a6cd0eba30f1.jpg", "bboxes": [0.4435658914728684, 0.2910594315245479, 1.0, 1.0], "class": 1}