{"image": "8962366a-eea8-11ee-af56-a6cd0eba30f1.jpg", "bboxes": [0.0, 0.19550387596899232, 0.7764341085271316, 1.0], "class": 1}