{"image": "8962366a-eea8-11ee-af56-a6cd0eba30f1.jpg", "bboxes": [0.1992764857881136, 0.0, 1.0, 0.857829457364341], "class": 1}