{"image": "8962366a-eea8-11ee-af56-a6cd0eba30f1.jpg", "bboxes": [0.07038759689922472, 0.0, 0.9231007751937983, 0.7933850129198966], "class": 1}