{"image": "8962366a-eea8-11ee-af56-a6cd0eba30f1.jpg", "bboxes": [0.7926098191214469, 0.0, 1.0, 0.9351937984496125], "class": 1}