{"image": "8962366a-eea8-11ee-af56-a6cd0eba30f1.jpg", "bboxes": [0.0, 0.0, 0.3475452196382427, 0.7200516795865632], "class": 1}