{"image": "8962366a-eea8-11ee-af56-a6cd0eba30f1.jpg", "bboxes": [0.0, 0.242170542635659, 0.7697674418604649, 1.0], "class": 1}