{"image": "8962366a-eea8-11ee-af56-a6cd0eba30f1.jpg", "bboxes": [0.6035658914728684, 0.06883720930232566, 1.0, 1.0], "class": 1}