{"image": "8962366a-eea8-11ee-af56-a6cd0eba30f1.jpg", "bboxes": [0.5435658914728685, 0.11772609819121455, 1.0, 1.0], "class": 1}