{"image": "8962366a-eea8-11ee-af56-a6cd0eba30f1.jpg", "bboxes": [0.0, 0.0, 0.3518346253229975, 0.7289405684754522], "class": 1}