{"image": "8962366a-eea8-11ee-af56-a6cd0eba30f1.jpg", "bboxes": [0.17467700258397956, 0.0, 1.0, 0.9329715762273902], "class": 1}