{"image": "8962366a-eea8-11ee-af56-a6cd0eba30f1.jpg", "bboxes": [0.0, 0.3710594315245479, 0.04532299741602047, 1.0], "class": 1}