{"image": "8962366a-eea8-11ee-af56-a6cd0eba30f1.jpg", "bboxes": [0.13245478036175728, 0.2866149870801034, 0.9851679586563309, 1.0], "class": 1}