{"image": "8962366a-eea8-11ee-af56-a6cd0eba30f1.jpg", "bboxes": [0.3302325581395351, 0.4110594315245479, 1.0, 1.0], "class": 1}