{"image": "8962366a-eea8-11ee-af56-a6cd0eba30f1.jpg", "bboxes": [0.9524547803617573, 0.3510594315245479, 1.0, 1.0], "class": 1}