{"image": "8962366a-eea8-11ee-af56-a6cd0eba30f1.jpg", "bboxes": [0.0, 0.14883720930232566, 0.30516795865633084, 1.0], "class": 1}