{"image": "8962366a-eea8-11ee-af56-a6cd0eba30f1.jpg", "bboxes": [0.6303875968992247, 0.0, 1.0, 0.9756072351421188], "class": 1}