{"image": "8962366a-eea8-11ee-af56-a6cd0eba30f1.jpg", "bboxes": [0.6635658914728684, 0.0, 1.0, 0.6533850129198966], "class": 1}