{"image": "8962366a-eea8-11ee-af56-a6cd0eba30f1.jpg", "bboxes": [0.9857881136950907, 0.0, 1.0, 0.9240826873385014], "class": 1}