{"image": "8962366a-eea8-11ee-af56-a6cd0eba30f1.jpg", "bboxes": [0.6168992248062017, 0.03550387596899232, 1.0, 1.0], "class": 1}