{"image": "8962366a-eea8-11ee-af56-a6cd0eba30f1.jpg", "bboxes": [0.9102325581395351, 0.0, 1.0, 0.8333850129198965], "class": 1}