{"image": "8962366a-eea8-11ee-af56-a6cd0eba30f1.jpg", "bboxes": [0.6613436692506462, 0.04036175710594303, 1.0, 1.0], "class": 1}