{"image": "8962366a-eea8-11ee-af56-a6cd0eba30f1.jpg", "bboxes": [0.4059431524547803, 0.0, 1.0, 0.9400516795865632], "class": 1}