{"image": "89b3e226-eea8-11ee-af56-a6cd0eba30f1.jpg", "bboxes": [0.39829457364341075, 0.2556589147286822, 1.0, 1.0], "class": 1}