{"image": "89b3e226-eea8-11ee-af56-a6cd0eba30f1.jpg", "bboxes": [0.0, 0.12677002583979333, 0.3861498708010337, 1.0], "class": 1}