{"image": "89b3e226-eea8-11ee-af56-a6cd0eba30f1.jpg", "bboxes": [0.0, 0.08232558139534887, 0.5017054263565892, 1.0], "class": 1}