{"image": "89b3e226-eea8-11ee-af56-a6cd0eba30f1.jpg", "bboxes": [0.0, 0.26010335917312666, 0.03948320413436701, 1.0], "class": 1}