{"image": "89b3e226-eea8-11ee-af56-a6cd0eba30f1.jpg", "bboxes": [0.21912144702842395, 0.14899224806201555, 0.9994832041343671, 1.0], "class": 1}