{"image": "89b3e226-eea8-11ee-af56-a6cd0eba30f1.jpg", "bboxes": [0.0, 0.35121447028423775, 0.31281653746770033, 1.0], "class": 1}