{"image": "89b3e226-eea8-11ee-af56-a6cd0eba30f1.jpg", "bboxes": [0.05023255813953509, 0.0, 0.8305943152454782, 0.8821188630490956], "class": 1}