{"image": "89b3e226-eea8-11ee-af56-a6cd0eba30f1.jpg", "bboxes": [0.6413436692506462, 0.10010335917312665, 1.0, 1.0], "class": 1}