{"image": "89b3e226-eea8-11ee-af56-a6cd0eba30f1.jpg", "bboxes": [0.4938501291989663, 0.16899224806201554, 1.0, 1.0], "class": 1}