{"image": "89b3e226-eea8-11ee-af56-a6cd0eba30f1.jpg", "bboxes": [0.0, 0.15121447028423776, 0.2564341085271316, 1.0], "class": 1}