{"image": "89b3e226-eea8-11ee-af56-a6cd0eba30f1.jpg", "bboxes": [0.02273901808785518, 0.18232558139534888, 0.8031007751937983, 1.0], "class": 1}