{"image": "89b3e226-eea8-11ee-af56-a6cd0eba30f1.jpg", "bboxes": [0.16051679586563294, 0.0, 0.9408785529715761, 0.8920413436692507], "class": 1}