{"image": "89b3e226-eea8-11ee-af56-a6cd0eba30f1.jpg", "bboxes": [0.951627906976744, 0.11018087855297154, 1.0, 1.0], "class": 1}