{"image": "89b3e226-eea8-11ee-af56-a6cd0eba30f1.jpg", "bboxes": [0.0, 0.14899224806201555, 0.7253229974160205, 1.0], "class": 1}