{"image": "89b3e226-eea8-11ee-af56-a6cd0eba30f1.jpg", "bboxes": [0.33829457364341076, 0.09684754521963823, 1.0, 1.0], "class": 1}