{"image": "89b3e226-eea8-11ee-af56-a6cd0eba30f1.jpg", "bboxes": [0.6049612403100774, 0.0, 1.0, 0.8510077519379844], "class": 1}