{"image": "89b3e226-eea8-11ee-af56-a6cd0eba30f1.jpg", "bboxes": [0.7449612403100774, 0.08010335917312665, 1.0, 1.0], "class": 1}