{"image": "89b3e226-eea8-11ee-af56-a6cd0eba30f1.jpg", "bboxes": [0.0, 0.03684754521963818, 0.1275452196382427, 1.0], "class": 1}