{"image": "89b3e226-eea8-11ee-af56-a6cd0eba30f1.jpg", "bboxes": [0.9894056847545218, 0.0, 1.0, 0.9387080103359173], "class": 1}