{"image": "89b3e226-eea8-11ee-af56-a6cd0eba30f1.jpg", "bboxes": [0.052454780361757325, 0.0, 0.8328165374677003, 1.0], "class": 1}