{"image": "89b3e226-eea8-11ee-af56-a6cd0eba30f1.jpg", "bboxes": [0.0, 0.025736434108527106, 0.09948320413436706, 1.0], "class": 1}