{"image": "89b3e226-eea8-11ee-af56-a6cd0eba30f1.jpg", "bboxes": [0.8649612403100774, 0.0, 1.0, 0.6443410852713178], "class": 1}