{"image": "89b3e226-eea8-11ee-af56-a6cd0eba30f1.jpg", "bboxes": [0.3871834625322996, 0.0, 1.0, 0.7732299741602067], "class": 1}