{"image": "89b3e226-eea8-11ee-af56-a6cd0eba30f1.jpg", "bboxes": [0.03607235142118851, 0.0, 0.8164341085271316, 0.7376744186046511], "class": 1}