{"image": "89b3e226-eea8-11ee-af56-a6cd0eba30f1.jpg", "bboxes": [0.0, 0.010180878552971562, 0.6653229974160205, 1.0], "class": 1}