{"image": "89b3e226-eea8-11ee-af56-a6cd0eba30f1.jpg", "bboxes": [0.7546770025839795, 0.24232558139534888, 1.0, 1.0], "class": 1}