{"image": "89b3e226-eea8-11ee-af56-a6cd0eba30f1.jpg", "bboxes": [0.5924547803617572, 0.3645478036175711, 1.0, 1.0], "class": 1}