{"image": "89b3e226-eea8-11ee-af56-a6cd0eba30f1.jpg", "bboxes": [0.6627390180878552, 0.0, 1.0, 0.9376744186046512], "class": 1}