{"image": "89b3e226-eea8-11ee-af56-a6cd0eba30f1.jpg", "bboxes": [0.0, 0.031214470284237766, 0.2542118863049094, 1.0], "class": 1}