{"image": "89b3e226-eea8-11ee-af56-a6cd0eba30f1.jpg", "bboxes": [0.0, 0.0012919896640826156, 0.1972609819121448, 1.0], "class": 1}