{"image": "89b3e226-eea8-11ee-af56-a6cd0eba30f1.jpg", "bboxes": [0.5124547803617573, 0.0, 1.0, 0.98656330749354], "class": 1}