{"image": "89b3e226-eea8-11ee-af56-a6cd0eba30f1.jpg", "bboxes": [0.0, 0.08795865633074929, 0.21281653746770035, 1.0], "class": 1}