{"image": "89b3e226-eea8-11ee-af56-a6cd0eba30f1.jpg", "bboxes": [0.8738501291989663, 0.0, 1.0, 0.8132299741602067], "class": 1}