{"image": "89b3e226-eea8-11ee-af56-a6cd0eba30f1.jpg", "bboxes": [0.5294056847545219, 0.13018087855297156, 1.0, 1.0], "class": 1}