{"image": "89b3e226-eea8-11ee-af56-a6cd0eba30f1.jpg", "bboxes": [0.0, 0.3223255813953489, 0.3750387596899226, 1.0], "class": 1}