{"image": "89b3e226-eea8-11ee-af56-a6cd0eba30f1.jpg", "bboxes": [0.2516279069767441, 0.3689922480620155, 1.0, 1.0], "class": 1}