{"image": "89b3e226-eea8-11ee-af56-a6cd0eba30f1.jpg", "bboxes": [0.6582945736434107, 0.14899224806201555, 1.0, 1.0], "class": 1}