{"image": "89b3e226-eea8-11ee-af56-a6cd0eba30f1.jpg", "bboxes": [0.2649612403100774, 0.07240310077519374, 1.0, 1.0], "class": 1}