{"image": "89b3e226-eea8-11ee-af56-a6cd0eba30f1.jpg", "bboxes": [0.24578811369509068, 0.04899224806201554, 1.0, 1.0], "class": 1}