{"image": "8a0475a6-eea8-11ee-af56-a6cd0eba30f1.jpg", "bboxes": [0.03317829457364341, 0.0, 0.8367958656330751, 1.0], "class": 1}