{"image": "8a0475a6-eea8-11ee-af56-a6cd0eba30f1.jpg", "bboxes": [0.5220671834625323, 0.0, 1.0, 0.931782945736434], "class": 1}