{"image": "8a0475a6-eea8-11ee-af56-a6cd0eba30f1.jpg", "bboxes": [0.8065116279069768, 0.2948837209302326, 1.0, 1.0], "class": 1}