{"image": "8a0475a6-eea8-11ee-af56-a6cd0eba30f1.jpg", "bboxes": [0.035400516795865644, 0.10377260981912147, 0.8390180878552973, 1.0], "class": 1}