{"image": "8a0475a6-eea8-11ee-af56-a6cd0eba30f1.jpg", "bboxes": [0.3298708010335916, 0.13932816537467702, 1.0, 1.0], "class": 1}