{"image": "8a0475a6-eea8-11ee-af56-a6cd0eba30f1.jpg", "bboxes": [0.15095607235142128, 0.0, 0.9545736434108528, 1.0], "class": 1}