{"image": "8a0475a6-eea8-11ee-af56-a6cd0eba30f1.jpg", "bboxes": [0.31540051679586567, 0.0, 1.0, 0.7362273901808785], "class": 1}