{"image": "8a0475a6-eea8-11ee-af56-a6cd0eba30f1.jpg", "bboxes": [0.31984496124031014, 0.08821705426356592, 1.0, 1.0], "class": 1}