{"image": "8a0475a6-eea8-11ee-af56-a6cd0eba30f1.jpg", "bboxes": [0.0, 0.0659948320413437, 0.48237726098191214, 1.0], "class": 1}