{"image": "8a0475a6-eea8-11ee-af56-a6cd0eba30f1.jpg", "bboxes": [0.0, 0.32155038759689925, 0.24015503875968988, 1.0], "class": 1}