{"image": "8a0475a6-eea8-11ee-af56-a6cd0eba30f1.jpg", "bboxes": [0.053178294573643425, 0.004392764857881204, 0.856795865633075, 1.0], "class": 1}