{"image": "8a0475a6-eea8-11ee-af56-a6cd0eba30f1.jpg", "bboxes": [0.7520930232558138, 0.3659948320413437, 1.0, 1.0], "class": 1}