{"image": "8a0475a6-eea8-11ee-af56-a6cd0eba30f1.jpg", "bboxes": [0.2554005167958656, 0.2637726098191215, 1.0, 1.0], "class": 1}