{"image": "8a0475a6-eea8-11ee-af56-a6cd0eba30f1.jpg", "bboxes": [0.5654263565891472, 0.025994832041343695, 1.0, 1.0], "class": 1}