{"image": "8a0475a6-eea8-11ee-af56-a6cd0eba30f1.jpg", "bboxes": [0.13209302325581385, 0.0, 0.9357105943152454, 0.9295607235142118], "class": 1}