{"image": "8a0475a6-eea8-11ee-af56-a6cd0eba30f1.jpg", "bboxes": [0.8365374677002583, 0.0, 1.0, 0.6917829457364341], "class": 1}