{"image": "8a0475a6-eea8-11ee-af56-a6cd0eba30f1.jpg", "bboxes": [0.0, 0.07488372093023259, 0.26568475452196394, 1.0], "class": 1}