{"image": "8a0475a6-eea8-11ee-af56-a6cd0eba30f1.jpg", "bboxes": [0.6887338501291991, 0.0, 1.0, 0.8095607235142118], "class": 1}