{"image": "8a0475a6-eea8-11ee-af56-a6cd0eba30f1.jpg", "bboxes": [0.24651162790697678, 0.23266149870801037, 1.0, 1.0], "class": 1}