{"image": "8a0475a6-eea8-11ee-af56-a6cd0eba30f1.jpg", "bboxes": [0.0, 0.028837209302325584, 0.47457364341085284, 1.0], "class": 1}