{"image": "8a0475a6-eea8-11ee-af56-a6cd0eba30f1.jpg", "bboxes": [0.3420671834625323, 0.17043927648578813, 1.0, 1.0], "class": 1}