{"image": "8a0475a6-eea8-11ee-af56-a6cd0eba30f1.jpg", "bboxes": [0.1965374677002583, 0.0, 1.0, 0.9073385012919897], "class": 1}