{"image": "8a0475a6-eea8-11ee-af56-a6cd0eba30f1.jpg", "bboxes": [0.0, 0.03772609819121453, 0.20015503875968987, 1.0], "class": 1}