{"image": "8a0475a6-eea8-11ee-af56-a6cd0eba30f1.jpg", "bboxes": [0.5287338501291989, 0.0, 1.0, 0.9806718346253229], "class": 1}