{"image": "8a0475a6-eea8-11ee-af56-a6cd0eba30f1.jpg", "bboxes": [0.0709560723514212, 0.0, 0.8745736434108529, 0.911782945736434], "class": 1}