{"image": "8a0475a6-eea8-11ee-af56-a6cd0eba30f1.jpg", "bboxes": [0.8520930232558138, 0.29266149870801034, 1.0, 1.0], "class": 1}