{"image": "8a0475a6-eea8-11ee-af56-a6cd0eba30f1.jpg", "bboxes": [0.2998449612403101, 0.0, 1.0, 0.6695607235142118], "class": 1}