{"image": "8a0475a6-eea8-11ee-af56-a6cd0eba30f1.jpg", "bboxes": [0.0, 0.2171059431524548, 0.7668217054263565, 1.0], "class": 1}