{"image": "8a0475a6-eea8-11ee-af56-a6cd0eba30f1.jpg", "bboxes": [0.1365374677002583, 0.0, 0.9401550387596899, 0.9384496124031008], "class": 1}