{"image": "8a0475a6-eea8-11ee-af56-a6cd0eba30f1.jpg", "bboxes": [0.6531782945736435, 0.0, 1.0, 0.7028940568475452], "class": 1}