{"image": "8a0475a6-eea8-11ee-af56-a6cd0eba30f1.jpg", "bboxes": [0.0, 0.07994832041343669, 0.7190180878552972, 1.0], "class": 1}