{"image": "8a0475a6-eea8-11ee-af56-a6cd0eba30f1.jpg", "bboxes": [0.13540051679586562, 0.1948837209302326, 0.9390180878552973, 1.0], "class": 1}