{"image": "8a0475a6-eea8-11ee-af56-a6cd0eba30f1.jpg", "bboxes": [0.0, 0.21932816537467703, 0.6745736434108528, 1.0], "class": 1}