{"image": "8a0475a6-eea8-11ee-af56-a6cd0eba30f1.jpg", "bboxes": [0.0, 0.27932816537467703, 0.43679586563307504, 1.0], "class": 1}