{"image": "8a0475a6-eea8-11ee-af56-a6cd0eba30f1.jpg", "bboxes": [0.8154005167958657, 0.0, 1.0, 0.8384496124031008], "class": 1}