{"image": "8a0475a6-eea8-11ee-af56-a6cd0eba30f1.jpg", "bboxes": [0.963204134366925, 0.06661498708010338, 1.0, 1.0], "class": 1}