{"image": "8a0475a6-eea8-11ee-af56-a6cd0eba30f1.jpg", "bboxes": [0.042067183462532354, 0.0, 0.8456847545219639, 0.8162273901808785], "class": 1}