{"image": "8a5637b0-eea8-11ee-af56-a6cd0eba30f1.jpg", "bboxes": [0.0, 0.25447028423772616, 0.1720413436692507, 1.0], "class": 1}