{"image": "8a5637b0-eea8-11ee-af56-a6cd0eba30f1.jpg", "bboxes": [0.0, 0.32335917312661505, 0.6560206718346255, 1.0], "class": 1}