{"image": "8a5637b0-eea8-11ee-af56-a6cd0eba30f1.jpg", "bboxes": [0.5035142118863049, 0.29447028423772614, 1.0, 1.0], "class": 1}