{"image": "8a5637b0-eea8-11ee-af56-a6cd0eba30f1.jpg", "bboxes": [0.27509043927648563, 0.24113695090439283, 1.0, 1.0], "class": 1}