{"image": "8a5637b0-eea8-11ee-af56-a6cd0eba30f1.jpg", "bboxes": [0.09286821705426342, 0.0, 0.8964857881136952, 1.0], "class": 1}