{"image": "8a5637b0-eea8-11ee-af56-a6cd0eba30f1.jpg", "bboxes": [0.3168475452196382, 0.0, 1.0, 0.6410852713178294], "class": 1}