{"image": "8a5637b0-eea8-11ee-af56-a6cd0eba30f1.jpg", "bboxes": [0.6479586563307493, 0.13224806201550393, 1.0, 1.0], "class": 1}