{"image": "8a5637b0-eea8-11ee-af56-a6cd0eba30f1.jpg", "bboxes": [0.5595348837209301, 0.2389147286821706, 1.0, 1.0], "class": 1}