{"image": "8a5637b0-eea8-11ee-af56-a6cd0eba30f1.jpg", "bboxes": [0.65953488372093, 0.15224806201550392, 1.0, 1.0], "class": 1}