{"image": "8a5637b0-eea8-11ee-af56-a6cd0eba30f1.jpg", "bboxes": [0.0, 0.0, 0.60046511627907, 0.7810852713178293], "class": 1}