{"image": "8a5637b0-eea8-11ee-af56-a6cd0eba30f1.jpg", "bboxes": [0.6573126614987078, 0.0, 1.0, 0.7010852713178294], "class": 1}