{"image": "8a5637b0-eea8-11ee-af56-a6cd0eba30f1.jpg", "bboxes": [0.6701808785529715, 0.3989147286821706, 1.0, 1.0], "class": 1}