{"image": "8a5637b0-eea8-11ee-af56-a6cd0eba30f1.jpg", "bboxes": [0.22842377260981897, 0.06335917312661504, 1.0, 1.0], "class": 1}