{"image": "8a5637b0-eea8-11ee-af56-a6cd0eba30f1.jpg", "bboxes": [0.22573643410852706, 0.0, 1.0, 0.8099741602067183], "class": 1}