{"image": "8a5637b0-eea8-11ee-af56-a6cd0eba30f1.jpg", "bboxes": [0.0, 0.2611369509043928, 0.26981912144702846, 1.0], "class": 1}