{"image": "8a5637b0-eea8-11ee-af56-a6cd0eba30f1.jpg", "bboxes": [0.0, 0.12558139534883728, 0.0404651162790699, 1.0], "class": 1}