{"image": "8a5637b0-eea8-11ee-af56-a6cd0eba30f1.jpg", "bboxes": [0.43509043927648566, 0.056692506459948375, 1.0, 1.0], "class": 1}