{"image": "8a5637b0-eea8-11ee-af56-a6cd0eba30f1.jpg", "bboxes": [0.0, 0.04878552971576233, 0.5293540051679588, 1.0], "class": 1}