{"image": "8a5637b0-eea8-11ee-af56-a6cd0eba30f1.jpg", "bboxes": [0.2901808785529716, 0.0, 1.0, 0.996640826873385], "class": 1}