{"image": "8a5637b0-eea8-11ee-af56-a6cd0eba30f1.jpg", "bboxes": [0.4106459948320412, 0.0, 1.0, 0.9721963824289405], "class": 1}