{"image": "8a5637b0-eea8-11ee-af56-a6cd0eba30f1.jpg", "bboxes": [0.0, 0.03669250645994838, 0.4231524547803618, 1.0], "class": 1}