{"image": "8a5637b0-eea8-11ee-af56-a6cd0eba30f1.jpg", "bboxes": [0.6862015503875968, 0.0, 1.0, 0.8033074935400516], "class": 1}