{"image": "8a5637b0-eea8-11ee-af56-a6cd0eba30f1.jpg", "bboxes": [0.0, 0.3589147286821706, 0.7009302325581396, 1.0], "class": 1}