{"image": "8a5637b0-eea8-11ee-af56-a6cd0eba30f1.jpg", "bboxes": [0.7768475452196382, 0.21447028423772616, 1.0, 1.0], "class": 1}