{"image": "8a5637b0-eea8-11ee-af56-a6cd0eba30f1.jpg", "bboxes": [0.554625322997416, 0.2744702842377262, 1.0, 1.0], "class": 1}