{"image": "8a5637b0-eea8-11ee-af56-a6cd0eba30f1.jpg", "bboxes": [0.010180878552971562, 0.0, 0.8137984496124032, 1.0], "class": 1}