{"image": "8a5637b0-eea8-11ee-af56-a6cd0eba30f1.jpg", "bboxes": [0.0, 0.03100775193798455, 0.7564857881136952, 1.0], "class": 1}