{"image": "8a5637b0-eea8-11ee-af56-a6cd0eba30f1.jpg", "bboxes": [0.7212919896640826, 0.053229974160206694, 1.0, 1.0], "class": 1}