{"image": "8a5637b0-eea8-11ee-af56-a6cd0eba30f1.jpg", "bboxes": [0.20397932816537453, 0.0, 1.0, 0.936640826873385], "class": 1}