{"image": "8a5637b0-eea8-11ee-af56-a6cd0eba30f1.jpg", "bboxes": [0.0, 0.0, 0.6587080103359173, 0.9089922480620155], "class": 1}