{"image": "8a5637b0-eea8-11ee-af56-a6cd0eba30f1.jpg", "bboxes": [0.3528682170542634, 0.0, 1.0, 0.7077519379844961], "class": 1}