{"image": "8a5637b0-eea8-11ee-af56-a6cd0eba30f1.jpg", "bboxes": [0.548423772609819, 0.34558139534883725, 1.0, 1.0], "class": 1}