{"image": "8a5637b0-eea8-11ee-af56-a6cd0eba30f1.jpg", "bboxes": [0.7084237726098189, 0.14113695090439282, 1.0, 1.0], "class": 1}