{"image": "8a5637b0-eea8-11ee-af56-a6cd0eba30f1.jpg", "bboxes": [0.3217571059431523, 0.0, 1.0, 0.7144186046511627], "class": 1}