{"image": "8a5637b0-eea8-11ee-af56-a6cd0eba30f1.jpg", "bboxes": [0.48842377260981895, 0.24335917312661504, 1.0, 1.0], "class": 1}