{"image": "8a5637b0-eea8-11ee-af56-a6cd0eba30f1.jpg", "bboxes": [0.9368475452196382, 0.0, 1.0, 0.9423255813953488], "class": 1}