{"image": "8a5637b0-eea8-11ee-af56-a6cd0eba30f1.jpg", "bboxes": [0.49731266149870784, 0.0, 1.0, 0.5988630490956072], "class": 1}