{"image": "f5d5cdac-eea8-11ee-af56-a6cd0eba30f1.jpg", "bboxes": [0.4811369509043926, 0.0, 1.0, 0.753953488372093], "class": 1}