{"image": "f5d5cdac-eea8-11ee-af56-a6cd0eba30f1.jpg", "bboxes": [0.6633591731266149, 0.0, 1.0, 0.8072868217054263], "class": 1}