{"image": "f5d5cdac-eea8-11ee-af56-a6cd0eba30f1.jpg", "bboxes": [0.0, 0.06382428940568484, 0.21219638242894068, 1.0], "class": 1}