{"image": "f5d5cdac-eea8-11ee-af56-a6cd0eba30f1.jpg", "bboxes": [0.7184496124031006, 0.0, 1.0, 0.8761757105943152], "class": 1}