{"image": "f5d5cdac-eea8-11ee-af56-a6cd0eba30f1.jpg", "bboxes": [0.21447028423772596, 0.0, 1.0, 0.7206201550387596], "class": 1}