{"image": "f5d5cdac-eea8-11ee-af56-a6cd0eba30f1.jpg", "bboxes": [0.0, 0.15937984496124039, 0.2548837209302327, 1.0], "class": 1}