{"image": "f5d5cdac-eea8-11ee-af56-a6cd0eba30f1.jpg", "bboxes": [0.0006718346253228313, 0.0, 0.8766408268733852, 0.7895090439276485], "class": 1}