{"image": "f5d5cdac-eea8-11ee-af56-a6cd0eba30f1.jpg", "bboxes": [0.0, 0.08165374677002568, 0.7166408268733852, 1.0], "class": 1}