{"image": "f5d5cdac-eea8-11ee-af56-a6cd0eba30f1.jpg", "bboxes": [0.5233591731266148, 0.010542635658914556, 1.0, 1.0], "class": 1}