{"image": "f5d5cdac-eea8-11ee-af56-a6cd0eba30f1.jpg", "bboxes": [0.6478036175710593, 0.03498708010335905, 1.0, 1.0], "class": 1}