{"image": "f5d5cdac-eea8-11ee-af56-a6cd0eba30f1.jpg", "bboxes": [0.0011369509043926327, 0.0, 0.8771059431524549, 0.8716795865633076], "class": 1}