{"image": "f5d5cdac-eea8-11ee-af56-a6cd0eba30f1.jpg", "bboxes": [0.05178294573643394, 0.0, 0.9277519379844963, 0.9072351421188631], "class": 1}