{"image": "f5d5cdac-eea8-11ee-af56-a6cd0eba30f1.jpg", "bboxes": [0.06511627906976725, 0.0, 0.9410852713178296, 0.9828423772609818], "class": 1}