{"image": "f5d5cdac-eea8-11ee-af56-a6cd0eba30f1.jpg", "bboxes": [0.8144702842377259, 0.0, 1.0, 0.9472351421188632], "class": 1}