{"image": "f5d5cdac-eea8-11ee-af56-a6cd0eba30f1.jpg", "bboxes": [0.5633591731266149, 0.0, 1.0, 0.9161757105943151], "class": 1}