{"image": "f5d5cdac-eea8-11ee-af56-a6cd0eba30f1.jpg", "bboxes": [0.7766925064599481, 0.0, 1.0, 0.9406201550387596], "class": 1}