{"image": "f5d5cdac-eea8-11ee-af56-a6cd0eba30f1.jpg", "bboxes": [0.9340051679586562, 0.008268733850129276, 1.0, 1.0], "class": 1}