{"image": "f5d5cdac-eea8-11ee-af56-a6cd0eba30f1.jpg", "bboxes": [0.751782945736434, 0.0, 1.0, 0.8806201550387596], "class": 1}