{"image": "f5d5cdac-eea8-11ee-af56-a6cd0eba30f1.jpg", "bboxes": [0.03178294573643392, 0.0572093023255813, 0.9077519379844963, 1.0], "class": 1}