{"image": "f5d5cdac-eea8-11ee-af56-a6cd0eba30f1.jpg", "bboxes": [0.691782945736434, 0.0, 1.0, 0.8628423772609819], "class": 1}