{"image": "f5d5cdac-eea8-11ee-af56-a6cd0eba30f1.jpg", "bboxes": [0.8584496124031006, 0.019431524547803503, 1.0, 1.0], "class": 1}