{"image": "f5d5cdac-eea8-11ee-af56-a6cd0eba30f1.jpg", "bboxes": [0.44558139534883706, 0.0, 1.0, 0.9917312661498707], "class": 1}