{"image": "f5d5cdac-eea8-11ee-af56-a6cd0eba30f1.jpg", "bboxes": [0.0, 0.10609819121447017, 0.7371059431524549, 1.0], "class": 1}