{"image": "f5d5cdac-eea8-11ee-af56-a6cd0eba30f1.jpg", "bboxes": [0.27400516795865615, 0.31271317829457373, 1.0, 1.0], "class": 1}