{"image": "f5d5cdac-eea8-11ee-af56-a6cd0eba30f1.jpg", "bboxes": [0.0, 0.22160206718346262, 0.8699741602067185, 1.0], "class": 1}