{"image": "f5d5cdac-eea8-11ee-af56-a6cd0eba30f1.jpg", "bboxes": [0.0, 0.2704909560723515, 0.017105943152454933, 1.0], "class": 1}