{"image": "f5d5cdac-eea8-11ee-af56-a6cd0eba30f1.jpg", "bboxes": [0.845581395348837, 0.0, 1.0, 0.9739018087855298], "class": 1}