{"image": "f5d5cdac-eea8-11ee-af56-a6cd0eba30f1.jpg", "bboxes": [0.04335917312661486, 0.0, 0.9193281653746772, 1.0], "class": 1}