{"image": "f5d5cdac-eea8-11ee-af56-a6cd0eba30f1.jpg", "bboxes": [0.9051162790697673, 0.3216020671834626, 1.0, 1.0], "class": 1}