{"image": "f5d5cdac-eea8-11ee-af56-a6cd0eba30f1.jpg", "bboxes": [0.0, 0.06160206718346261, 0.468217054263566, 1.0], "class": 1}