{"image": "f5d5cdac-eea8-11ee-af56-a6cd0eba30f1.jpg", "bboxes": [0.0, 0.0, 0.7721963824289407, 0.9650645994832041], "class": 1}