{"image": "f5d5cdac-eea8-11ee-af56-a6cd0eba30f1.jpg", "bboxes": [0.0, 0.24826873385012926, 0.20552971576227408, 1.0], "class": 1}