{"image": "f5d5cdac-eea8-11ee-af56-a6cd0eba30f1.jpg", "bboxes": [0.0, 0.15271317829457373, 0.45043927648578824, 1.0], "class": 1}