{"image": "f5d5cdac-eea8-11ee-af56-a6cd0eba30f1.jpg", "bboxes": [0.874470284237726, 0.20604651162790705, 1.0, 1.0], "class": 1}