{"image": "f5d5cdac-eea8-11ee-af56-a6cd0eba30f1.jpg", "bboxes": [0.8273385012919895, 0.1393798449612404, 1.0, 1.0], "class": 1}