{"image": "f6cdb4ae-eea8-11ee-af56-a6cd0eba30f1.jpg", "bboxes": [0.0, 0.4777777777777779, 0.5631524547803618, 1.0], "class": 1}