{"image": "f6cdb4ae-eea8-11ee-af56-a6cd0eba30f1.jpg", "bboxes": [0.6035142118863048, 0.2955555555555557, 1.0, 1.0], "class": 1}