{"image": "f6cdb4ae-eea8-11ee-af56-a6cd0eba30f1.jpg", "bboxes": [0.0, 0.020000000000000125, 0.04981912144702849, 1.0], "class": 1}