{"image": "f6cdb4ae-eea8-11ee-af56-a6cd0eba30f1.jpg", "bboxes": [0.7590697674418604, 0.4400000000000001, 1.0, 1.0], "class": 1}