{"image": "f6cdb4ae-eea8-11ee-af56-a6cd0eba30f1.jpg", "bboxes": [0.31906976744186044, 0.00098191214470289, 1.0, 1.0], "class": 1}