{"image": "f6cdb4ae-eea8-11ee-af56-a6cd0eba30f1.jpg", "bboxes": [0.3168475452196382, 0.5044444444444446, 1.0, 1.0], "class": 1}