{"image": "f6cdb4ae-eea8-11ee-af56-a6cd0eba30f1.jpg", "bboxes": [0.0, 0.5044444444444446, 0.9387080103359173, 1.0], "class": 1}