{"image": "f6cdb4ae-eea8-11ee-af56-a6cd0eba30f1.jpg", "bboxes": [0.0, 0.5222222222222224, 0.6765374677002587, 1.0], "class": 1}