{"image": "f6cdb4ae-eea8-11ee-af56-a6cd0eba30f1.jpg", "bboxes": [0.8568475452196382, 0.0, 1.0, 0.9866666666666666], "class": 1}