{"image": "f6cdb4ae-eea8-11ee-af56-a6cd0eba30f1.jpg", "bboxes": [0.0, 0.0, 0.3787080103359174, 0.9266666666666665], "class": 1}