{"image": "f6cdb4ae-eea8-11ee-af56-a6cd0eba30f1.jpg", "bboxes": [0.13240310077519377, 0.05111111111111124, 1.0, 1.0], "class": 1}