{"image": "f6cdb4ae-eea8-11ee-af56-a6cd0eba30f1.jpg", "bboxes": [0.5279586563307493, 0.0, 1.0, 0.6066666666666665], "class": 1}