{"image": "f6cdb4ae-eea8-11ee-af56-a6cd0eba30f1.jpg", "bboxes": [0.0, 0.5022222222222223, 0.4120413436692507, 1.0], "class": 1}