{"image": "f6cdb4ae-eea8-11ee-af56-a6cd0eba30f1.jpg", "bboxes": [0.3479586563307493, 0.0, 1.0, 0.9333333333333332], "class": 1}