{"image": "f6cdb4ae-eea8-11ee-af56-a6cd0eba30f1.jpg", "bboxes": [0.974625322997416, 0.0, 1.0, 0.6222222222222221], "class": 1}