{"image": "f6cdb4ae-eea8-11ee-af56-a6cd0eba30f1.jpg", "bboxes": [0.17457364341085246, 0.0, 1.0, 0.8933333333333332], "class": 1}