{"image": "f6cdb4ae-eea8-11ee-af56-a6cd0eba30f1.jpg", "bboxes": [0.6168475452196382, 0.5066666666666668, 1.0, 1.0], "class": 1}