{"image": "f6cdb4ae-eea8-11ee-af56-a6cd0eba30f1.jpg", "bboxes": [0.3590697674418604, 0.22222222222222235, 1.0, 1.0], "class": 1}