{"image": "f6cdb4ae-eea8-11ee-af56-a6cd0eba30f1.jpg", "bboxes": [0.0, 0.20000000000000012, 0.33204134366925064, 1.0], "class": 1}