{"image": "f6cdb4ae-eea8-11ee-af56-a6cd0eba30f1.jpg", "bboxes": [0.0, 0.43333333333333346, 0.9498191214470285, 1.0], "class": 1}