{"image": "f6cdb4ae-eea8-11ee-af56-a6cd0eba30f1.jpg", "bboxes": [0.0, 0.4066666666666668, 0.17870801033591732, 1.0], "class": 1}