{"image": "f6cdb4ae-eea8-11ee-af56-a6cd0eba30f1.jpg", "bboxes": [0.0, 0.328888888888889, 0.1009302325581396, 1.0], "class": 1}