{"image": "f6cdb4ae-eea8-11ee-af56-a6cd0eba30f1.jpg", "bboxes": [0.0, 0.09555555555555569, 0.8743152454780364, 1.0], "class": 1}