{"image": "f6cdb4ae-eea8-11ee-af56-a6cd0eba30f1.jpg", "bboxes": [0.3545736434108524, 0.0, 1.0, 0.8866666666666665], "class": 1}