{"image": "f6cdb4ae-eea8-11ee-af56-a6cd0eba30f1.jpg", "bboxes": [0.6546253229974159, 0.0, 1.0, 0.642222222222222], "class": 1}