{"image": "f6cdb4ae-eea8-11ee-af56-a6cd0eba30f1.jpg", "bboxes": [0.11018087855297154, 0.4911111111111112, 1.0, 1.0], "class": 1}