{"image": "f6cdb4ae-eea8-11ee-af56-a6cd0eba30f1.jpg", "bboxes": [0.24573643410852708, 0.0, 1.0, 0.8599999999999999], "class": 1}