{"image": "f6cdb4ae-eea8-11ee-af56-a6cd0eba30f1.jpg", "bboxes": [0.0, 0.28444444444444456, 0.3542635658914729, 1.0], "class": 1}