{"image": "f7cc20e8-eea8-11ee-af56-a6cd0eba30f1.jpg", "bboxes": [0.4404651162790697, 0.0, 1.0, 0.7305426356589148], "class": 1}