{"image": "f7cc20e8-eea8-11ee-af56-a6cd0eba30f1.jpg", "bboxes": [0.0, 0.2716795865633075, 0.47989664082687367, 1.0], "class": 1}