{"image": "f7cc20e8-eea8-11ee-af56-a6cd0eba30f1.jpg", "bboxes": [0.0, 0.0, 0.17953488372093035, 0.6016537467700258], "class": 1}