{"image": "f7cc20e8-eea8-11ee-af56-a6cd0eba30f1.jpg", "bboxes": [0.0, 0.06997416020671832, 0.8195348837209303, 1.0], "class": 1}