{"image": "f7cc20e8-eea8-11ee-af56-a6cd0eba30f1.jpg", "bboxes": [0.0, 0.02056847545219638, 0.5398966408268737, 1.0], "class": 1}