{"image": "f7cc20e8-eea8-11ee-af56-a6cd0eba30f1.jpg", "bboxes": [0.49602067183462517, 0.05664082687338501, 1.0, 1.0], "class": 1}