{"image": "f7cc20e8-eea8-11ee-af56-a6cd0eba30f1.jpg", "bboxes": [0.0, 0.21390180878552972, 0.6039793281653748, 1.0], "class": 1}