{"image": "f7cc20e8-eea8-11ee-af56-a6cd0eba30f1.jpg", "bboxes": [0.8960206718346252, 0.18501291989664082, 1.0, 1.0], "class": 1}