{"image": "f7cc20e8-eea8-11ee-af56-a6cd0eba30f1.jpg", "bboxes": [0.47121447028423746, 0.08056847545219638, 1.0, 1.0], "class": 1}