{"image": "f7cc20e8-eea8-11ee-af56-a6cd0eba30f1.jpg", "bboxes": [0.0, 0.33834625322997414, 0.2043410852713181, 1.0], "class": 1}