{"image": "f7cc20e8-eea8-11ee-af56-a6cd0eba30f1.jpg", "bboxes": [0.12454780361757078, 0.32945736434108525, 0.9617571059431526, 1.0], "class": 1}