{"image": "f7cc20e8-eea8-11ee-af56-a6cd0eba30f1.jpg", "bboxes": [0.2734366925064597, 0.041085271317829464, 1.0, 1.0], "class": 1}