{"image": "f7cc20e8-eea8-11ee-af56-a6cd0eba30f1.jpg", "bboxes": [0.7801033591731263, 0.0, 1.0, 0.8794315245478036], "class": 1}