{"image": "f7cc20e8-eea8-11ee-af56-a6cd0eba30f1.jpg", "bboxes": [0.0, 0.08330749354005174, 0.4176744186046515, 1.0], "class": 1}