{"image": "f7cc20e8-eea8-11ee-af56-a6cd0eba30f1.jpg", "bboxes": [0.0, 0.06108527131782948, 0.6995348837209303, 1.0], "class": 1}