{"image": "f7cc20e8-eea8-11ee-af56-a6cd0eba30f1.jpg", "bboxes": [0.5715762273901808, 0.0, 1.0, 0.7349870801033591], "class": 1}