{"image": "f7cc20e8-eea8-11ee-af56-a6cd0eba30f1.jpg", "bboxes": [0.0, 0.10723514211886305, 0.2750904392764859, 1.0], "class": 1}