{"image": "f7cc20e8-eea8-11ee-af56-a6cd0eba30f1.jpg", "bboxes": [0.0, 0.21834625322997417, 0.7306459948320414, 1.0], "class": 1}