{"image": "f7cc20e8-eea8-11ee-af56-a6cd0eba30f1.jpg", "bboxes": [0.6534366925064596, 0.014418604651162847, 1.0, 1.0], "class": 1}