{"image": "f7cc20e8-eea8-11ee-af56-a6cd0eba30f1.jpg", "bboxes": [0.9178811369509041, 0.26501291989664083, 1.0, 1.0], "class": 1}