{"image": "f7cc20e8-eea8-11ee-af56-a6cd0eba30f1.jpg", "bboxes": [0.5493540051679586, 0.04552971576227394, 1.0, 1.0], "class": 1}