{"image": "f7cc20e8-eea8-11ee-af56-a6cd0eba30f1.jpg", "bboxes": [0.5356589147286819, 0.0810852713178295, 1.0, 1.0], "class": 1}