{"image": "f7cc20e8-eea8-11ee-af56-a6cd0eba30f1.jpg", "bboxes": [0.0, 0.022790697674418603, 0.46656330749354036, 1.0], "class": 1}