{"image": "f7cc20e8-eea8-11ee-af56-a6cd0eba30f1.jpg", "bboxes": [0.073798449612403, 0.35390180878552974, 0.9110077519379848, 1.0], "class": 1}