{"image": "f7cc20e8-eea8-11ee-af56-a6cd0eba30f1.jpg", "bboxes": [0.0, 0.038346253229974155, 0.8065633074935403, 1.0], "class": 1}