{"image": "f7cc20e8-eea8-11ee-af56-a6cd0eba30f1.jpg", "bboxes": [0.1115762273901808, 0.0, 0.9487855297157626, 1.0], "class": 1}